global_instance_id,planning_horizon,item_count,work_center_count
CATTRYSSE1990::CAT-SET1-50x8::TEST1,8,50,1
CATTRYSSE1990::CAT-SET1-50x8::TEST10,8,50,1
CATTRYSSE1990::CAT-SET1-50x8::TEST11,8,50,1
CATTRYSSE1990::CAT-SET1-50x8::TEST12,8,50,1
CATTRYSSE1990::CAT-SET1-50x8::TEST13,8,50,1
CATTRYSSE1990::CAT-SET1-50x8::TEST14,8,50,1
CATTRYSSE1990::CAT-SET1-50x8::TEST15,8,50,1
CATTRYSSE1990::CAT-SET1-50x8::TEST16,8,50,1
CATTRYSSE1990::CAT-SET1-50x8::TEST17,8,50,1
CATTRYSSE1990::CAT-SET1-50x8::TEST18,8,50,1
CATTRYSSE1990::CAT-SET1-50x8::TEST19,8,50,1
CATTRYSSE1990::CAT-SET1-50x8::TEST2,8,50,1
CATTRYSSE1990::CAT-SET1-50x8::TEST20,8,50,1
CATTRYSSE1990::CAT-SET1-50x8::TEST21,8,50,1
CATTRYSSE1990::CAT-SET1-50x8::TEST22,8,50,1
CATTRYSSE1990::CAT-SET1-50x8::TEST23,8,50,1
CATTRYSSE1990::CAT-SET1-50x8::TEST24,8,50,1
CATTRYSSE1990::CAT-SET1-50x8::TEST25,8,50,1
CATTRYSSE1990::CAT-SET1-50x8::TEST26,8,50,1
CATTRYSSE1990::CAT-SET1-50x8::TEST27,8,50,1
CATTRYSSE1990::CAT-SET1-50x8::TEST28,8,50,1
CATTRYSSE1990::CAT-SET1-50x8::TEST29,8,50,1
CATTRYSSE1990::CAT-SET1-50x8::TEST3,8,50,1
CATTRYSSE1990::CAT-SET1-50x8::TEST30,8,50,1
CATTRYSSE1990::CAT-SET1-50x8::TEST31,8,50,1
CATTRYSSE1990::CAT-SET1-50x8::TEST32,8,50,1
CATTRYSSE1990::CAT-SET1-50x8::TEST33,8,50,1
CATTRYSSE1990::CAT-SET1-50x8::TEST34,8,50,1
CATTRYSSE1990::CAT-SET1-50x8::TEST35,8,50,1
CATTRYSSE1990::CAT-SET1-50x8::TEST36,8,50,1
CATTRYSSE1990::CAT-SET1-50x8::TEST37,8,50,1
CATTRYSSE1990::CAT-SET1-50x8::TEST38,8,50,1
CATTRYSSE1990::CAT-SET1-50x8::TEST39,8,50,1
CATTRYSSE1990::CAT-SET1-50x8::TEST4,8,50,1
CATTRYSSE1990::CAT-SET1-50x8::TEST40,8,50,1
CATTRYSSE1990::CAT-SET1-50x8::TEST5,8,50,1
CATTRYSSE1990::CAT-SET1-50x8::TEST6,8,50,1
CATTRYSSE1990::CAT-SET1-50x8::TEST7,8,50,1
CATTRYSSE1990::CAT-SET1-50x8::TEST8,8,50,1
CATTRYSSE1990::CAT-SET1-50x8::TEST9,8,50,1
CATTRYSSE1990::CAT-SET2-20x20::TEST41,20,20,1
CATTRYSSE1990::CAT-SET2-20x20::TEST42,20,20,1
CATTRYSSE1990::CAT-SET2-20x20::TEST43,20,20,1
CATTRYSSE1990::CAT-SET2-20x20::TEST44,20,20,1
CATTRYSSE1990::CAT-SET2-20x20::TEST45,20,20,1
CATTRYSSE1990::CAT-SET2-20x20::TEST46,20,20,1
CATTRYSSE1990::CAT-SET2-20x20::TEST47,20,20,1
CATTRYSSE1990::CAT-SET2-20x20::TEST48,20,20,1
CATTRYSSE1990::CAT-SET2-20x20::TEST49,20,20,1
CATTRYSSE1990::CAT-SET2-20x20::TEST50,20,20,1
CATTRYSSE1990::CAT-SET2-20x20::TEST51,20,20,1
CATTRYSSE1990::CAT-SET2-20x20::TEST52,20,20,1
CATTRYSSE1990::CAT-SET2-20x20::TEST53,20,20,1
CATTRYSSE1990::CAT-SET2-20x20::TEST54,20,20,1
CATTRYSSE1990::CAT-SET2-20x20::TEST55,20,20,1
CATTRYSSE1990::CAT-SET2-20x20::TEST56,20,20,1
CATTRYSSE1990::CAT-SET2-20x20::TEST57,20,20,1
CATTRYSSE1990::CAT-SET2-20x20::TEST58,20,20,1
CATTRYSSE1990::CAT-SET2-20x20::TEST59,20,20,1
CATTRYSSE1990::CAT-SET2-20x20::TEST60,20,20,1
CATTRYSSE1990::CAT-SET2-20x20::TEST61,20,20,1
CATTRYSSE1990::CAT-SET2-20x20::TEST62,20,20,1
CATTRYSSE1990::CAT-SET2-20x20::TEST63,20,20,1
CATTRYSSE1990::CAT-SET2-20x20::TEST64,20,20,1
CATTRYSSE1990::CAT-SET2-20x20::TEST65,20,20,1
CATTRYSSE1990::CAT-SET2-20x20::TEST66,20,20,1
CATTRYSSE1990::CAT-SET2-20x20::TEST67,20,20,1
CATTRYSSE1990::CAT-SET2-20x20::TEST68,20,20,1
CATTRYSSE1990::CAT-SET2-20x20::TEST69,20,20,1
CATTRYSSE1990::CAT-SET2-20x20::TEST70,20,20,1
CATTRYSSE1990::CAT-SET2-20x20::TEST71,20,20,1
CATTRYSSE1990::CAT-SET2-20x20::TEST72,20,20,1
CATTRYSSE1990::CAT-SET2-20x20::TEST73,20,20,1
CATTRYSSE1990::CAT-SET2-20x20::TEST74,20,20,1
CATTRYSSE1990::CAT-SET2-20x20::TEST75,20,20,1
CATTRYSSE1990::CAT-SET2-20x20::TEST76,20,20,1
CATTRYSSE1990::CAT-SET2-20x20::TEST77,20,20,1
CATTRYSSE1990::CAT-SET2-20x20::TEST78,20,20,1
CATTRYSSE1990::CAT-SET2-20x20::TEST79,20,20,1
CATTRYSSE1990::CAT-SET2-20x20::TEST80,20,20,1
CATTRYSSE1990::CAT-SET3-8x50::TEST100,50,8,1
CATTRYSSE1990::CAT-SET3-8x50::TEST101,50,8,1
CATTRYSSE1990::CAT-SET3-8x50::TEST102,50,8,1
CATTRYSSE1990::CAT-SET3-8x50::TEST103,50,8,1
CATTRYSSE1990::CAT-SET3-8x50::TEST104,50,8,1
CATTRYSSE1990::CAT-SET3-8x50::TEST105,50,8,1
CATTRYSSE1990::CAT-SET3-8x50::TEST106,50,8,1
CATTRYSSE1990::CAT-SET3-8x50::TEST107,50,8,1
CATTRYSSE1990::CAT-SET3-8x50::TEST108,50,8,1
CATTRYSSE1990::CAT-SET3-8x50::TEST109,50,8,1
CATTRYSSE1990::CAT-SET3-8x50::TEST110,50,8,1
CATTRYSSE1990::CAT-SET3-8x50::TEST111,50,8,1
CATTRYSSE1990::CAT-SET3-8x50::TEST112,50,8,1
CATTRYSSE1990::CAT-SET3-8x50::TEST113,50,8,1
CATTRYSSE1990::CAT-SET3-8x50::TEST114,50,8,1
CATTRYSSE1990::CAT-SET3-8x50::TEST115,50,8,1
CATTRYSSE1990::CAT-SET3-8x50::TEST116,50,8,1
CATTRYSSE1990::CAT-SET3-8x50::TEST117,50,8,1
CATTRYSSE1990::CAT-SET3-8x50::TEST118,50,8,1
CATTRYSSE1990::CAT-SET3-8x50::TEST119,50,8,1
CATTRYSSE1990::CAT-SET3-8x50::TEST120,50,8,1
CATTRYSSE1990::CAT-SET3-8x50::TEST81,50,8,1
CATTRYSSE1990::CAT-SET3-8x50::TEST82,50,8,1
CATTRYSSE1990::CAT-SET3-8x50::TEST83,50,8,1
CATTRYSSE1990::CAT-SET3-8x50::TEST84,50,8,1
CATTRYSSE1990::CAT-SET3-8x50::TEST85,50,8,1
CATTRYSSE1990::CAT-SET3-8x50::TEST86,50,8,1
CATTRYSSE1990::CAT-SET3-8x50::TEST87,50,8,1
CATTRYSSE1990::CAT-SET3-8x50::TEST88,50,8,1
CATTRYSSE1990::CAT-SET3-8x50::TEST89,50,8,1
CATTRYSSE1990::CAT-SET3-8x50::TEST90,50,8,1
CATTRYSSE1990::CAT-SET3-8x50::TEST91,50,8,1
CATTRYSSE1990::CAT-SET3-8x50::TEST92,50,8,1
CATTRYSSE1990::CAT-SET3-8x50::TEST93,50,8,1
CATTRYSSE1990::CAT-SET3-8x50::TEST94,50,8,1
CATTRYSSE1990::CAT-SET3-8x50::TEST95,50,8,1
CATTRYSSE1990::CAT-SET3-8x50::TEST96,50,8,1
CATTRYSSE1990::CAT-SET3-8x50::TEST97,50,8,1
CATTRYSSE1990::CAT-SET3-8x50::TEST98,50,8,1
CATTRYSSE1990::CAT-SET3-8x50::TEST99,50,8,1
DJ2000::Phase1::LSDM_DJ2000_MLLP_12_unknown_ph1in01st1de1mh0ms0,12,5,1
DJ2000::Phase1::LSDM_DJ2000_MLLP_12_unknown_ph1in02st2de1mh0ms0,12,5,1
DJ2000::Phase1::LSDM_DJ2000_MLLP_12_unknown_ph1in03st3de1mh0ms0,12,5,1
DJ2000::Phase1::LSDM_DJ2000_MLLP_12_unknown_ph1in04st4de1mh0ms0,12,5,1
DJ2000::Phase1::LSDM_DJ2000_MLLP_12_unknown_ph1in05st1de2mh0ms0,12,5,1
DJ2000::Phase1::LSDM_DJ2000_MLLP_12_unknown_ph1in06st2de2mh0ms0,12,5,1
DJ2000::Phase1::LSDM_DJ2000_MLLP_12_unknown_ph1in07st3de2mh0ms0,12,5,1
DJ2000::Phase1::LSDM_DJ2000_MLLP_12_unknown_ph1in08st4de2mh0ms0,12,5,1
DJ2000::Phase1::LSDM_DJ2000_MLLP_12_unknown_ph1in09st1de3mh0ms0,12,5,1
DJ2000::Phase1::LSDM_DJ2000_MLLP_12_unknown_ph1in10st2de3mh0ms0,12,5,1
DJ2000::Phase1::LSDM_DJ2000_MLLP_12_unknown_ph1in11st3de3mh0ms0,12,5,1
DJ2000::Phase1::LSDM_DJ2000_MLLP_12_unknown_ph1in12st4de3mh0ms0,12,5,1
DJ2000::Phase1::LSDM_DJ2000_MLLP_12_unknown_ph1in13st1de4mh0ms0,12,5,1
DJ2000::Phase1::LSDM_DJ2000_MLLP_12_unknown_ph1in14st2de4mh0ms0,12,5,1
DJ2000::Phase1::LSDM_DJ2000_MLLP_12_unknown_ph1in15st3de4mh0ms0,12,5,1
DJ2000::Phase1::LSDM_DJ2000_MLLP_12_unknown_ph1in16st4de4mh0ms0,12,5,1
DJ2000::Phase1::LSDM_DJ2000_MLLP_12_unknown_ph1in17st1de5mh0ms0,12,5,1
DJ2000::Phase1::LSDM_DJ2000_MLLP_12_unknown_ph1in18st2de5mh0ms0,12,5,1
DJ2000::Phase1::LSDM_DJ2000_MLLP_12_unknown_ph1in19st3de5mh0ms0,12,5,1
DJ2000::Phase1::LSDM_DJ2000_MLLP_12_unknown_ph1in20st4de5mh0ms0,12,5,1
DJ2000::Phase1::LSDM_DJ2000_MLLP_12_unknown_ph1in21st1de6mh0ms0,12,5,1
DJ2000::Phase1::LSDM_DJ2000_MLLP_12_unknown_ph1in22st2de6mh0ms0,12,5,1
DJ2000::Phase1::LSDM_DJ2000_MLLP_12_unknown_ph1in23st3de6mh0ms0,12,5,1
DJ2000::Phase1::LSDM_DJ2000_MLLP_12_unknown_ph1in24st4de6mh0ms0,12,5,1
DJ2000::Phase1::LSDM_DJ2000_MLLP_12_unknown_ph1in25st1de1mh1ms0,12,5,1
DJ2000::Phase1::LSDM_DJ2000_MLLP_12_unknown_ph1in26st2de1mh1ms0,12,5,1
DJ2000::Phase1::LSDM_DJ2000_MLLP_12_unknown_ph1in27st3de1mh1ms0,12,5,1
DJ2000::Phase1::LSDM_DJ2000_MLLP_12_unknown_ph1in28st4de1mh1ms0,12,5,1
DJ2000::Phase1::LSDM_DJ2000_MLLP_12_unknown_ph1in29st1de2mh1ms0,12,5,1
DJ2000::Phase1::LSDM_DJ2000_MLLP_12_unknown_ph1in30st2de2mh1ms0,12,5,1
DJ2000::Phase1::LSDM_DJ2000_MLLP_12_unknown_ph1in31st3de2mh1ms0,12,5,1
DJ2000::Phase1::LSDM_DJ2000_MLLP_12_unknown_ph1in32st4de2mh1ms0,12,5,1
DJ2000::Phase1::LSDM_DJ2000_MLLP_12_unknown_ph1in33st1de3mh1ms0,12,5,1
DJ2000::Phase1::LSDM_DJ2000_MLLP_12_unknown_ph1in34st2de3mh1ms0,12,5,1
DJ2000::Phase1::LSDM_DJ2000_MLLP_12_unknown_ph1in35st3de3mh1ms0,12,5,1
DJ2000::Phase1::LSDM_DJ2000_MLLP_12_unknown_ph1in36st4de3mh1ms0,12,5,1
DJ2000::Phase1::LSDM_DJ2000_MLLP_12_unknown_ph1in37st1de4mh1ms0,12,5,1
DJ2000::Phase1::LSDM_DJ2000_MLLP_12_unknown_ph1in38st2de4mh1ms0,12,5,1
DJ2000::Phase1::LSDM_DJ2000_MLLP_12_unknown_ph1in39st3de4mh1ms0,12,5,1
DJ2000::Phase1::LSDM_DJ2000_MLLP_12_unknown_ph1in40st4de4mh1ms0,12,5,1
DJ2000::Phase1::LSDM_DJ2000_MLLP_12_unknown_ph1in41st1de5mh1ms0,12,5,1
DJ2000::Phase1::LSDM_DJ2000_MLLP_12_unknown_ph1in42st2de5mh1ms0,12,5,1
DJ2000::Phase1::LSDM_DJ2000_MLLP_12_unknown_ph1in43st3de5mh1ms0,12,5,1
DJ2000::Phase1::LSDM_DJ2000_MLLP_12_unknown_ph1in44st4de5mh1ms0,12,5,1
DJ2000::Phase1::LSDM_DJ2000_MLLP_12_unknown_ph1in45st1de6mh1ms0,12,5,1
DJ2000::Phase1::LSDM_DJ2000_MLLP_12_unknown_ph1in46st2de6mh1ms0,12,5,1
DJ2000::Phase1::LSDM_DJ2000_MLLP_12_unknown_ph1in47st3de6mh1ms0,12,5,1
DJ2000::Phase1::LSDM_DJ2000_MLLP_12_unknown_ph1in48st4de6mh1ms0,12,5,1
DJ2000::Phase1::LSDM_DJ2000_MLLP_12_unknown_ph1in49st1de1mh0ms1,12,5,1
DJ2000::Phase1::LSDM_DJ2000_MLLP_12_unknown_ph1in50st2de1mh0ms1,12,5,1
DJ2000::Phase1::LSDM_DJ2000_MLLP_12_unknown_ph1in51st3de1mh0ms1,12,5,1
DJ2000::Phase1::LSDM_DJ2000_MLLP_12_unknown_ph1in52st4de1mh0ms1,12,5,1
DJ2000::Phase1::LSDM_DJ2000_MLLP_12_unknown_ph1in53st1de2mh0ms1,12,5,1
DJ2000::Phase1::LSDM_DJ2000_MLLP_12_unknown_ph1in54st2de2mh0ms1,12,5,1
DJ2000::Phase1::LSDM_DJ2000_MLLP_12_unknown_ph1in55st3de2mh0ms1,12,5,1
DJ2000::Phase1::LSDM_DJ2000_MLLP_12_unknown_ph1in56st4de2mh0ms1,12,5,1
DJ2000::Phase1::LSDM_DJ2000_MLLP_12_unknown_ph1in57st1de3mh0ms1,12,5,1
DJ2000::Phase1::LSDM_DJ2000_MLLP_12_unknown_ph1in58st2de3mh0ms1,12,5,1
DJ2000::Phase1::LSDM_DJ2000_MLLP_12_unknown_ph1in59st3de3mh0ms1,12,5,1
DJ2000::Phase1::LSDM_DJ2000_MLLP_12_unknown_ph1in60st4de3mh0ms1,12,5,1
DJ2000::Phase1::LSDM_DJ2000_MLLP_12_unknown_ph1in61st1de4mh0ms1,12,5,1
DJ2000::Phase1::LSDM_DJ2000_MLLP_12_unknown_ph1in62st2de4mh0ms1,12,5,1
DJ2000::Phase1::LSDM_DJ2000_MLLP_12_unknown_ph1in63st3de4mh0ms1,12,5,1
DJ2000::Phase1::LSDM_DJ2000_MLLP_12_unknown_ph1in64st4de4mh0ms1,12,5,1
DJ2000::Phase1::LSDM_DJ2000_MLLP_12_unknown_ph1in65st1de5mh0ms1,12,5,1
DJ2000::Phase1::LSDM_DJ2000_MLLP_12_unknown_ph1in66st2de5mh0ms1,12,5,1
DJ2000::Phase1::LSDM_DJ2000_MLLP_12_unknown_ph1in67st3de5mh0ms1,12,5,1
DJ2000::Phase1::LSDM_DJ2000_MLLP_12_unknown_ph1in68st4de5mh0ms1,12,5,1
DJ2000::Phase1::LSDM_DJ2000_MLLP_12_unknown_ph1in69st1de6mh0ms1,12,5,1
DJ2000::Phase1::LSDM_DJ2000_MLLP_12_unknown_ph1in70st2de6mh0ms1,12,5,1
DJ2000::Phase1::LSDM_DJ2000_MLLP_12_unknown_ph1in71st3de6mh0ms1,12,5,1
DJ2000::Phase1::LSDM_DJ2000_MLLP_12_unknown_ph1in72st4de6mh0ms1,12,5,1
DJ2000::Phase1::LSDM_DJ2000_MLLP_12_unknown_ph1in73st1de1mh1ms1,12,5,1
DJ2000::Phase1::LSDM_DJ2000_MLLP_12_unknown_ph1in74st2de1mh1ms1,12,5,1
DJ2000::Phase1::LSDM_DJ2000_MLLP_12_unknown_ph1in75st3de1mh1ms1,12,5,1
DJ2000::Phase1::LSDM_DJ2000_MLLP_12_unknown_ph1in76st4de1mh1ms1,12,5,1
DJ2000::Phase1::LSDM_DJ2000_MLLP_12_unknown_ph1in77st1de2mh1ms1,12,5,1
DJ2000::Phase1::LSDM_DJ2000_MLLP_12_unknown_ph1in78st2de2mh1ms1,12,5,1
DJ2000::Phase1::LSDM_DJ2000_MLLP_12_unknown_ph1in79st3de2mh1ms1,12,5,1
DJ2000::Phase1::LSDM_DJ2000_MLLP_12_unknown_ph1in80st4de2mh1ms1,12,5,1
DJ2000::Phase1::LSDM_DJ2000_MLLP_12_unknown_ph1in81st1de3mh1ms1,12,5,1
DJ2000::Phase1::LSDM_DJ2000_MLLP_12_unknown_ph1in82st2de3mh1ms1,12,5,1
DJ2000::Phase1::LSDM_DJ2000_MLLP_12_unknown_ph1in83st3de3mh1ms1,12,5,1
DJ2000::Phase1::LSDM_DJ2000_MLLP_12_unknown_ph1in84st4de3mh1ms1,12,5,1
DJ2000::Phase1::LSDM_DJ2000_MLLP_12_unknown_ph1in85st1de4mh1ms1,12,5,1
DJ2000::Phase1::LSDM_DJ2000_MLLP_12_unknown_ph1in86st2de4mh1ms1,12,5,1
DJ2000::Phase1::LSDM_DJ2000_MLLP_12_unknown_ph1in87st3de4mh1ms1,12,5,1
DJ2000::Phase1::LSDM_DJ2000_MLLP_12_unknown_ph1in88st4de4mh1ms1,12,5,1
DJ2000::Phase1::LSDM_DJ2000_MLLP_12_unknown_ph1in89st1de5mh1ms1,12,5,1
DJ2000::Phase1::LSDM_DJ2000_MLLP_12_unknown_ph1in90st2de5mh1ms1,12,5,1
DJ2000::Phase1::LSDM_DJ2000_MLLP_12_unknown_ph1in91st3de5mh1ms1,12,5,1
DJ2000::Phase1::LSDM_DJ2000_MLLP_12_unknown_ph1in92st4de5mh1ms1,12,5,1
DJ2000::Phase1::LSDM_DJ2000_MLLP_12_unknown_ph1in93st1de6mh1ms1,12,5,1
DJ2000::Phase1::LSDM_DJ2000_MLLP_12_unknown_ph1in94st2de6mh1ms1,12,5,1
DJ2000::Phase1::LSDM_DJ2000_MLLP_12_unknown_ph1in95st3de6mh1ms1,12,5,1
DJ2000::Phase1::LSDM_DJ2000_MLLP_12_unknown_ph1in96st4de6mh1ms1,12,5,1
DJ2000::Phase2::LSDM_DJ2000_MLLP_12_unknown_ph2in01,12,50,1
DJ2000::Phase2::LSDM_DJ2000_MLLP_12_unknown_ph2in02,12,50,1
DJ2000::Phase2::LSDM_DJ2000_MLLP_12_unknown_ph2in03,12,50,1
DJ2000::Phase2::LSDM_DJ2000_MLLP_12_unknown_ph2in04,12,50,1
DJ2000::Phase2::LSDM_DJ2000_MLLP_12_unknown_ph2in05,12,50,1
DJ2000::Phase2::LSDM_DJ2000_MLLP_12_unknown_ph2in11,12,50,1
DJ2000::Phase2::LSDM_DJ2000_MLLP_12_unknown_ph2in12,12,50,1
DJ2000::Phase2::LSDM_DJ2000_MLLP_12_unknown_ph2in13,12,50,1
DJ2000::Phase2::LSDM_DJ2000_MLLP_12_unknown_ph2in14,12,50,1
DJ2000::Phase2::LSDM_DJ2000_MLLP_12_unknown_ph2in15,12,50,1
DJ2000::Phase2::LSDM_DJ2000_MLLP_12_unknown_ph2in21,12,40,1
DJ2000::Phase2::LSDM_DJ2000_MLLP_12_unknown_ph2in22,12,40,1
DJ2000::Phase2::LSDM_DJ2000_MLLP_12_unknown_ph2in23,12,40,1
DJ2000::Phase2::LSDM_DJ2000_MLLP_12_unknown_ph2in24,12,40,1
DJ2000::Phase2::LSDM_DJ2000_MLLP_12_unknown_ph2in25,12,40,1
DJ2000::Phase2::LSDM_DJ2000_MLLP_12_unknown_ph2in31,12,40,1
DJ2000::Phase2::LSDM_DJ2000_MLLP_12_unknown_ph2in32,12,40,1
DJ2000::Phase2::LSDM_DJ2000_MLLP_12_unknown_ph2in33,12,40,1
DJ2000::Phase2::LSDM_DJ2000_MLLP_12_unknown_ph2in34,12,40,1
DJ2000::Phase2::LSDM_DJ2000_MLLP_12_unknown_ph2in35,12,40,1
DJ2000::Phase2::LSDM_DJ2000_MLLP_24_unknown_ph2in06,24,50,1
DJ2000::Phase2::LSDM_DJ2000_MLLP_24_unknown_ph2in07,24,50,1
DJ2000::Phase2::LSDM_DJ2000_MLLP_24_unknown_ph2in08,24,50,1
DJ2000::Phase2::LSDM_DJ2000_MLLP_24_unknown_ph2in09,24,50,1
DJ2000::Phase2::LSDM_DJ2000_MLLP_24_unknown_ph2in10,24,50,1
DJ2000::Phase2::LSDM_DJ2000_MLLP_24_unknown_ph2in16,24,50,1
DJ2000::Phase2::LSDM_DJ2000_MLLP_24_unknown_ph2in17,24,50,1
DJ2000::Phase2::LSDM_DJ2000_MLLP_24_unknown_ph2in18,24,50,1
DJ2000::Phase2::LSDM_DJ2000_MLLP_24_unknown_ph2in19,24,50,1
DJ2000::Phase2::LSDM_DJ2000_MLLP_24_unknown_ph2in20,24,50,1
DJ2000::Phase2::LSDM_DJ2000_MLLP_24_unknown_ph2in26,24,40,1
DJ2000::Phase2::LSDM_DJ2000_MLLP_24_unknown_ph2in27,24,40,1
DJ2000::Phase2::LSDM_DJ2000_MLLP_24_unknown_ph2in28,24,40,1
DJ2000::Phase2::LSDM_DJ2000_MLLP_24_unknown_ph2in29,24,40,1
DJ2000::Phase2::LSDM_DJ2000_MLLP_24_unknown_ph2in30,24,40,1
DJ2000::Phase2::LSDM_DJ2000_MLLP_24_unknown_ph2in36,24,40,1
DJ2000::Phase2::LSDM_DJ2000_MLLP_24_unknown_ph2in37,24,40,1
DJ2000::Phase2::LSDM_DJ2000_MLLP_24_unknown_ph2in38,24,40,1
DJ2000::Phase2::LSDM_DJ2000_MLLP_24_unknown_ph2in39,24,40,1
DJ2000::Phase2::LSDM_DJ2000_MLLP_24_unknown_ph2in40,24,40,1
DJ2000::Phase3::LSDM_DJ2000_MLLP_36_unknown_ph3in01st1de1mh0ms0,36,500,1
DJ2000::Phase3::LSDM_DJ2000_MLLP_36_unknown_ph3in02st1de1mh0ms0,36,500,1
DJ2000::Phase3::LSDM_DJ2000_MLLP_36_unknown_ph3in03st1de1mh0ms0,36,500,1
DJ2000::Phase3::LSDM_DJ2000_MLLP_36_unknown_ph3in04st1de1mh0ms0,36,500,1
DJ2000::Phase3::LSDM_DJ2000_MLLP_36_unknown_ph3in05st1de1mh0ms0,36,500,1
DJ2000::Phase3::LSDM_DJ2000_MLLP_36_unknown_ph3in06st1de1mh0ms0,36,500,1
DJ2000::Phase3::LSDM_DJ2000_MLLP_36_unknown_ph3in07st1de1mh0ms0,36,500,1
DJ2000::Phase3::LSDM_DJ2000_MLLP_36_unknown_ph3in08st1de1mh0ms0,36,500,1
DJ2000::Phase3::LSDM_DJ2000_MLLP_36_unknown_ph3in09st1de1mh0ms0,36,500,1
DJ2000::Phase3::LSDM_DJ2000_MLLP_36_unknown_ph3in10st1de1mh0ms0,36,500,1
DJ2000::Phase3::LSDM_DJ2000_MLLP_36_unknown_ph3in11st1de1mh0ms0,36,500,1
DJ2000::Phase3::LSDM_DJ2000_MLLP_36_unknown_ph3in12st1de1mh0ms0,36,500,1
DJ2000::Phase3::LSDM_DJ2000_MLLP_36_unknown_ph3in13st1de1mh0ms0,36,500,1
DJ2000::Phase3::LSDM_DJ2000_MLLP_36_unknown_ph3in14st1de1mh0ms0,36,500,1
DJ2000::Phase3::LSDM_DJ2000_MLLP_36_unknown_ph3in15st1de1mh0ms0,36,500,1
DJ2000::Phase3::LSDM_DJ2000_MLLP_36_unknown_ph3in16st1de1mh0ms0,36,500,1
DJ2000::Phase3::LSDM_DJ2000_MLLP_36_unknown_ph3in17st1de1mh0ms0,36,500,1
DJ2000::Phase3::LSDM_DJ2000_MLLP_36_unknown_ph3in18st1de1mh0ms0,36,500,1
DJ2000::Phase3::LSDM_DJ2000_MLLP_36_unknown_ph3in19st1de1mh0ms0,36,500,1
DJ2000::Phase3::LSDM_DJ2000_MLLP_36_unknown_ph3in20st1de1mh0ms0,36,500,1
DJ2000::Phase3::LSDM_DJ2000_MLLP_52_unknown_ph3in21st1de1mh0ms0,52,500,1
DJ2000::Phase3::LSDM_DJ2000_MLLP_52_unknown_ph3in22st1de1mh0ms0,52,500,1
DJ2000::Phase3::LSDM_DJ2000_MLLP_52_unknown_ph3in23st1de1mh0ms0,52,500,1
DJ2000::Phase3::LSDM_DJ2000_MLLP_52_unknown_ph3in24st1de1mh0ms0,52,500,1
DJ2000::Phase3::LSDM_DJ2000_MLLP_52_unknown_ph3in25st1de1mh0ms0,52,500,1
DJ2000::Phase3::LSDM_DJ2000_MLLP_52_unknown_ph3in26st1de1mh0ms0,52,500,1
DJ2000::Phase3::LSDM_DJ2000_MLLP_52_unknown_ph3in27st1de1mh0ms0,52,500,1
DJ2000::Phase3::LSDM_DJ2000_MLLP_52_unknown_ph3in28st1de1mh0ms0,52,500,1
DJ2000::Phase3::LSDM_DJ2000_MLLP_52_unknown_ph3in29st1de1mh0ms0,52,500,1
DJ2000::Phase3::LSDM_DJ2000_MLLP_52_unknown_ph3in30st1de1mh0ms0,52,500,1
DJ2000::Phase3::LSDM_DJ2000_MLLP_52_unknown_ph3in31st1de1mh0ms0,52,500,1
DJ2000::Phase3::LSDM_DJ2000_MLLP_52_unknown_ph3in32st1de1mh0ms0,52,500,1
DJ2000::Phase3::LSDM_DJ2000_MLLP_52_unknown_ph3in33st1de1mh0ms0,52,500,1
DJ2000::Phase3::LSDM_DJ2000_MLLP_52_unknown_ph3in34st1de1mh0ms0,52,500,1
DJ2000::Phase3::LSDM_DJ2000_MLLP_52_unknown_ph3in35st1de1mh0ms0,52,500,1
DJ2000::Phase3::LSDM_DJ2000_MLLP_52_unknown_ph3in36st1de1mh0ms0,52,500,1
DJ2000::Phase3::LSDM_DJ2000_MLLP_52_unknown_ph3in37st1de1mh0ms0,52,500,1
DJ2000::Phase3::LSDM_DJ2000_MLLP_52_unknown_ph3in38st1de1mh0ms0,52,500,1
DJ2000::Phase3::LSDM_DJ2000_MLLP_52_unknown_ph3in39st1de1mh0ms0,52,500,1
DJ2000::Phase3::LSDM_DJ2000_MLLP_52_unknown_ph3in40st1de1mh0ms0,52,500,1
STADTLER2003::Aplus::LSDM_STADTLER2003_MLCLSP_24_erratic_G001130,24,10,3
STADTLER2003::Aplus::LSDM_STADTLER2003_MLCLSP_24_erratic_G001140,24,10,3
STADTLER2003::Aplus::LSDM_STADTLER2003_MLCLSP_24_erratic_G001230,24,10,3
STADTLER2003::Aplus::LSDM_STADTLER2003_MLCLSP_24_erratic_G001240,24,10,3
STADTLER2003::Aplus::LSDM_STADTLER2003_MLCLSP_24_erratic_G001330,24,10,3
STADTLER2003::Aplus::LSDM_STADTLER2003_MLCLSP_24_erratic_G001340,24,10,3
STADTLER2003::Aplus::LSDM_STADTLER2003_MLCLSP_24_erratic_G001430,24,10,3
STADTLER2003::Aplus::LSDM_STADTLER2003_MLCLSP_24_erratic_G001440,24,10,3
STADTLER2003::Aplus::LSDM_STADTLER2003_MLCLSP_24_erratic_G001530,24,10,3
STADTLER2003::Aplus::LSDM_STADTLER2003_MLCLSP_24_erratic_G001540,24,10,3
STADTLER2003::Aplus::LSDM_STADTLER2003_MLCLSP_24_erratic_G002130,24,10,3
STADTLER2003::Aplus::LSDM_STADTLER2003_MLCLSP_24_erratic_G002140,24,10,3
STADTLER2003::Aplus::LSDM_STADTLER2003_MLCLSP_24_erratic_G002230,24,10,3
STADTLER2003::Aplus::LSDM_STADTLER2003_MLCLSP_24_erratic_G002240,24,10,3
STADTLER2003::Aplus::LSDM_STADTLER2003_MLCLSP_24_erratic_G002330,24,10,3
STADTLER2003::Aplus::LSDM_STADTLER2003_MLCLSP_24_erratic_G002340,24,10,3
STADTLER2003::Aplus::LSDM_STADTLER2003_MLCLSP_24_erratic_G002430,24,10,3
STADTLER2003::Aplus::LSDM_STADTLER2003_MLCLSP_24_erratic_G002440,24,10,3
STADTLER2003::Aplus::LSDM_STADTLER2003_MLCLSP_24_erratic_G002530,24,10,3
STADTLER2003::Aplus::LSDM_STADTLER2003_MLCLSP_24_erratic_G002540,24,10,3
STADTLER2003::Aplus::LSDM_STADTLER2003_MLCLSP_24_erratic_G501130,24,10,3
STADTLER2003::Aplus::LSDM_STADTLER2003_MLCLSP_24_erratic_G501140,24,10,3
STADTLER2003::Aplus::LSDM_STADTLER2003_MLCLSP_24_erratic_G501230,24,10,3
STADTLER2003::Aplus::LSDM_STADTLER2003_MLCLSP_24_erratic_G501240,24,10,3
STADTLER2003::Aplus::LSDM_STADTLER2003_MLCLSP_24_erratic_G501330,24,10,3
STADTLER2003::Aplus::LSDM_STADTLER2003_MLCLSP_24_erratic_G501340,24,10,3
STADTLER2003::Aplus::LSDM_STADTLER2003_MLCLSP_24_erratic_G501430,24,10,3
STADTLER2003::Aplus::LSDM_STADTLER2003_MLCLSP_24_erratic_G501440,24,10,3
STADTLER2003::Aplus::LSDM_STADTLER2003_MLCLSP_24_erratic_G501530,24,10,3
STADTLER2003::Aplus::LSDM_STADTLER2003_MLCLSP_24_erratic_G501540,24,10,3
STADTLER2003::Aplus::LSDM_STADTLER2003_MLCLSP_24_erratic_G502130,24,10,3
STADTLER2003::Aplus::LSDM_STADTLER2003_MLCLSP_24_erratic_G502140,24,10,3
STADTLER2003::Aplus::LSDM_STADTLER2003_MLCLSP_24_erratic_G502230,24,10,3
STADTLER2003::Aplus::LSDM_STADTLER2003_MLCLSP_24_erratic_G502240,24,10,3
STADTLER2003::Aplus::LSDM_STADTLER2003_MLCLSP_24_erratic_G502330,24,10,3
STADTLER2003::Aplus::LSDM_STADTLER2003_MLCLSP_24_erratic_G502340,24,10,3
STADTLER2003::Aplus::LSDM_STADTLER2003_MLCLSP_24_erratic_G502430,24,10,3
STADTLER2003::Aplus::LSDM_STADTLER2003_MLCLSP_24_erratic_G502440,24,10,3
STADTLER2003::Aplus::LSDM_STADTLER2003_MLCLSP_24_erratic_G502530,24,10,3
STADTLER2003::Aplus::LSDM_STADTLER2003_MLCLSP_24_erratic_G502540,24,10,3
STADTLER2003::Aplus::LSDM_STADTLER2003_MLCLSP_24_erratic_K001130,24,10,3
STADTLER2003::Aplus::LSDM_STADTLER2003_MLCLSP_24_erratic_K001140,24,10,3
STADTLER2003::Aplus::LSDM_STADTLER2003_MLCLSP_24_erratic_K001230,24,10,3
STADTLER2003::Aplus::LSDM_STADTLER2003_MLCLSP_24_erratic_K001240,24,10,3
STADTLER2003::Aplus::LSDM_STADTLER2003_MLCLSP_24_erratic_K001330,24,10,3
STADTLER2003::Aplus::LSDM_STADTLER2003_MLCLSP_24_erratic_K001340,24,10,3
STADTLER2003::Aplus::LSDM_STADTLER2003_MLCLSP_24_erratic_K001430,24,10,3
STADTLER2003::Aplus::LSDM_STADTLER2003_MLCLSP_24_erratic_K001440,24,10,3
STADTLER2003::Aplus::LSDM_STADTLER2003_MLCLSP_24_erratic_K001530,24,10,3
STADTLER2003::Aplus::LSDM_STADTLER2003_MLCLSP_24_erratic_K001540,24,10,3
STADTLER2003::Aplus::LSDM_STADTLER2003_MLCLSP_24_erratic_K002130,24,10,3
STADTLER2003::Aplus::LSDM_STADTLER2003_MLCLSP_24_erratic_K002140,24,10,3
STADTLER2003::Aplus::LSDM_STADTLER2003_MLCLSP_24_erratic_K002230,24,10,3
STADTLER2003::Aplus::LSDM_STADTLER2003_MLCLSP_24_erratic_K002240,24,10,3
STADTLER2003::Aplus::LSDM_STADTLER2003_MLCLSP_24_erratic_K002330,24,10,3
STADTLER2003::Aplus::LSDM_STADTLER2003_MLCLSP_24_erratic_K002340,24,10,3
STADTLER2003::Aplus::LSDM_STADTLER2003_MLCLSP_24_erratic_K002430,24,10,3
STADTLER2003::Aplus::LSDM_STADTLER2003_MLCLSP_24_erratic_K002440,24,10,3
STADTLER2003::Aplus::LSDM_STADTLER2003_MLCLSP_24_erratic_K002530,24,10,3
STADTLER2003::Aplus::LSDM_STADTLER2003_MLCLSP_24_erratic_K002540,24,10,3
STADTLER2003::Aplus::LSDM_STADTLER2003_MLCLSP_24_erratic_K501130,24,10,3
STADTLER2003::Aplus::LSDM_STADTLER2003_MLCLSP_24_erratic_K501140,24,10,3
STADTLER2003::Aplus::LSDM_STADTLER2003_MLCLSP_24_erratic_K501230,24,10,3
STADTLER2003::Aplus::LSDM_STADTLER2003_MLCLSP_24_erratic_K501240,24,10,3
STADTLER2003::Aplus::LSDM_STADTLER2003_MLCLSP_24_erratic_K501330,24,10,3
STADTLER2003::Aplus::LSDM_STADTLER2003_MLCLSP_24_erratic_K501340,24,10,3
STADTLER2003::Aplus::LSDM_STADTLER2003_MLCLSP_24_erratic_K501430,24,10,3
STADTLER2003::Aplus::LSDM_STADTLER2003_MLCLSP_24_erratic_K501440,24,10,3
STADTLER2003::Aplus::LSDM_STADTLER2003_MLCLSP_24_erratic_K501530,24,10,3
STADTLER2003::Aplus::LSDM_STADTLER2003_MLCLSP_24_erratic_K501540,24,10,3
STADTLER2003::Aplus::LSDM_STADTLER2003_MLCLSP_24_erratic_K502130,24,10,3
STADTLER2003::Aplus::LSDM_STADTLER2003_MLCLSP_24_erratic_K502140,24,10,3
STADTLER2003::Aplus::LSDM_STADTLER2003_MLCLSP_24_erratic_K502230,24,10,3
STADTLER2003::Aplus::LSDM_STADTLER2003_MLCLSP_24_erratic_K502240,24,10,3
STADTLER2003::Aplus::LSDM_STADTLER2003_MLCLSP_24_erratic_K502330,24,10,3
STADTLER2003::Aplus::LSDM_STADTLER2003_MLCLSP_24_erratic_K502340,24,10,3
STADTLER2003::Aplus::LSDM_STADTLER2003_MLCLSP_24_erratic_K502430,24,10,3
STADTLER2003::Aplus::LSDM_STADTLER2003_MLCLSP_24_erratic_K502440,24,10,3
STADTLER2003::Aplus::LSDM_STADTLER2003_MLCLSP_24_erratic_K502530,24,10,3
STADTLER2003::Aplus::LSDM_STADTLER2003_MLCLSP_24_erratic_K502540,24,10,3
STADTLER2003::Aplus::LSDM_STADTLER2003_MLCLSP_24_seasonal_G001131,24,10,3
STADTLER2003::Aplus::LSDM_STADTLER2003_MLCLSP_24_seasonal_G001132,24,10,3
STADTLER2003::Aplus::LSDM_STADTLER2003_MLCLSP_24_seasonal_G001141,24,10,3
STADTLER2003::Aplus::LSDM_STADTLER2003_MLCLSP_24_seasonal_G001142,24,10,3
STADTLER2003::Aplus::LSDM_STADTLER2003_MLCLSP_24_seasonal_G001231,24,10,3
STADTLER2003::Aplus::LSDM_STADTLER2003_MLCLSP_24_seasonal_G001232,24,10,3
STADTLER2003::Aplus::LSDM_STADTLER2003_MLCLSP_24_seasonal_G001241,24,10,3
STADTLER2003::Aplus::LSDM_STADTLER2003_MLCLSP_24_seasonal_G001242,24,10,3
STADTLER2003::Aplus::LSDM_STADTLER2003_MLCLSP_24_seasonal_G001331,24,10,3
STADTLER2003::Aplus::LSDM_STADTLER2003_MLCLSP_24_seasonal_G001332,24,10,3
STADTLER2003::Aplus::LSDM_STADTLER2003_MLCLSP_24_seasonal_G001341,24,10,3
STADTLER2003::Aplus::LSDM_STADTLER2003_MLCLSP_24_seasonal_G001342,24,10,3
STADTLER2003::Aplus::LSDM_STADTLER2003_MLCLSP_24_seasonal_G001431,24,10,3
STADTLER2003::Aplus::LSDM_STADTLER2003_MLCLSP_24_seasonal_G001432,24,10,3
STADTLER2003::Aplus::LSDM_STADTLER2003_MLCLSP_24_seasonal_G001441,24,10,3
STADTLER2003::Aplus::LSDM_STADTLER2003_MLCLSP_24_seasonal_G001442,24,10,3
STADTLER2003::Aplus::LSDM_STADTLER2003_MLCLSP_24_seasonal_G001531,24,10,3
STADTLER2003::Aplus::LSDM_STADTLER2003_MLCLSP_24_seasonal_G001532,24,10,3
STADTLER2003::Aplus::LSDM_STADTLER2003_MLCLSP_24_seasonal_G001541,24,10,3
STADTLER2003::Aplus::LSDM_STADTLER2003_MLCLSP_24_seasonal_G001542,24,10,3
STADTLER2003::Aplus::LSDM_STADTLER2003_MLCLSP_24_seasonal_G002131,24,10,3
STADTLER2003::Aplus::LSDM_STADTLER2003_MLCLSP_24_seasonal_G002132,24,10,3
STADTLER2003::Aplus::LSDM_STADTLER2003_MLCLSP_24_seasonal_G002141,24,10,3
STADTLER2003::Aplus::LSDM_STADTLER2003_MLCLSP_24_seasonal_G002142,24,10,3
STADTLER2003::Aplus::LSDM_STADTLER2003_MLCLSP_24_seasonal_G002231,24,10,3
STADTLER2003::Aplus::LSDM_STADTLER2003_MLCLSP_24_seasonal_G002232,24,10,3
STADTLER2003::Aplus::LSDM_STADTLER2003_MLCLSP_24_seasonal_G002241,24,10,3
STADTLER2003::Aplus::LSDM_STADTLER2003_MLCLSP_24_seasonal_G002242,24,10,3
STADTLER2003::Aplus::LSDM_STADTLER2003_MLCLSP_24_seasonal_G002331,24,10,3
STADTLER2003::Aplus::LSDM_STADTLER2003_MLCLSP_24_seasonal_G002332,24,10,3
STADTLER2003::Aplus::LSDM_STADTLER2003_MLCLSP_24_seasonal_G002341,24,10,3
STADTLER2003::Aplus::LSDM_STADTLER2003_MLCLSP_24_seasonal_G002342,24,10,3
STADTLER2003::Aplus::LSDM_STADTLER2003_MLCLSP_24_seasonal_G002431,24,10,3
STADTLER2003::Aplus::LSDM_STADTLER2003_MLCLSP_24_seasonal_G002432,24,10,3
STADTLER2003::Aplus::LSDM_STADTLER2003_MLCLSP_24_seasonal_G002441,24,10,3
STADTLER2003::Aplus::LSDM_STADTLER2003_MLCLSP_24_seasonal_G002442,24,10,3
STADTLER2003::Aplus::LSDM_STADTLER2003_MLCLSP_24_seasonal_G002531,24,10,3
STADTLER2003::Aplus::LSDM_STADTLER2003_MLCLSP_24_seasonal_G002532,24,10,3
STADTLER2003::Aplus::LSDM_STADTLER2003_MLCLSP_24_seasonal_G002541,24,10,3
STADTLER2003::Aplus::LSDM_STADTLER2003_MLCLSP_24_seasonal_G002542,24,10,3
STADTLER2003::Aplus::LSDM_STADTLER2003_MLCLSP_24_seasonal_G501131,24,10,3
STADTLER2003::Aplus::LSDM_STADTLER2003_MLCLSP_24_seasonal_G501132,24,10,3
STADTLER2003::Aplus::LSDM_STADTLER2003_MLCLSP_24_seasonal_G501141,24,10,3
STADTLER2003::Aplus::LSDM_STADTLER2003_MLCLSP_24_seasonal_G501142,24,10,3
STADTLER2003::Aplus::LSDM_STADTLER2003_MLCLSP_24_seasonal_G501231,24,10,3
STADTLER2003::Aplus::LSDM_STADTLER2003_MLCLSP_24_seasonal_G501232,24,10,3
STADTLER2003::Aplus::LSDM_STADTLER2003_MLCLSP_24_seasonal_G501241,24,10,3
STADTLER2003::Aplus::LSDM_STADTLER2003_MLCLSP_24_seasonal_G501242,24,10,3
STADTLER2003::Aplus::LSDM_STADTLER2003_MLCLSP_24_seasonal_G501331,24,10,3
STADTLER2003::Aplus::LSDM_STADTLER2003_MLCLSP_24_seasonal_G501332,24,10,3
STADTLER2003::Aplus::LSDM_STADTLER2003_MLCLSP_24_seasonal_G501341,24,10,3
STADTLER2003::Aplus::LSDM_STADTLER2003_MLCLSP_24_seasonal_G501342,24,10,3
STADTLER2003::Aplus::LSDM_STADTLER2003_MLCLSP_24_seasonal_G501431,24,10,3
STADTLER2003::Aplus::LSDM_STADTLER2003_MLCLSP_24_seasonal_G501432,24,10,3
STADTLER2003::Aplus::LSDM_STADTLER2003_MLCLSP_24_seasonal_G501441,24,10,3
STADTLER2003::Aplus::LSDM_STADTLER2003_MLCLSP_24_seasonal_G501442,24,10,3
STADTLER2003::Aplus::LSDM_STADTLER2003_MLCLSP_24_seasonal_G501531,24,10,3
STADTLER2003::Aplus::LSDM_STADTLER2003_MLCLSP_24_seasonal_G501532,24,10,3
STADTLER2003::Aplus::LSDM_STADTLER2003_MLCLSP_24_seasonal_G501541,24,10,3
STADTLER2003::Aplus::LSDM_STADTLER2003_MLCLSP_24_seasonal_G501542,24,10,3
STADTLER2003::Aplus::LSDM_STADTLER2003_MLCLSP_24_seasonal_G502131,24,10,3
STADTLER2003::Aplus::LSDM_STADTLER2003_MLCLSP_24_seasonal_G502132,24,10,3
STADTLER2003::Aplus::LSDM_STADTLER2003_MLCLSP_24_seasonal_G502141,24,10,3
STADTLER2003::Aplus::LSDM_STADTLER2003_MLCLSP_24_seasonal_G502142,24,10,3
STADTLER2003::Aplus::LSDM_STADTLER2003_MLCLSP_24_seasonal_G502231,24,10,3
STADTLER2003::Aplus::LSDM_STADTLER2003_MLCLSP_24_seasonal_G502232,24,10,3
STADTLER2003::Aplus::LSDM_STADTLER2003_MLCLSP_24_seasonal_G502241,24,10,3
STADTLER2003::Aplus::LSDM_STADTLER2003_MLCLSP_24_seasonal_G502242,24,10,3
STADTLER2003::Aplus::LSDM_STADTLER2003_MLCLSP_24_seasonal_G502331,24,10,3
STADTLER2003::Aplus::LSDM_STADTLER2003_MLCLSP_24_seasonal_G502332,24,10,3
STADTLER2003::Aplus::LSDM_STADTLER2003_MLCLSP_24_seasonal_G502341,24,10,3
STADTLER2003::Aplus::LSDM_STADTLER2003_MLCLSP_24_seasonal_G502342,24,10,3
STADTLER2003::Aplus::LSDM_STADTLER2003_MLCLSP_24_seasonal_G502431,24,10,3
STADTLER2003::Aplus::LSDM_STADTLER2003_MLCLSP_24_seasonal_G502432,24,10,3
STADTLER2003::Aplus::LSDM_STADTLER2003_MLCLSP_24_seasonal_G502441,24,10,3
STADTLER2003::Aplus::LSDM_STADTLER2003_MLCLSP_24_seasonal_G502442,24,10,3
STADTLER2003::Aplus::LSDM_STADTLER2003_MLCLSP_24_seasonal_G502531,24,10,3
STADTLER2003::Aplus::LSDM_STADTLER2003_MLCLSP_24_seasonal_G502532,24,10,3
STADTLER2003::Aplus::LSDM_STADTLER2003_MLCLSP_24_seasonal_G502541,24,10,3
STADTLER2003::Aplus::LSDM_STADTLER2003_MLCLSP_24_seasonal_G502542,24,10,3
STADTLER2003::Aplus::LSDM_STADTLER2003_MLCLSP_24_seasonal_K001131,24,10,3
STADTLER2003::Aplus::LSDM_STADTLER2003_MLCLSP_24_seasonal_K001132,24,10,3
STADTLER2003::Aplus::LSDM_STADTLER2003_MLCLSP_24_seasonal_K001141,24,10,3
STADTLER2003::Aplus::LSDM_STADTLER2003_MLCLSP_24_seasonal_K001142,24,10,3
STADTLER2003::Aplus::LSDM_STADTLER2003_MLCLSP_24_seasonal_K001231,24,10,3
STADTLER2003::Aplus::LSDM_STADTLER2003_MLCLSP_24_seasonal_K001232,24,10,3
STADTLER2003::Aplus::LSDM_STADTLER2003_MLCLSP_24_seasonal_K001241,24,10,3
STADTLER2003::Aplus::LSDM_STADTLER2003_MLCLSP_24_seasonal_K001242,24,10,3
STADTLER2003::Aplus::LSDM_STADTLER2003_MLCLSP_24_seasonal_K001331,24,10,3
STADTLER2003::Aplus::LSDM_STADTLER2003_MLCLSP_24_seasonal_K001332,24,10,3
STADTLER2003::Aplus::LSDM_STADTLER2003_MLCLSP_24_seasonal_K001341,24,10,3
STADTLER2003::Aplus::LSDM_STADTLER2003_MLCLSP_24_seasonal_K001342,24,10,3
STADTLER2003::Aplus::LSDM_STADTLER2003_MLCLSP_24_seasonal_K001431,24,10,3
STADTLER2003::Aplus::LSDM_STADTLER2003_MLCLSP_24_seasonal_K001432,24,10,3
STADTLER2003::Aplus::LSDM_STADTLER2003_MLCLSP_24_seasonal_K001441,24,10,3
STADTLER2003::Aplus::LSDM_STADTLER2003_MLCLSP_24_seasonal_K001442,24,10,3
STADTLER2003::Aplus::LSDM_STADTLER2003_MLCLSP_24_seasonal_K001531,24,10,3
STADTLER2003::Aplus::LSDM_STADTLER2003_MLCLSP_24_seasonal_K001532,24,10,3
STADTLER2003::Aplus::LSDM_STADTLER2003_MLCLSP_24_seasonal_K001541,24,10,3
STADTLER2003::Aplus::LSDM_STADTLER2003_MLCLSP_24_seasonal_K001542,24,10,3
STADTLER2003::Aplus::LSDM_STADTLER2003_MLCLSP_24_seasonal_K002131,24,10,3
STADTLER2003::Aplus::LSDM_STADTLER2003_MLCLSP_24_seasonal_K002132,24,10,3
STADTLER2003::Aplus::LSDM_STADTLER2003_MLCLSP_24_seasonal_K002141,24,10,3
STADTLER2003::Aplus::LSDM_STADTLER2003_MLCLSP_24_seasonal_K002142,24,10,3
STADTLER2003::Aplus::LSDM_STADTLER2003_MLCLSP_24_seasonal_K002231,24,10,3
STADTLER2003::Aplus::LSDM_STADTLER2003_MLCLSP_24_seasonal_K002232,24,10,3
STADTLER2003::Aplus::LSDM_STADTLER2003_MLCLSP_24_seasonal_K002241,24,10,3
STADTLER2003::Aplus::LSDM_STADTLER2003_MLCLSP_24_seasonal_K002242,24,10,3
STADTLER2003::Aplus::LSDM_STADTLER2003_MLCLSP_24_seasonal_K002331,24,10,3
STADTLER2003::Aplus::LSDM_STADTLER2003_MLCLSP_24_seasonal_K002332,24,10,3
STADTLER2003::Aplus::LSDM_STADTLER2003_MLCLSP_24_seasonal_K002341,24,10,3
STADTLER2003::Aplus::LSDM_STADTLER2003_MLCLSP_24_seasonal_K002342,24,10,3
STADTLER2003::Aplus::LSDM_STADTLER2003_MLCLSP_24_seasonal_K002431,24,10,3
STADTLER2003::Aplus::LSDM_STADTLER2003_MLCLSP_24_seasonal_K002432,24,10,3
STADTLER2003::Aplus::LSDM_STADTLER2003_MLCLSP_24_seasonal_K002441,24,10,3
STADTLER2003::Aplus::LSDM_STADTLER2003_MLCLSP_24_seasonal_K002442,24,10,3
STADTLER2003::Aplus::LSDM_STADTLER2003_MLCLSP_24_seasonal_K002531,24,10,3
STADTLER2003::Aplus::LSDM_STADTLER2003_MLCLSP_24_seasonal_K002532,24,10,3
STADTLER2003::Aplus::LSDM_STADTLER2003_MLCLSP_24_seasonal_K002541,24,10,3
STADTLER2003::Aplus::LSDM_STADTLER2003_MLCLSP_24_seasonal_K002542,24,10,3
STADTLER2003::Aplus::LSDM_STADTLER2003_MLCLSP_24_seasonal_K501131,24,10,3
STADTLER2003::Aplus::LSDM_STADTLER2003_MLCLSP_24_seasonal_K501132,24,10,3
STADTLER2003::Aplus::LSDM_STADTLER2003_MLCLSP_24_seasonal_K501141,24,10,3
STADTLER2003::Aplus::LSDM_STADTLER2003_MLCLSP_24_seasonal_K501142,24,10,3
STADTLER2003::Aplus::LSDM_STADTLER2003_MLCLSP_24_seasonal_K501231,24,10,3
STADTLER2003::Aplus::LSDM_STADTLER2003_MLCLSP_24_seasonal_K501232,24,10,3
STADTLER2003::Aplus::LSDM_STADTLER2003_MLCLSP_24_seasonal_K501241,24,10,3
STADTLER2003::Aplus::LSDM_STADTLER2003_MLCLSP_24_seasonal_K501242,24,10,3
STADTLER2003::Aplus::LSDM_STADTLER2003_MLCLSP_24_seasonal_K501331,24,10,3
STADTLER2003::Aplus::LSDM_STADTLER2003_MLCLSP_24_seasonal_K501332,24,10,3
STADTLER2003::Aplus::LSDM_STADTLER2003_MLCLSP_24_seasonal_K501341,24,10,3
STADTLER2003::Aplus::LSDM_STADTLER2003_MLCLSP_24_seasonal_K501342,24,10,3
STADTLER2003::Aplus::LSDM_STADTLER2003_MLCLSP_24_seasonal_K501431,24,10,3
STADTLER2003::Aplus::LSDM_STADTLER2003_MLCLSP_24_seasonal_K501432,24,10,3
STADTLER2003::Aplus::LSDM_STADTLER2003_MLCLSP_24_seasonal_K501441,24,10,3
STADTLER2003::Aplus::LSDM_STADTLER2003_MLCLSP_24_seasonal_K501442,24,10,3
STADTLER2003::Aplus::LSDM_STADTLER2003_MLCLSP_24_seasonal_K501531,24,10,3
STADTLER2003::Aplus::LSDM_STADTLER2003_MLCLSP_24_seasonal_K501532,24,10,3
STADTLER2003::Aplus::LSDM_STADTLER2003_MLCLSP_24_seasonal_K501541,24,10,3
STADTLER2003::Aplus::LSDM_STADTLER2003_MLCLSP_24_seasonal_K501542,24,10,3
STADTLER2003::Aplus::LSDM_STADTLER2003_MLCLSP_24_seasonal_K502131,24,10,3
STADTLER2003::Aplus::LSDM_STADTLER2003_MLCLSP_24_seasonal_K502132,24,10,3
STADTLER2003::Aplus::LSDM_STADTLER2003_MLCLSP_24_seasonal_K502141,24,10,3
STADTLER2003::Aplus::LSDM_STADTLER2003_MLCLSP_24_seasonal_K502142,24,10,3
STADTLER2003::Aplus::LSDM_STADTLER2003_MLCLSP_24_seasonal_K502231,24,10,3
STADTLER2003::Aplus::LSDM_STADTLER2003_MLCLSP_24_seasonal_K502232,24,10,3
STADTLER2003::Aplus::LSDM_STADTLER2003_MLCLSP_24_seasonal_K502241,24,10,3
STADTLER2003::Aplus::LSDM_STADTLER2003_MLCLSP_24_seasonal_K502242,24,10,3
STADTLER2003::Aplus::LSDM_STADTLER2003_MLCLSP_24_seasonal_K502331,24,10,3
STADTLER2003::Aplus::LSDM_STADTLER2003_MLCLSP_24_seasonal_K502332,24,10,3
STADTLER2003::Aplus::LSDM_STADTLER2003_MLCLSP_24_seasonal_K502341,24,10,3
STADTLER2003::Aplus::LSDM_STADTLER2003_MLCLSP_24_seasonal_K502342,24,10,3
STADTLER2003::Aplus::LSDM_STADTLER2003_MLCLSP_24_seasonal_K502431,24,10,3
STADTLER2003::Aplus::LSDM_STADTLER2003_MLCLSP_24_seasonal_K502432,24,10,3
STADTLER2003::Aplus::LSDM_STADTLER2003_MLCLSP_24_seasonal_K502441,24,10,3
STADTLER2003::Aplus::LSDM_STADTLER2003_MLCLSP_24_seasonal_K502442,24,10,3
STADTLER2003::Aplus::LSDM_STADTLER2003_MLCLSP_24_seasonal_K502531,24,10,3
STADTLER2003::Aplus::LSDM_STADTLER2003_MLCLSP_24_seasonal_K502532,24,10,3
STADTLER2003::Aplus::LSDM_STADTLER2003_MLCLSP_24_seasonal_K502541,24,10,3
STADTLER2003::Aplus::LSDM_STADTLER2003_MLCLSP_24_seasonal_K502542,24,10,3
STADTLER2003::Bplus::LSDM_STADTLER2003_MLCLSP_24_erratic_G011130,24,10,3
STADTLER2003::Bplus::LSDM_STADTLER2003_MLCLSP_24_erratic_G011140,24,10,3
STADTLER2003::Bplus::LSDM_STADTLER2003_MLCLSP_24_erratic_G011230,24,10,3
STADTLER2003::Bplus::LSDM_STADTLER2003_MLCLSP_24_erratic_G011240,24,10,3
STADTLER2003::Bplus::LSDM_STADTLER2003_MLCLSP_24_erratic_G011330,24,10,3
STADTLER2003::Bplus::LSDM_STADTLER2003_MLCLSP_24_erratic_G011340,24,10,3
STADTLER2003::Bplus::LSDM_STADTLER2003_MLCLSP_24_erratic_G011430,24,10,3
STADTLER2003::Bplus::LSDM_STADTLER2003_MLCLSP_24_erratic_G011440,24,10,3
STADTLER2003::Bplus::LSDM_STADTLER2003_MLCLSP_24_erratic_G011530,24,10,3
STADTLER2003::Bplus::LSDM_STADTLER2003_MLCLSP_24_erratic_G011540,24,10,3
STADTLER2003::Bplus::LSDM_STADTLER2003_MLCLSP_24_erratic_G012130,24,10,3
STADTLER2003::Bplus::LSDM_STADTLER2003_MLCLSP_24_erratic_G012140,24,10,3
STADTLER2003::Bplus::LSDM_STADTLER2003_MLCLSP_24_erratic_G012230,24,10,3
STADTLER2003::Bplus::LSDM_STADTLER2003_MLCLSP_24_erratic_G012240,24,10,3
STADTLER2003::Bplus::LSDM_STADTLER2003_MLCLSP_24_erratic_G012330,24,10,3
STADTLER2003::Bplus::LSDM_STADTLER2003_MLCLSP_24_erratic_G012340,24,10,3
STADTLER2003::Bplus::LSDM_STADTLER2003_MLCLSP_24_erratic_G012430,24,10,3
STADTLER2003::Bplus::LSDM_STADTLER2003_MLCLSP_24_erratic_G012440,24,10,3
STADTLER2003::Bplus::LSDM_STADTLER2003_MLCLSP_24_erratic_G012530,24,10,3
STADTLER2003::Bplus::LSDM_STADTLER2003_MLCLSP_24_erratic_G012540,24,10,3
STADTLER2003::Bplus::LSDM_STADTLER2003_MLCLSP_24_erratic_G021130,24,10,3
STADTLER2003::Bplus::LSDM_STADTLER2003_MLCLSP_24_erratic_G021140,24,10,3
STADTLER2003::Bplus::LSDM_STADTLER2003_MLCLSP_24_erratic_G021230,24,10,3
STADTLER2003::Bplus::LSDM_STADTLER2003_MLCLSP_24_erratic_G021240,24,10,3
STADTLER2003::Bplus::LSDM_STADTLER2003_MLCLSP_24_erratic_G021330,24,10,3
STADTLER2003::Bplus::LSDM_STADTLER2003_MLCLSP_24_erratic_G021340,24,10,3
STADTLER2003::Bplus::LSDM_STADTLER2003_MLCLSP_24_erratic_G021430,24,10,3
STADTLER2003::Bplus::LSDM_STADTLER2003_MLCLSP_24_erratic_G021440,24,10,3
STADTLER2003::Bplus::LSDM_STADTLER2003_MLCLSP_24_erratic_G021530,24,10,3
STADTLER2003::Bplus::LSDM_STADTLER2003_MLCLSP_24_erratic_G021540,24,10,3
STADTLER2003::Bplus::LSDM_STADTLER2003_MLCLSP_24_erratic_G022130,24,10,3
STADTLER2003::Bplus::LSDM_STADTLER2003_MLCLSP_24_erratic_G022140,24,10,3
STADTLER2003::Bplus::LSDM_STADTLER2003_MLCLSP_24_erratic_G022230,24,10,3
STADTLER2003::Bplus::LSDM_STADTLER2003_MLCLSP_24_erratic_G022240,24,10,3
STADTLER2003::Bplus::LSDM_STADTLER2003_MLCLSP_24_erratic_G022330,24,10,3
STADTLER2003::Bplus::LSDM_STADTLER2003_MLCLSP_24_erratic_G022340,24,10,3
STADTLER2003::Bplus::LSDM_STADTLER2003_MLCLSP_24_erratic_G022430,24,10,3
STADTLER2003::Bplus::LSDM_STADTLER2003_MLCLSP_24_erratic_G022440,24,10,3
STADTLER2003::Bplus::LSDM_STADTLER2003_MLCLSP_24_erratic_G022530,24,10,3
STADTLER2003::Bplus::LSDM_STADTLER2003_MLCLSP_24_erratic_G022540,24,10,3
STADTLER2003::Bplus::LSDM_STADTLER2003_MLCLSP_24_erratic_G511130,24,10,3
STADTLER2003::Bplus::LSDM_STADTLER2003_MLCLSP_24_erratic_G511140,24,10,3
STADTLER2003::Bplus::LSDM_STADTLER2003_MLCLSP_24_erratic_G511230,24,10,3
STADTLER2003::Bplus::LSDM_STADTLER2003_MLCLSP_24_erratic_G511240,24,10,3
STADTLER2003::Bplus::LSDM_STADTLER2003_MLCLSP_24_erratic_G511330,24,10,3
STADTLER2003::Bplus::LSDM_STADTLER2003_MLCLSP_24_erratic_G511340,24,10,3
STADTLER2003::Bplus::LSDM_STADTLER2003_MLCLSP_24_erratic_G511430,24,10,3
STADTLER2003::Bplus::LSDM_STADTLER2003_MLCLSP_24_erratic_G511440,24,10,3
STADTLER2003::Bplus::LSDM_STADTLER2003_MLCLSP_24_erratic_G511530,24,10,3
STADTLER2003::Bplus::LSDM_STADTLER2003_MLCLSP_24_erratic_G511540,24,10,3
STADTLER2003::Bplus::LSDM_STADTLER2003_MLCLSP_24_erratic_G512130,24,10,3
STADTLER2003::Bplus::LSDM_STADTLER2003_MLCLSP_24_erratic_G512140,24,10,3
STADTLER2003::Bplus::LSDM_STADTLER2003_MLCLSP_24_erratic_G512230,24,10,3
STADTLER2003::Bplus::LSDM_STADTLER2003_MLCLSP_24_erratic_G512240,24,10,3
STADTLER2003::Bplus::LSDM_STADTLER2003_MLCLSP_24_erratic_G512330,24,10,3
STADTLER2003::Bplus::LSDM_STADTLER2003_MLCLSP_24_erratic_G512340,24,10,3
STADTLER2003::Bplus::LSDM_STADTLER2003_MLCLSP_24_erratic_G512430,24,10,3
STADTLER2003::Bplus::LSDM_STADTLER2003_MLCLSP_24_erratic_G512440,24,10,3
STADTLER2003::Bplus::LSDM_STADTLER2003_MLCLSP_24_erratic_G512530,24,10,3
STADTLER2003::Bplus::LSDM_STADTLER2003_MLCLSP_24_erratic_G512540,24,10,3
STADTLER2003::Bplus::LSDM_STADTLER2003_MLCLSP_24_erratic_G521130,24,10,3
STADTLER2003::Bplus::LSDM_STADTLER2003_MLCLSP_24_erratic_G521140,24,10,3
STADTLER2003::Bplus::LSDM_STADTLER2003_MLCLSP_24_erratic_G521230,24,10,3
STADTLER2003::Bplus::LSDM_STADTLER2003_MLCLSP_24_erratic_G521240,24,10,3
STADTLER2003::Bplus::LSDM_STADTLER2003_MLCLSP_24_erratic_G521330,24,10,3
STADTLER2003::Bplus::LSDM_STADTLER2003_MLCLSP_24_erratic_G521340,24,10,3
STADTLER2003::Bplus::LSDM_STADTLER2003_MLCLSP_24_erratic_G521430,24,10,3
STADTLER2003::Bplus::LSDM_STADTLER2003_MLCLSP_24_erratic_G521440,24,10,3
STADTLER2003::Bplus::LSDM_STADTLER2003_MLCLSP_24_erratic_G521530,24,10,3
STADTLER2003::Bplus::LSDM_STADTLER2003_MLCLSP_24_erratic_G521540,24,10,3
STADTLER2003::Bplus::LSDM_STADTLER2003_MLCLSP_24_erratic_G522130,24,10,3
STADTLER2003::Bplus::LSDM_STADTLER2003_MLCLSP_24_erratic_G522140,24,10,3
STADTLER2003::Bplus::LSDM_STADTLER2003_MLCLSP_24_erratic_G522230,24,10,3
STADTLER2003::Bplus::LSDM_STADTLER2003_MLCLSP_24_erratic_G522240,24,10,3
STADTLER2003::Bplus::LSDM_STADTLER2003_MLCLSP_24_erratic_G522330,24,10,3
STADTLER2003::Bplus::LSDM_STADTLER2003_MLCLSP_24_erratic_G522340,24,10,3
STADTLER2003::Bplus::LSDM_STADTLER2003_MLCLSP_24_erratic_G522430,24,10,3
STADTLER2003::Bplus::LSDM_STADTLER2003_MLCLSP_24_erratic_G522440,24,10,3
STADTLER2003::Bplus::LSDM_STADTLER2003_MLCLSP_24_erratic_G522530,24,10,3
STADTLER2003::Bplus::LSDM_STADTLER2003_MLCLSP_24_erratic_G522540,24,10,3
STADTLER2003::Bplus::LSDM_STADTLER2003_MLCLSP_24_erratic_G531130,24,10,3
STADTLER2003::Bplus::LSDM_STADTLER2003_MLCLSP_24_erratic_G531140,24,10,3
STADTLER2003::Bplus::LSDM_STADTLER2003_MLCLSP_24_erratic_G531230,24,10,3
STADTLER2003::Bplus::LSDM_STADTLER2003_MLCLSP_24_erratic_G531240,24,10,3
STADTLER2003::Bplus::LSDM_STADTLER2003_MLCLSP_24_erratic_G531330,24,10,3
STADTLER2003::Bplus::LSDM_STADTLER2003_MLCLSP_24_erratic_G531340,24,10,3
STADTLER2003::Bplus::LSDM_STADTLER2003_MLCLSP_24_erratic_G531430,24,10,3
STADTLER2003::Bplus::LSDM_STADTLER2003_MLCLSP_24_erratic_G531440,24,10,3
STADTLER2003::Bplus::LSDM_STADTLER2003_MLCLSP_24_erratic_G531530,24,10,3
STADTLER2003::Bplus::LSDM_STADTLER2003_MLCLSP_24_erratic_G531540,24,10,3
STADTLER2003::Bplus::LSDM_STADTLER2003_MLCLSP_24_erratic_G532130,24,10,3
STADTLER2003::Bplus::LSDM_STADTLER2003_MLCLSP_24_erratic_G532140,24,10,3
STADTLER2003::Bplus::LSDM_STADTLER2003_MLCLSP_24_erratic_G532230,24,10,3
STADTLER2003::Bplus::LSDM_STADTLER2003_MLCLSP_24_erratic_G532240,24,10,3
STADTLER2003::Bplus::LSDM_STADTLER2003_MLCLSP_24_erratic_G532330,24,10,3
STADTLER2003::Bplus::LSDM_STADTLER2003_MLCLSP_24_erratic_G532340,24,10,3
STADTLER2003::Bplus::LSDM_STADTLER2003_MLCLSP_24_erratic_G532430,24,10,3
STADTLER2003::Bplus::LSDM_STADTLER2003_MLCLSP_24_erratic_G532440,24,10,3
STADTLER2003::Bplus::LSDM_STADTLER2003_MLCLSP_24_erratic_G532530,24,10,3
STADTLER2003::Bplus::LSDM_STADTLER2003_MLCLSP_24_erratic_G532540,24,10,3
STADTLER2003::Bplus::LSDM_STADTLER2003_MLCLSP_24_erratic_G541130,24,10,3
STADTLER2003::Bplus::LSDM_STADTLER2003_MLCLSP_24_erratic_G541140,24,10,3
STADTLER2003::Bplus::LSDM_STADTLER2003_MLCLSP_24_erratic_G541230,24,10,3
STADTLER2003::Bplus::LSDM_STADTLER2003_MLCLSP_24_erratic_G541240,24,10,3
STADTLER2003::Bplus::LSDM_STADTLER2003_MLCLSP_24_erratic_G541330,24,10,3
STADTLER2003::Bplus::LSDM_STADTLER2003_MLCLSP_24_erratic_G541340,24,10,3
STADTLER2003::Bplus::LSDM_STADTLER2003_MLCLSP_24_erratic_G541430,24,10,3
STADTLER2003::Bplus::LSDM_STADTLER2003_MLCLSP_24_erratic_G541440,24,10,3
STADTLER2003::Bplus::LSDM_STADTLER2003_MLCLSP_24_erratic_G541530,24,10,3
STADTLER2003::Bplus::LSDM_STADTLER2003_MLCLSP_24_erratic_G541540,24,10,3
STADTLER2003::Bplus::LSDM_STADTLER2003_MLCLSP_24_erratic_G542130,24,10,3
STADTLER2003::Bplus::LSDM_STADTLER2003_MLCLSP_24_erratic_G542140,24,10,3
STADTLER2003::Bplus::LSDM_STADTLER2003_MLCLSP_24_erratic_G542230,24,10,3
STADTLER2003::Bplus::LSDM_STADTLER2003_MLCLSP_24_erratic_G542240,24,10,3
STADTLER2003::Bplus::LSDM_STADTLER2003_MLCLSP_24_erratic_G542330,24,10,3
STADTLER2003::Bplus::LSDM_STADTLER2003_MLCLSP_24_erratic_G542340,24,10,3
STADTLER2003::Bplus::LSDM_STADTLER2003_MLCLSP_24_erratic_G542430,24,10,3
STADTLER2003::Bplus::LSDM_STADTLER2003_MLCLSP_24_erratic_G542440,24,10,3
STADTLER2003::Bplus::LSDM_STADTLER2003_MLCLSP_24_erratic_G542530,24,10,3
STADTLER2003::Bplus::LSDM_STADTLER2003_MLCLSP_24_erratic_G542540,24,10,3
STADTLER2003::Bplus::LSDM_STADTLER2003_MLCLSP_24_erratic_K011130,24,10,3
STADTLER2003::Bplus::LSDM_STADTLER2003_MLCLSP_24_erratic_K011140,24,10,3
STADTLER2003::Bplus::LSDM_STADTLER2003_MLCLSP_24_erratic_K011230,24,10,3
STADTLER2003::Bplus::LSDM_STADTLER2003_MLCLSP_24_erratic_K011240,24,10,3
STADTLER2003::Bplus::LSDM_STADTLER2003_MLCLSP_24_erratic_K011330,24,10,3
STADTLER2003::Bplus::LSDM_STADTLER2003_MLCLSP_24_erratic_K011340,24,10,3
STADTLER2003::Bplus::LSDM_STADTLER2003_MLCLSP_24_erratic_K011430,24,10,3
STADTLER2003::Bplus::LSDM_STADTLER2003_MLCLSP_24_erratic_K011440,24,10,3
STADTLER2003::Bplus::LSDM_STADTLER2003_MLCLSP_24_erratic_K011530,24,10,3
STADTLER2003::Bplus::LSDM_STADTLER2003_MLCLSP_24_erratic_K011540,24,10,3
STADTLER2003::Bplus::LSDM_STADTLER2003_MLCLSP_24_erratic_K012130,24,10,3
STADTLER2003::Bplus::LSDM_STADTLER2003_MLCLSP_24_erratic_K012140,24,10,3
STADTLER2003::Bplus::LSDM_STADTLER2003_MLCLSP_24_erratic_K012230,24,10,3
STADTLER2003::Bplus::LSDM_STADTLER2003_MLCLSP_24_erratic_K012240,24,10,3
STADTLER2003::Bplus::LSDM_STADTLER2003_MLCLSP_24_erratic_K012330,24,10,3
STADTLER2003::Bplus::LSDM_STADTLER2003_MLCLSP_24_erratic_K012340,24,10,3
STADTLER2003::Bplus::LSDM_STADTLER2003_MLCLSP_24_erratic_K012430,24,10,3
STADTLER2003::Bplus::LSDM_STADTLER2003_MLCLSP_24_erratic_K012440,24,10,3
STADTLER2003::Bplus::LSDM_STADTLER2003_MLCLSP_24_erratic_K012530,24,10,3
STADTLER2003::Bplus::LSDM_STADTLER2003_MLCLSP_24_erratic_K012540,24,10,3
STADTLER2003::Bplus::LSDM_STADTLER2003_MLCLSP_24_erratic_K021130,24,10,3
STADTLER2003::Bplus::LSDM_STADTLER2003_MLCLSP_24_erratic_K021140,24,10,3
STADTLER2003::Bplus::LSDM_STADTLER2003_MLCLSP_24_erratic_K021230,24,10,3
STADTLER2003::Bplus::LSDM_STADTLER2003_MLCLSP_24_erratic_K021240,24,10,3
STADTLER2003::Bplus::LSDM_STADTLER2003_MLCLSP_24_erratic_K021330,24,10,3
STADTLER2003::Bplus::LSDM_STADTLER2003_MLCLSP_24_erratic_K021340,24,10,3
STADTLER2003::Bplus::LSDM_STADTLER2003_MLCLSP_24_erratic_K021430,24,10,3
STADTLER2003::Bplus::LSDM_STADTLER2003_MLCLSP_24_erratic_K021440,24,10,3
STADTLER2003::Bplus::LSDM_STADTLER2003_MLCLSP_24_erratic_K021530,24,10,3
STADTLER2003::Bplus::LSDM_STADTLER2003_MLCLSP_24_erratic_K021540,24,10,3
STADTLER2003::Bplus::LSDM_STADTLER2003_MLCLSP_24_erratic_K022130,24,10,3
STADTLER2003::Bplus::LSDM_STADTLER2003_MLCLSP_24_erratic_K022140,24,10,3
STADTLER2003::Bplus::LSDM_STADTLER2003_MLCLSP_24_erratic_K022230,24,10,3
STADTLER2003::Bplus::LSDM_STADTLER2003_MLCLSP_24_erratic_K022240,24,10,3
STADTLER2003::Bplus::LSDM_STADTLER2003_MLCLSP_24_erratic_K022330,24,10,3
STADTLER2003::Bplus::LSDM_STADTLER2003_MLCLSP_24_erratic_K022340,24,10,3
STADTLER2003::Bplus::LSDM_STADTLER2003_MLCLSP_24_erratic_K022430,24,10,3
STADTLER2003::Bplus::LSDM_STADTLER2003_MLCLSP_24_erratic_K022440,24,10,3
STADTLER2003::Bplus::LSDM_STADTLER2003_MLCLSP_24_erratic_K022530,24,10,3
STADTLER2003::Bplus::LSDM_STADTLER2003_MLCLSP_24_erratic_K022540,24,10,3
STADTLER2003::Bplus::LSDM_STADTLER2003_MLCLSP_24_erratic_K511130,24,10,3
STADTLER2003::Bplus::LSDM_STADTLER2003_MLCLSP_24_erratic_K511140,24,10,3
STADTLER2003::Bplus::LSDM_STADTLER2003_MLCLSP_24_erratic_K511230,24,10,3
STADTLER2003::Bplus::LSDM_STADTLER2003_MLCLSP_24_erratic_K511240,24,10,3
STADTLER2003::Bplus::LSDM_STADTLER2003_MLCLSP_24_erratic_K511330,24,10,3
STADTLER2003::Bplus::LSDM_STADTLER2003_MLCLSP_24_erratic_K511340,24,10,3
STADTLER2003::Bplus::LSDM_STADTLER2003_MLCLSP_24_erratic_K511430,24,10,3
STADTLER2003::Bplus::LSDM_STADTLER2003_MLCLSP_24_erratic_K511440,24,10,3
STADTLER2003::Bplus::LSDM_STADTLER2003_MLCLSP_24_erratic_K511530,24,10,3
STADTLER2003::Bplus::LSDM_STADTLER2003_MLCLSP_24_erratic_K511540,24,10,3
STADTLER2003::Bplus::LSDM_STADTLER2003_MLCLSP_24_erratic_K512130,24,10,3
STADTLER2003::Bplus::LSDM_STADTLER2003_MLCLSP_24_erratic_K512140,24,10,3
STADTLER2003::Bplus::LSDM_STADTLER2003_MLCLSP_24_erratic_K512230,24,10,3
STADTLER2003::Bplus::LSDM_STADTLER2003_MLCLSP_24_erratic_K512240,24,10,3
STADTLER2003::Bplus::LSDM_STADTLER2003_MLCLSP_24_erratic_K512330,24,10,3
STADTLER2003::Bplus::LSDM_STADTLER2003_MLCLSP_24_erratic_K512340,24,10,3
STADTLER2003::Bplus::LSDM_STADTLER2003_MLCLSP_24_erratic_K512430,24,10,3
STADTLER2003::Bplus::LSDM_STADTLER2003_MLCLSP_24_erratic_K512440,24,10,3
STADTLER2003::Bplus::LSDM_STADTLER2003_MLCLSP_24_erratic_K512530,24,10,3
STADTLER2003::Bplus::LSDM_STADTLER2003_MLCLSP_24_erratic_K512540,24,10,3
STADTLER2003::Bplus::LSDM_STADTLER2003_MLCLSP_24_erratic_K521130,24,10,3
STADTLER2003::Bplus::LSDM_STADTLER2003_MLCLSP_24_erratic_K521140,24,10,3
STADTLER2003::Bplus::LSDM_STADTLER2003_MLCLSP_24_erratic_K521230,24,10,3
STADTLER2003::Bplus::LSDM_STADTLER2003_MLCLSP_24_erratic_K521240,24,10,3
STADTLER2003::Bplus::LSDM_STADTLER2003_MLCLSP_24_erratic_K521330,24,10,3
STADTLER2003::Bplus::LSDM_STADTLER2003_MLCLSP_24_erratic_K521340,24,10,3
STADTLER2003::Bplus::LSDM_STADTLER2003_MLCLSP_24_erratic_K521430,24,10,3
STADTLER2003::Bplus::LSDM_STADTLER2003_MLCLSP_24_erratic_K521440,24,10,3
STADTLER2003::Bplus::LSDM_STADTLER2003_MLCLSP_24_erratic_K521530,24,10,3
STADTLER2003::Bplus::LSDM_STADTLER2003_MLCLSP_24_erratic_K521540,24,10,3
STADTLER2003::Bplus::LSDM_STADTLER2003_MLCLSP_24_erratic_K522130,24,10,3
STADTLER2003::Bplus::LSDM_STADTLER2003_MLCLSP_24_erratic_K522140,24,10,3
STADTLER2003::Bplus::LSDM_STADTLER2003_MLCLSP_24_erratic_K522230,24,10,3
STADTLER2003::Bplus::LSDM_STADTLER2003_MLCLSP_24_erratic_K522240,24,10,3
STADTLER2003::Bplus::LSDM_STADTLER2003_MLCLSP_24_erratic_K522330,24,10,3
STADTLER2003::Bplus::LSDM_STADTLER2003_MLCLSP_24_erratic_K522340,24,10,3
STADTLER2003::Bplus::LSDM_STADTLER2003_MLCLSP_24_erratic_K522430,24,10,3
STADTLER2003::Bplus::LSDM_STADTLER2003_MLCLSP_24_erratic_K522440,24,10,3
STADTLER2003::Bplus::LSDM_STADTLER2003_MLCLSP_24_erratic_K522530,24,10,3
STADTLER2003::Bplus::LSDM_STADTLER2003_MLCLSP_24_erratic_K522540,24,10,3
STADTLER2003::Bplus::LSDM_STADTLER2003_MLCLSP_24_seasonal_G011131,24,10,3
STADTLER2003::Bplus::LSDM_STADTLER2003_MLCLSP_24_seasonal_G011132,24,10,3
STADTLER2003::Bplus::LSDM_STADTLER2003_MLCLSP_24_seasonal_G011141,24,10,3
STADTLER2003::Bplus::LSDM_STADTLER2003_MLCLSP_24_seasonal_G011142,24,10,3
STADTLER2003::Bplus::LSDM_STADTLER2003_MLCLSP_24_seasonal_G011231,24,10,3
STADTLER2003::Bplus::LSDM_STADTLER2003_MLCLSP_24_seasonal_G011232,24,10,3
STADTLER2003::Bplus::LSDM_STADTLER2003_MLCLSP_24_seasonal_G011241,24,10,3
STADTLER2003::Bplus::LSDM_STADTLER2003_MLCLSP_24_seasonal_G011242,24,10,3
STADTLER2003::Bplus::LSDM_STADTLER2003_MLCLSP_24_seasonal_G011331,24,10,3
STADTLER2003::Bplus::LSDM_STADTLER2003_MLCLSP_24_seasonal_G011332,24,10,3
STADTLER2003::Bplus::LSDM_STADTLER2003_MLCLSP_24_seasonal_G011341,24,10,3
STADTLER2003::Bplus::LSDM_STADTLER2003_MLCLSP_24_seasonal_G011342,24,10,3
STADTLER2003::Bplus::LSDM_STADTLER2003_MLCLSP_24_seasonal_G011431,24,10,3
STADTLER2003::Bplus::LSDM_STADTLER2003_MLCLSP_24_seasonal_G011432,24,10,3
STADTLER2003::Bplus::LSDM_STADTLER2003_MLCLSP_24_seasonal_G011441,24,10,3
STADTLER2003::Bplus::LSDM_STADTLER2003_MLCLSP_24_seasonal_G011442,24,10,3
STADTLER2003::Bplus::LSDM_STADTLER2003_MLCLSP_24_seasonal_G011531,24,10,3
STADTLER2003::Bplus::LSDM_STADTLER2003_MLCLSP_24_seasonal_G011532,24,10,3
STADTLER2003::Bplus::LSDM_STADTLER2003_MLCLSP_24_seasonal_G011541,24,10,3
STADTLER2003::Bplus::LSDM_STADTLER2003_MLCLSP_24_seasonal_G011542,24,10,3
STADTLER2003::Bplus::LSDM_STADTLER2003_MLCLSP_24_seasonal_G012131,24,10,3
STADTLER2003::Bplus::LSDM_STADTLER2003_MLCLSP_24_seasonal_G012132,24,10,3
STADTLER2003::Bplus::LSDM_STADTLER2003_MLCLSP_24_seasonal_G012141,24,10,3
STADTLER2003::Bplus::LSDM_STADTLER2003_MLCLSP_24_seasonal_G012142,24,10,3
STADTLER2003::Bplus::LSDM_STADTLER2003_MLCLSP_24_seasonal_G012231,24,10,3
STADTLER2003::Bplus::LSDM_STADTLER2003_MLCLSP_24_seasonal_G012232,24,10,3
STADTLER2003::Bplus::LSDM_STADTLER2003_MLCLSP_24_seasonal_G012241,24,10,3
STADTLER2003::Bplus::LSDM_STADTLER2003_MLCLSP_24_seasonal_G012242,24,10,3
STADTLER2003::Bplus::LSDM_STADTLER2003_MLCLSP_24_seasonal_G012331,24,10,3
STADTLER2003::Bplus::LSDM_STADTLER2003_MLCLSP_24_seasonal_G012332,24,10,3
STADTLER2003::Bplus::LSDM_STADTLER2003_MLCLSP_24_seasonal_G012341,24,10,3
STADTLER2003::Bplus::LSDM_STADTLER2003_MLCLSP_24_seasonal_G012342,24,10,3
STADTLER2003::Bplus::LSDM_STADTLER2003_MLCLSP_24_seasonal_G012431,24,10,3
STADTLER2003::Bplus::LSDM_STADTLER2003_MLCLSP_24_seasonal_G012432,24,10,3
STADTLER2003::Bplus::LSDM_STADTLER2003_MLCLSP_24_seasonal_G012441,24,10,3
STADTLER2003::Bplus::LSDM_STADTLER2003_MLCLSP_24_seasonal_G012442,24,10,3
STADTLER2003::Bplus::LSDM_STADTLER2003_MLCLSP_24_seasonal_G012531,24,10,3
STADTLER2003::Bplus::LSDM_STADTLER2003_MLCLSP_24_seasonal_G012532,24,10,3
STADTLER2003::Bplus::LSDM_STADTLER2003_MLCLSP_24_seasonal_G012541,24,10,3
STADTLER2003::Bplus::LSDM_STADTLER2003_MLCLSP_24_seasonal_G012542,24,10,3
STADTLER2003::Bplus::LSDM_STADTLER2003_MLCLSP_24_seasonal_G021131,24,10,3
STADTLER2003::Bplus::LSDM_STADTLER2003_MLCLSP_24_seasonal_G021132,24,10,3
STADTLER2003::Bplus::LSDM_STADTLER2003_MLCLSP_24_seasonal_G021141,24,10,3
STADTLER2003::Bplus::LSDM_STADTLER2003_MLCLSP_24_seasonal_G021142,24,10,3
STADTLER2003::Bplus::LSDM_STADTLER2003_MLCLSP_24_seasonal_G021231,24,10,3
STADTLER2003::Bplus::LSDM_STADTLER2003_MLCLSP_24_seasonal_G021232,24,10,3
STADTLER2003::Bplus::LSDM_STADTLER2003_MLCLSP_24_seasonal_G021241,24,10,3
STADTLER2003::Bplus::LSDM_STADTLER2003_MLCLSP_24_seasonal_G021242,24,10,3
STADTLER2003::Bplus::LSDM_STADTLER2003_MLCLSP_24_seasonal_G021331,24,10,3
STADTLER2003::Bplus::LSDM_STADTLER2003_MLCLSP_24_seasonal_G021332,24,10,3
STADTLER2003::Bplus::LSDM_STADTLER2003_MLCLSP_24_seasonal_G021341,24,10,3
STADTLER2003::Bplus::LSDM_STADTLER2003_MLCLSP_24_seasonal_G021342,24,10,3
STADTLER2003::Bplus::LSDM_STADTLER2003_MLCLSP_24_seasonal_G021431,24,10,3
STADTLER2003::Bplus::LSDM_STADTLER2003_MLCLSP_24_seasonal_G021432,24,10,3
STADTLER2003::Bplus::LSDM_STADTLER2003_MLCLSP_24_seasonal_G021441,24,10,3
STADTLER2003::Bplus::LSDM_STADTLER2003_MLCLSP_24_seasonal_G021442,24,10,3
STADTLER2003::Bplus::LSDM_STADTLER2003_MLCLSP_24_seasonal_G021531,24,10,3
STADTLER2003::Bplus::LSDM_STADTLER2003_MLCLSP_24_seasonal_G021532,24,10,3
STADTLER2003::Bplus::LSDM_STADTLER2003_MLCLSP_24_seasonal_G021541,24,10,3
STADTLER2003::Bplus::LSDM_STADTLER2003_MLCLSP_24_seasonal_G021542,24,10,3
STADTLER2003::Bplus::LSDM_STADTLER2003_MLCLSP_24_seasonal_G022131,24,10,3
STADTLER2003::Bplus::LSDM_STADTLER2003_MLCLSP_24_seasonal_G022132,24,10,3
STADTLER2003::Bplus::LSDM_STADTLER2003_MLCLSP_24_seasonal_G022141,24,10,3
STADTLER2003::Bplus::LSDM_STADTLER2003_MLCLSP_24_seasonal_G022142,24,10,3
STADTLER2003::Bplus::LSDM_STADTLER2003_MLCLSP_24_seasonal_G022231,24,10,3
STADTLER2003::Bplus::LSDM_STADTLER2003_MLCLSP_24_seasonal_G022232,24,10,3
STADTLER2003::Bplus::LSDM_STADTLER2003_MLCLSP_24_seasonal_G022241,24,10,3
STADTLER2003::Bplus::LSDM_STADTLER2003_MLCLSP_24_seasonal_G022242,24,10,3
STADTLER2003::Bplus::LSDM_STADTLER2003_MLCLSP_24_seasonal_G022331,24,10,3
STADTLER2003::Bplus::LSDM_STADTLER2003_MLCLSP_24_seasonal_G022332,24,10,3
STADTLER2003::Bplus::LSDM_STADTLER2003_MLCLSP_24_seasonal_G022341,24,10,3
STADTLER2003::Bplus::LSDM_STADTLER2003_MLCLSP_24_seasonal_G022342,24,10,3
STADTLER2003::Bplus::LSDM_STADTLER2003_MLCLSP_24_seasonal_G022431,24,10,3
STADTLER2003::Bplus::LSDM_STADTLER2003_MLCLSP_24_seasonal_G022432,24,10,3
STADTLER2003::Bplus::LSDM_STADTLER2003_MLCLSP_24_seasonal_G022441,24,10,3
STADTLER2003::Bplus::LSDM_STADTLER2003_MLCLSP_24_seasonal_G022442,24,10,3
STADTLER2003::Bplus::LSDM_STADTLER2003_MLCLSP_24_seasonal_G022531,24,10,3
STADTLER2003::Bplus::LSDM_STADTLER2003_MLCLSP_24_seasonal_G022532,24,10,3
STADTLER2003::Bplus::LSDM_STADTLER2003_MLCLSP_24_seasonal_G022541,24,10,3
STADTLER2003::Bplus::LSDM_STADTLER2003_MLCLSP_24_seasonal_G022542,24,10,3
STADTLER2003::Bplus::LSDM_STADTLER2003_MLCLSP_24_seasonal_G511131,24,10,3
STADTLER2003::Bplus::LSDM_STADTLER2003_MLCLSP_24_seasonal_G511132,24,10,3
STADTLER2003::Bplus::LSDM_STADTLER2003_MLCLSP_24_seasonal_G511141,24,10,3
STADTLER2003::Bplus::LSDM_STADTLER2003_MLCLSP_24_seasonal_G511142,24,10,3
STADTLER2003::Bplus::LSDM_STADTLER2003_MLCLSP_24_seasonal_G511231,24,10,3
STADTLER2003::Bplus::LSDM_STADTLER2003_MLCLSP_24_seasonal_G511232,24,10,3
STADTLER2003::Bplus::LSDM_STADTLER2003_MLCLSP_24_seasonal_G511241,24,10,3
STADTLER2003::Bplus::LSDM_STADTLER2003_MLCLSP_24_seasonal_G511242,24,10,3
STADTLER2003::Bplus::LSDM_STADTLER2003_MLCLSP_24_seasonal_G511331,24,10,3
STADTLER2003::Bplus::LSDM_STADTLER2003_MLCLSP_24_seasonal_G511332,24,10,3
STADTLER2003::Bplus::LSDM_STADTLER2003_MLCLSP_24_seasonal_G511341,24,10,3
STADTLER2003::Bplus::LSDM_STADTLER2003_MLCLSP_24_seasonal_G511342,24,10,3
STADTLER2003::Bplus::LSDM_STADTLER2003_MLCLSP_24_seasonal_G511431,24,10,3
STADTLER2003::Bplus::LSDM_STADTLER2003_MLCLSP_24_seasonal_G511432,24,10,3
STADTLER2003::Bplus::LSDM_STADTLER2003_MLCLSP_24_seasonal_G511441,24,10,3
STADTLER2003::Bplus::LSDM_STADTLER2003_MLCLSP_24_seasonal_G511442,24,10,3
STADTLER2003::Bplus::LSDM_STADTLER2003_MLCLSP_24_seasonal_G511531,24,10,3
STADTLER2003::Bplus::LSDM_STADTLER2003_MLCLSP_24_seasonal_G511532,24,10,3
STADTLER2003::Bplus::LSDM_STADTLER2003_MLCLSP_24_seasonal_G511541,24,10,3
STADTLER2003::Bplus::LSDM_STADTLER2003_MLCLSP_24_seasonal_G511542,24,10,3
STADTLER2003::Bplus::LSDM_STADTLER2003_MLCLSP_24_seasonal_G512131,24,10,3
STADTLER2003::Bplus::LSDM_STADTLER2003_MLCLSP_24_seasonal_G512132,24,10,3
STADTLER2003::Bplus::LSDM_STADTLER2003_MLCLSP_24_seasonal_G512141,24,10,3
STADTLER2003::Bplus::LSDM_STADTLER2003_MLCLSP_24_seasonal_G512142,24,10,3
STADTLER2003::Bplus::LSDM_STADTLER2003_MLCLSP_24_seasonal_G512231,24,10,3
STADTLER2003::Bplus::LSDM_STADTLER2003_MLCLSP_24_seasonal_G512232,24,10,3
STADTLER2003::Bplus::LSDM_STADTLER2003_MLCLSP_24_seasonal_G512241,24,10,3
STADTLER2003::Bplus::LSDM_STADTLER2003_MLCLSP_24_seasonal_G512242,24,10,3
STADTLER2003::Bplus::LSDM_STADTLER2003_MLCLSP_24_seasonal_G512331,24,10,3
STADTLER2003::Bplus::LSDM_STADTLER2003_MLCLSP_24_seasonal_G512332,24,10,3
STADTLER2003::Bplus::LSDM_STADTLER2003_MLCLSP_24_seasonal_G512341,24,10,3
STADTLER2003::Bplus::LSDM_STADTLER2003_MLCLSP_24_seasonal_G512342,24,10,3
STADTLER2003::Bplus::LSDM_STADTLER2003_MLCLSP_24_seasonal_G512431,24,10,3
STADTLER2003::Bplus::LSDM_STADTLER2003_MLCLSP_24_seasonal_G512432,24,10,3
STADTLER2003::Bplus::LSDM_STADTLER2003_MLCLSP_24_seasonal_G512441,24,10,3
STADTLER2003::Bplus::LSDM_STADTLER2003_MLCLSP_24_seasonal_G512442,24,10,3
STADTLER2003::Bplus::LSDM_STADTLER2003_MLCLSP_24_seasonal_G512531,24,10,3
STADTLER2003::Bplus::LSDM_STADTLER2003_MLCLSP_24_seasonal_G512532,24,10,3
STADTLER2003::Bplus::LSDM_STADTLER2003_MLCLSP_24_seasonal_G512541,24,10,3
STADTLER2003::Bplus::LSDM_STADTLER2003_MLCLSP_24_seasonal_G512542,24,10,3
STADTLER2003::Bplus::LSDM_STADTLER2003_MLCLSP_24_seasonal_G521131,24,10,3
STADTLER2003::Bplus::LSDM_STADTLER2003_MLCLSP_24_seasonal_G521132,24,10,3
STADTLER2003::Bplus::LSDM_STADTLER2003_MLCLSP_24_seasonal_G521141,24,10,3
STADTLER2003::Bplus::LSDM_STADTLER2003_MLCLSP_24_seasonal_G521142,24,10,3
STADTLER2003::Bplus::LSDM_STADTLER2003_MLCLSP_24_seasonal_G521231,24,10,3
STADTLER2003::Bplus::LSDM_STADTLER2003_MLCLSP_24_seasonal_G521232,24,10,3
STADTLER2003::Bplus::LSDM_STADTLER2003_MLCLSP_24_seasonal_G521241,24,10,3
STADTLER2003::Bplus::LSDM_STADTLER2003_MLCLSP_24_seasonal_G521242,24,10,3
STADTLER2003::Bplus::LSDM_STADTLER2003_MLCLSP_24_seasonal_G521331,24,10,3
STADTLER2003::Bplus::LSDM_STADTLER2003_MLCLSP_24_seasonal_G521332,24,10,3
STADTLER2003::Bplus::LSDM_STADTLER2003_MLCLSP_24_seasonal_G521341,24,10,3
STADTLER2003::Bplus::LSDM_STADTLER2003_MLCLSP_24_seasonal_G521342,24,10,3
STADTLER2003::Bplus::LSDM_STADTLER2003_MLCLSP_24_seasonal_G521431,24,10,3
STADTLER2003::Bplus::LSDM_STADTLER2003_MLCLSP_24_seasonal_G521432,24,10,3
STADTLER2003::Bplus::LSDM_STADTLER2003_MLCLSP_24_seasonal_G521441,24,10,3
STADTLER2003::Bplus::LSDM_STADTLER2003_MLCLSP_24_seasonal_G521442,24,10,3
STADTLER2003::Bplus::LSDM_STADTLER2003_MLCLSP_24_seasonal_G521531,24,10,3
STADTLER2003::Bplus::LSDM_STADTLER2003_MLCLSP_24_seasonal_G521532,24,10,3
STADTLER2003::Bplus::LSDM_STADTLER2003_MLCLSP_24_seasonal_G521541,24,10,3
STADTLER2003::Bplus::LSDM_STADTLER2003_MLCLSP_24_seasonal_G521542,24,10,3
STADTLER2003::Bplus::LSDM_STADTLER2003_MLCLSP_24_seasonal_G522131,24,10,3
STADTLER2003::Bplus::LSDM_STADTLER2003_MLCLSP_24_seasonal_G522132,24,10,3
STADTLER2003::Bplus::LSDM_STADTLER2003_MLCLSP_24_seasonal_G522141,24,10,3
STADTLER2003::Bplus::LSDM_STADTLER2003_MLCLSP_24_seasonal_G522142,24,10,3
STADTLER2003::Bplus::LSDM_STADTLER2003_MLCLSP_24_seasonal_G522231,24,10,3
STADTLER2003::Bplus::LSDM_STADTLER2003_MLCLSP_24_seasonal_G522232,24,10,3
STADTLER2003::Bplus::LSDM_STADTLER2003_MLCLSP_24_seasonal_G522241,24,10,3
STADTLER2003::Bplus::LSDM_STADTLER2003_MLCLSP_24_seasonal_G522242,24,10,3
STADTLER2003::Bplus::LSDM_STADTLER2003_MLCLSP_24_seasonal_G522331,24,10,3
STADTLER2003::Bplus::LSDM_STADTLER2003_MLCLSP_24_seasonal_G522332,24,10,3
STADTLER2003::Bplus::LSDM_STADTLER2003_MLCLSP_24_seasonal_G522341,24,10,3
STADTLER2003::Bplus::LSDM_STADTLER2003_MLCLSP_24_seasonal_G522342,24,10,3
STADTLER2003::Bplus::LSDM_STADTLER2003_MLCLSP_24_seasonal_G522431,24,10,3
STADTLER2003::Bplus::LSDM_STADTLER2003_MLCLSP_24_seasonal_G522432,24,10,3
STADTLER2003::Bplus::LSDM_STADTLER2003_MLCLSP_24_seasonal_G522441,24,10,3
STADTLER2003::Bplus::LSDM_STADTLER2003_MLCLSP_24_seasonal_G522442,24,10,3
STADTLER2003::Bplus::LSDM_STADTLER2003_MLCLSP_24_seasonal_G522531,24,10,3
STADTLER2003::Bplus::LSDM_STADTLER2003_MLCLSP_24_seasonal_G522532,24,10,3
STADTLER2003::Bplus::LSDM_STADTLER2003_MLCLSP_24_seasonal_G522541,24,10,3
STADTLER2003::Bplus::LSDM_STADTLER2003_MLCLSP_24_seasonal_G522542,24,10,3
STADTLER2003::Bplus::LSDM_STADTLER2003_MLCLSP_24_seasonal_G531131,24,10,3
STADTLER2003::Bplus::LSDM_STADTLER2003_MLCLSP_24_seasonal_G531132,24,10,3
STADTLER2003::Bplus::LSDM_STADTLER2003_MLCLSP_24_seasonal_G531141,24,10,3
STADTLER2003::Bplus::LSDM_STADTLER2003_MLCLSP_24_seasonal_G531142,24,10,3
STADTLER2003::Bplus::LSDM_STADTLER2003_MLCLSP_24_seasonal_G531231,24,10,3
STADTLER2003::Bplus::LSDM_STADTLER2003_MLCLSP_24_seasonal_G531232,24,10,3
STADTLER2003::Bplus::LSDM_STADTLER2003_MLCLSP_24_seasonal_G531241,24,10,3
STADTLER2003::Bplus::LSDM_STADTLER2003_MLCLSP_24_seasonal_G531242,24,10,3
STADTLER2003::Bplus::LSDM_STADTLER2003_MLCLSP_24_seasonal_G531331,24,10,3
STADTLER2003::Bplus::LSDM_STADTLER2003_MLCLSP_24_seasonal_G531332,24,10,3
STADTLER2003::Bplus::LSDM_STADTLER2003_MLCLSP_24_seasonal_G531341,24,10,3
STADTLER2003::Bplus::LSDM_STADTLER2003_MLCLSP_24_seasonal_G531342,24,10,3
STADTLER2003::Bplus::LSDM_STADTLER2003_MLCLSP_24_seasonal_G531431,24,10,3
STADTLER2003::Bplus::LSDM_STADTLER2003_MLCLSP_24_seasonal_G531432,24,10,3
STADTLER2003::Bplus::LSDM_STADTLER2003_MLCLSP_24_seasonal_G531441,24,10,3
STADTLER2003::Bplus::LSDM_STADTLER2003_MLCLSP_24_seasonal_G531442,24,10,3
STADTLER2003::Bplus::LSDM_STADTLER2003_MLCLSP_24_seasonal_G531531,24,10,3
STADTLER2003::Bplus::LSDM_STADTLER2003_MLCLSP_24_seasonal_G531532,24,10,3
STADTLER2003::Bplus::LSDM_STADTLER2003_MLCLSP_24_seasonal_G531541,24,10,3
STADTLER2003::Bplus::LSDM_STADTLER2003_MLCLSP_24_seasonal_G531542,24,10,3
STADTLER2003::Bplus::LSDM_STADTLER2003_MLCLSP_24_seasonal_G532131,24,10,3
STADTLER2003::Bplus::LSDM_STADTLER2003_MLCLSP_24_seasonal_G532132,24,10,3
STADTLER2003::Bplus::LSDM_STADTLER2003_MLCLSP_24_seasonal_G532141,24,10,3
STADTLER2003::Bplus::LSDM_STADTLER2003_MLCLSP_24_seasonal_G532142,24,10,3
STADTLER2003::Bplus::LSDM_STADTLER2003_MLCLSP_24_seasonal_G532231,24,10,3
STADTLER2003::Bplus::LSDM_STADTLER2003_MLCLSP_24_seasonal_G532232,24,10,3
STADTLER2003::Bplus::LSDM_STADTLER2003_MLCLSP_24_seasonal_G532241,24,10,3
STADTLER2003::Bplus::LSDM_STADTLER2003_MLCLSP_24_seasonal_G532242,24,10,3
STADTLER2003::Bplus::LSDM_STADTLER2003_MLCLSP_24_seasonal_G532331,24,10,3
STADTLER2003::Bplus::LSDM_STADTLER2003_MLCLSP_24_seasonal_G532332,24,10,3
STADTLER2003::Bplus::LSDM_STADTLER2003_MLCLSP_24_seasonal_G532341,24,10,3
STADTLER2003::Bplus::LSDM_STADTLER2003_MLCLSP_24_seasonal_G532342,24,10,3
STADTLER2003::Bplus::LSDM_STADTLER2003_MLCLSP_24_seasonal_G532431,24,10,3
STADTLER2003::Bplus::LSDM_STADTLER2003_MLCLSP_24_seasonal_G532432,24,10,3
STADTLER2003::Bplus::LSDM_STADTLER2003_MLCLSP_24_seasonal_G532441,24,10,3
STADTLER2003::Bplus::LSDM_STADTLER2003_MLCLSP_24_seasonal_G532442,24,10,3
STADTLER2003::Bplus::LSDM_STADTLER2003_MLCLSP_24_seasonal_G532531,24,10,3
STADTLER2003::Bplus::LSDM_STADTLER2003_MLCLSP_24_seasonal_G532532,24,10,3
STADTLER2003::Bplus::LSDM_STADTLER2003_MLCLSP_24_seasonal_G532541,24,10,3
STADTLER2003::Bplus::LSDM_STADTLER2003_MLCLSP_24_seasonal_G532542,24,10,3
STADTLER2003::Bplus::LSDM_STADTLER2003_MLCLSP_24_seasonal_G541131,24,10,3
STADTLER2003::Bplus::LSDM_STADTLER2003_MLCLSP_24_seasonal_G541132,24,10,3
STADTLER2003::Bplus::LSDM_STADTLER2003_MLCLSP_24_seasonal_G541141,24,10,3
STADTLER2003::Bplus::LSDM_STADTLER2003_MLCLSP_24_seasonal_G541142,24,10,3
STADTLER2003::Bplus::LSDM_STADTLER2003_MLCLSP_24_seasonal_G541231,24,10,3
STADTLER2003::Bplus::LSDM_STADTLER2003_MLCLSP_24_seasonal_G541232,24,10,3
STADTLER2003::Bplus::LSDM_STADTLER2003_MLCLSP_24_seasonal_G541241,24,10,3
STADTLER2003::Bplus::LSDM_STADTLER2003_MLCLSP_24_seasonal_G541242,24,10,3
STADTLER2003::Bplus::LSDM_STADTLER2003_MLCLSP_24_seasonal_G541331,24,10,3
STADTLER2003::Bplus::LSDM_STADTLER2003_MLCLSP_24_seasonal_G541332,24,10,3
STADTLER2003::Bplus::LSDM_STADTLER2003_MLCLSP_24_seasonal_G541341,24,10,3
STADTLER2003::Bplus::LSDM_STADTLER2003_MLCLSP_24_seasonal_G541342,24,10,3
STADTLER2003::Bplus::LSDM_STADTLER2003_MLCLSP_24_seasonal_G541431,24,10,3
STADTLER2003::Bplus::LSDM_STADTLER2003_MLCLSP_24_seasonal_G541432,24,10,3
STADTLER2003::Bplus::LSDM_STADTLER2003_MLCLSP_24_seasonal_G541441,24,10,3
STADTLER2003::Bplus::LSDM_STADTLER2003_MLCLSP_24_seasonal_G541442,24,10,3
STADTLER2003::Bplus::LSDM_STADTLER2003_MLCLSP_24_seasonal_G541531,24,10,3
STADTLER2003::Bplus::LSDM_STADTLER2003_MLCLSP_24_seasonal_G541532,24,10,3
STADTLER2003::Bplus::LSDM_STADTLER2003_MLCLSP_24_seasonal_G541541,24,10,3
STADTLER2003::Bplus::LSDM_STADTLER2003_MLCLSP_24_seasonal_G541542,24,10,3
STADTLER2003::Bplus::LSDM_STADTLER2003_MLCLSP_24_seasonal_G542131,24,10,3
STADTLER2003::Bplus::LSDM_STADTLER2003_MLCLSP_24_seasonal_G542132,24,10,3
STADTLER2003::Bplus::LSDM_STADTLER2003_MLCLSP_24_seasonal_G542141,24,10,3
STADTLER2003::Bplus::LSDM_STADTLER2003_MLCLSP_24_seasonal_G542142,24,10,3
STADTLER2003::Bplus::LSDM_STADTLER2003_MLCLSP_24_seasonal_G542231,24,10,3
STADTLER2003::Bplus::LSDM_STADTLER2003_MLCLSP_24_seasonal_G542232,24,10,3
STADTLER2003::Bplus::LSDM_STADTLER2003_MLCLSP_24_seasonal_G542241,24,10,3
STADTLER2003::Bplus::LSDM_STADTLER2003_MLCLSP_24_seasonal_G542242,24,10,3
STADTLER2003::Bplus::LSDM_STADTLER2003_MLCLSP_24_seasonal_G542331,24,10,3
STADTLER2003::Bplus::LSDM_STADTLER2003_MLCLSP_24_seasonal_G542332,24,10,3
STADTLER2003::Bplus::LSDM_STADTLER2003_MLCLSP_24_seasonal_G542341,24,10,3
STADTLER2003::Bplus::LSDM_STADTLER2003_MLCLSP_24_seasonal_G542342,24,10,3
STADTLER2003::Bplus::LSDM_STADTLER2003_MLCLSP_24_seasonal_G542431,24,10,3
STADTLER2003::Bplus::LSDM_STADTLER2003_MLCLSP_24_seasonal_G542432,24,10,3
STADTLER2003::Bplus::LSDM_STADTLER2003_MLCLSP_24_seasonal_G542441,24,10,3
STADTLER2003::Bplus::LSDM_STADTLER2003_MLCLSP_24_seasonal_G542442,24,10,3
STADTLER2003::Bplus::LSDM_STADTLER2003_MLCLSP_24_seasonal_G542531,24,10,3
STADTLER2003::Bplus::LSDM_STADTLER2003_MLCLSP_24_seasonal_G542532,24,10,3
STADTLER2003::Bplus::LSDM_STADTLER2003_MLCLSP_24_seasonal_G542541,24,10,3
STADTLER2003::Bplus::LSDM_STADTLER2003_MLCLSP_24_seasonal_G542542,24,10,3
STADTLER2003::Bplus::LSDM_STADTLER2003_MLCLSP_24_seasonal_K011131,24,10,3
STADTLER2003::Bplus::LSDM_STADTLER2003_MLCLSP_24_seasonal_K011132,24,10,3
STADTLER2003::Bplus::LSDM_STADTLER2003_MLCLSP_24_seasonal_K011141,24,10,3
STADTLER2003::Bplus::LSDM_STADTLER2003_MLCLSP_24_seasonal_K011142,24,10,3
STADTLER2003::Bplus::LSDM_STADTLER2003_MLCLSP_24_seasonal_K011231,24,10,3
STADTLER2003::Bplus::LSDM_STADTLER2003_MLCLSP_24_seasonal_K011232,24,10,3
STADTLER2003::Bplus::LSDM_STADTLER2003_MLCLSP_24_seasonal_K011241,24,10,3
STADTLER2003::Bplus::LSDM_STADTLER2003_MLCLSP_24_seasonal_K011242,24,10,3
STADTLER2003::Bplus::LSDM_STADTLER2003_MLCLSP_24_seasonal_K011331,24,10,3
STADTLER2003::Bplus::LSDM_STADTLER2003_MLCLSP_24_seasonal_K011332,24,10,3
STADTLER2003::Bplus::LSDM_STADTLER2003_MLCLSP_24_seasonal_K011341,24,10,3
STADTLER2003::Bplus::LSDM_STADTLER2003_MLCLSP_24_seasonal_K011342,24,10,3
STADTLER2003::Bplus::LSDM_STADTLER2003_MLCLSP_24_seasonal_K011431,24,10,3
STADTLER2003::Bplus::LSDM_STADTLER2003_MLCLSP_24_seasonal_K011432,24,10,3
STADTLER2003::Bplus::LSDM_STADTLER2003_MLCLSP_24_seasonal_K011441,24,10,3
STADTLER2003::Bplus::LSDM_STADTLER2003_MLCLSP_24_seasonal_K011442,24,10,3
STADTLER2003::Bplus::LSDM_STADTLER2003_MLCLSP_24_seasonal_K011531,24,10,3
STADTLER2003::Bplus::LSDM_STADTLER2003_MLCLSP_24_seasonal_K011532,24,10,3
STADTLER2003::Bplus::LSDM_STADTLER2003_MLCLSP_24_seasonal_K011541,24,10,3
STADTLER2003::Bplus::LSDM_STADTLER2003_MLCLSP_24_seasonal_K011542,24,10,3
STADTLER2003::Bplus::LSDM_STADTLER2003_MLCLSP_24_seasonal_K012131,24,10,3
STADTLER2003::Bplus::LSDM_STADTLER2003_MLCLSP_24_seasonal_K012132,24,10,3
STADTLER2003::Bplus::LSDM_STADTLER2003_MLCLSP_24_seasonal_K012141,24,10,3
STADTLER2003::Bplus::LSDM_STADTLER2003_MLCLSP_24_seasonal_K012142,24,10,3
STADTLER2003::Bplus::LSDM_STADTLER2003_MLCLSP_24_seasonal_K012231,24,10,3
STADTLER2003::Bplus::LSDM_STADTLER2003_MLCLSP_24_seasonal_K012232,24,10,3
STADTLER2003::Bplus::LSDM_STADTLER2003_MLCLSP_24_seasonal_K012241,24,10,3
STADTLER2003::Bplus::LSDM_STADTLER2003_MLCLSP_24_seasonal_K012242,24,10,3
STADTLER2003::Bplus::LSDM_STADTLER2003_MLCLSP_24_seasonal_K012331,24,10,3
STADTLER2003::Bplus::LSDM_STADTLER2003_MLCLSP_24_seasonal_K012332,24,10,3
STADTLER2003::Bplus::LSDM_STADTLER2003_MLCLSP_24_seasonal_K012341,24,10,3
STADTLER2003::Bplus::LSDM_STADTLER2003_MLCLSP_24_seasonal_K012342,24,10,3
STADTLER2003::Bplus::LSDM_STADTLER2003_MLCLSP_24_seasonal_K012431,24,10,3
STADTLER2003::Bplus::LSDM_STADTLER2003_MLCLSP_24_seasonal_K012432,24,10,3
STADTLER2003::Bplus::LSDM_STADTLER2003_MLCLSP_24_seasonal_K012441,24,10,3
STADTLER2003::Bplus::LSDM_STADTLER2003_MLCLSP_24_seasonal_K012442,24,10,3
STADTLER2003::Bplus::LSDM_STADTLER2003_MLCLSP_24_seasonal_K012531,24,10,3
STADTLER2003::Bplus::LSDM_STADTLER2003_MLCLSP_24_seasonal_K012532,24,10,3
STADTLER2003::Bplus::LSDM_STADTLER2003_MLCLSP_24_seasonal_K012541,24,10,3
STADTLER2003::Bplus::LSDM_STADTLER2003_MLCLSP_24_seasonal_K012542,24,10,3
STADTLER2003::Bplus::LSDM_STADTLER2003_MLCLSP_24_seasonal_K021131,24,10,3
STADTLER2003::Bplus::LSDM_STADTLER2003_MLCLSP_24_seasonal_K021132,24,10,3
STADTLER2003::Bplus::LSDM_STADTLER2003_MLCLSP_24_seasonal_K021141,24,10,3
STADTLER2003::Bplus::LSDM_STADTLER2003_MLCLSP_24_seasonal_K021142,24,10,3
STADTLER2003::Bplus::LSDM_STADTLER2003_MLCLSP_24_seasonal_K021231,24,10,3
STADTLER2003::Bplus::LSDM_STADTLER2003_MLCLSP_24_seasonal_K021232,24,10,3
STADTLER2003::Bplus::LSDM_STADTLER2003_MLCLSP_24_seasonal_K021241,24,10,3
STADTLER2003::Bplus::LSDM_STADTLER2003_MLCLSP_24_seasonal_K021242,24,10,3
STADTLER2003::Bplus::LSDM_STADTLER2003_MLCLSP_24_seasonal_K021331,24,10,3
STADTLER2003::Bplus::LSDM_STADTLER2003_MLCLSP_24_seasonal_K021332,24,10,3
STADTLER2003::Bplus::LSDM_STADTLER2003_MLCLSP_24_seasonal_K021341,24,10,3
STADTLER2003::Bplus::LSDM_STADTLER2003_MLCLSP_24_seasonal_K021342,24,10,3
STADTLER2003::Bplus::LSDM_STADTLER2003_MLCLSP_24_seasonal_K021431,24,10,3
STADTLER2003::Bplus::LSDM_STADTLER2003_MLCLSP_24_seasonal_K021432,24,10,3
STADTLER2003::Bplus::LSDM_STADTLER2003_MLCLSP_24_seasonal_K021441,24,10,3
STADTLER2003::Bplus::LSDM_STADTLER2003_MLCLSP_24_seasonal_K021442,24,10,3
STADTLER2003::Bplus::LSDM_STADTLER2003_MLCLSP_24_seasonal_K021531,24,10,3
STADTLER2003::Bplus::LSDM_STADTLER2003_MLCLSP_24_seasonal_K021532,24,10,3
STADTLER2003::Bplus::LSDM_STADTLER2003_MLCLSP_24_seasonal_K021541,24,10,3
STADTLER2003::Bplus::LSDM_STADTLER2003_MLCLSP_24_seasonal_K021542,24,10,3
STADTLER2003::Bplus::LSDM_STADTLER2003_MLCLSP_24_seasonal_K022131,24,10,3
STADTLER2003::Bplus::LSDM_STADTLER2003_MLCLSP_24_seasonal_K022132,24,10,3
STADTLER2003::Bplus::LSDM_STADTLER2003_MLCLSP_24_seasonal_K022141,24,10,3
STADTLER2003::Bplus::LSDM_STADTLER2003_MLCLSP_24_seasonal_K022142,24,10,3
STADTLER2003::Bplus::LSDM_STADTLER2003_MLCLSP_24_seasonal_K022231,24,10,3
STADTLER2003::Bplus::LSDM_STADTLER2003_MLCLSP_24_seasonal_K022232,24,10,3
STADTLER2003::Bplus::LSDM_STADTLER2003_MLCLSP_24_seasonal_K022241,24,10,3
STADTLER2003::Bplus::LSDM_STADTLER2003_MLCLSP_24_seasonal_K022242,24,10,3
STADTLER2003::Bplus::LSDM_STADTLER2003_MLCLSP_24_seasonal_K022331,24,10,3
STADTLER2003::Bplus::LSDM_STADTLER2003_MLCLSP_24_seasonal_K022332,24,10,3
STADTLER2003::Bplus::LSDM_STADTLER2003_MLCLSP_24_seasonal_K022341,24,10,3
STADTLER2003::Bplus::LSDM_STADTLER2003_MLCLSP_24_seasonal_K022342,24,10,3
STADTLER2003::Bplus::LSDM_STADTLER2003_MLCLSP_24_seasonal_K022431,24,10,3
STADTLER2003::Bplus::LSDM_STADTLER2003_MLCLSP_24_seasonal_K022432,24,10,3
STADTLER2003::Bplus::LSDM_STADTLER2003_MLCLSP_24_seasonal_K022441,24,10,3
STADTLER2003::Bplus::LSDM_STADTLER2003_MLCLSP_24_seasonal_K022442,24,10,3
STADTLER2003::Bplus::LSDM_STADTLER2003_MLCLSP_24_seasonal_K022531,24,10,3
STADTLER2003::Bplus::LSDM_STADTLER2003_MLCLSP_24_seasonal_K022532,24,10,3
STADTLER2003::Bplus::LSDM_STADTLER2003_MLCLSP_24_seasonal_K022541,24,10,3
STADTLER2003::Bplus::LSDM_STADTLER2003_MLCLSP_24_seasonal_K022542,24,10,3
STADTLER2003::Bplus::LSDM_STADTLER2003_MLCLSP_24_seasonal_K511131,24,10,3
STADTLER2003::Bplus::LSDM_STADTLER2003_MLCLSP_24_seasonal_K511132,24,10,3
STADTLER2003::Bplus::LSDM_STADTLER2003_MLCLSP_24_seasonal_K511141,24,10,3
STADTLER2003::Bplus::LSDM_STADTLER2003_MLCLSP_24_seasonal_K511142,24,10,3
STADTLER2003::Bplus::LSDM_STADTLER2003_MLCLSP_24_seasonal_K511231,24,10,3
STADTLER2003::Bplus::LSDM_STADTLER2003_MLCLSP_24_seasonal_K511232,24,10,3
STADTLER2003::Bplus::LSDM_STADTLER2003_MLCLSP_24_seasonal_K511241,24,10,3
STADTLER2003::Bplus::LSDM_STADTLER2003_MLCLSP_24_seasonal_K511242,24,10,3
STADTLER2003::Bplus::LSDM_STADTLER2003_MLCLSP_24_seasonal_K511331,24,10,3
STADTLER2003::Bplus::LSDM_STADTLER2003_MLCLSP_24_seasonal_K511332,24,10,3
STADTLER2003::Bplus::LSDM_STADTLER2003_MLCLSP_24_seasonal_K511341,24,10,3
STADTLER2003::Bplus::LSDM_STADTLER2003_MLCLSP_24_seasonal_K511342,24,10,3
STADTLER2003::Bplus::LSDM_STADTLER2003_MLCLSP_24_seasonal_K511431,24,10,3
STADTLER2003::Bplus::LSDM_STADTLER2003_MLCLSP_24_seasonal_K511432,24,10,3
STADTLER2003::Bplus::LSDM_STADTLER2003_MLCLSP_24_seasonal_K511441,24,10,3
STADTLER2003::Bplus::LSDM_STADTLER2003_MLCLSP_24_seasonal_K511442,24,10,3
STADTLER2003::Bplus::LSDM_STADTLER2003_MLCLSP_24_seasonal_K511531,24,10,3
STADTLER2003::Bplus::LSDM_STADTLER2003_MLCLSP_24_seasonal_K511532,24,10,3
STADTLER2003::Bplus::LSDM_STADTLER2003_MLCLSP_24_seasonal_K511541,24,10,3
STADTLER2003::Bplus::LSDM_STADTLER2003_MLCLSP_24_seasonal_K511542,24,10,3
STADTLER2003::Bplus::LSDM_STADTLER2003_MLCLSP_24_seasonal_K512131,24,10,3
STADTLER2003::Bplus::LSDM_STADTLER2003_MLCLSP_24_seasonal_K512132,24,10,3
STADTLER2003::Bplus::LSDM_STADTLER2003_MLCLSP_24_seasonal_K512141,24,10,3
STADTLER2003::Bplus::LSDM_STADTLER2003_MLCLSP_24_seasonal_K512142,24,10,3
STADTLER2003::Bplus::LSDM_STADTLER2003_MLCLSP_24_seasonal_K512231,24,10,3
STADTLER2003::Bplus::LSDM_STADTLER2003_MLCLSP_24_seasonal_K512232,24,10,3
STADTLER2003::Bplus::LSDM_STADTLER2003_MLCLSP_24_seasonal_K512241,24,10,3
STADTLER2003::Bplus::LSDM_STADTLER2003_MLCLSP_24_seasonal_K512242,24,10,3
STADTLER2003::Bplus::LSDM_STADTLER2003_MLCLSP_24_seasonal_K512331,24,10,3
STADTLER2003::Bplus::LSDM_STADTLER2003_MLCLSP_24_seasonal_K512332,24,10,3
STADTLER2003::Bplus::LSDM_STADTLER2003_MLCLSP_24_seasonal_K512341,24,10,3
STADTLER2003::Bplus::LSDM_STADTLER2003_MLCLSP_24_seasonal_K512342,24,10,3
STADTLER2003::Bplus::LSDM_STADTLER2003_MLCLSP_24_seasonal_K512431,24,10,3
STADTLER2003::Bplus::LSDM_STADTLER2003_MLCLSP_24_seasonal_K512432,24,10,3
STADTLER2003::Bplus::LSDM_STADTLER2003_MLCLSP_24_seasonal_K512441,24,10,3
STADTLER2003::Bplus::LSDM_STADTLER2003_MLCLSP_24_seasonal_K512442,24,10,3
STADTLER2003::Bplus::LSDM_STADTLER2003_MLCLSP_24_seasonal_K512531,24,10,3
STADTLER2003::Bplus::LSDM_STADTLER2003_MLCLSP_24_seasonal_K512532,24,10,3
STADTLER2003::Bplus::LSDM_STADTLER2003_MLCLSP_24_seasonal_K512541,24,10,3
STADTLER2003::Bplus::LSDM_STADTLER2003_MLCLSP_24_seasonal_K512542,24,10,3
STADTLER2003::Bplus::LSDM_STADTLER2003_MLCLSP_24_seasonal_K521131,24,10,3
STADTLER2003::Bplus::LSDM_STADTLER2003_MLCLSP_24_seasonal_K521132,24,10,3
STADTLER2003::Bplus::LSDM_STADTLER2003_MLCLSP_24_seasonal_K521141,24,10,3
STADTLER2003::Bplus::LSDM_STADTLER2003_MLCLSP_24_seasonal_K521142,24,10,3
STADTLER2003::Bplus::LSDM_STADTLER2003_MLCLSP_24_seasonal_K521231,24,10,3
STADTLER2003::Bplus::LSDM_STADTLER2003_MLCLSP_24_seasonal_K521232,24,10,3
STADTLER2003::Bplus::LSDM_STADTLER2003_MLCLSP_24_seasonal_K521241,24,10,3
STADTLER2003::Bplus::LSDM_STADTLER2003_MLCLSP_24_seasonal_K521242,24,10,3
STADTLER2003::Bplus::LSDM_STADTLER2003_MLCLSP_24_seasonal_K521331,24,10,3
STADTLER2003::Bplus::LSDM_STADTLER2003_MLCLSP_24_seasonal_K521332,24,10,3
STADTLER2003::Bplus::LSDM_STADTLER2003_MLCLSP_24_seasonal_K521341,24,10,3
STADTLER2003::Bplus::LSDM_STADTLER2003_MLCLSP_24_seasonal_K521342,24,10,3
STADTLER2003::Bplus::LSDM_STADTLER2003_MLCLSP_24_seasonal_K521431,24,10,3
STADTLER2003::Bplus::LSDM_STADTLER2003_MLCLSP_24_seasonal_K521432,24,10,3
STADTLER2003::Bplus::LSDM_STADTLER2003_MLCLSP_24_seasonal_K521441,24,10,3
STADTLER2003::Bplus::LSDM_STADTLER2003_MLCLSP_24_seasonal_K521442,24,10,3
STADTLER2003::Bplus::LSDM_STADTLER2003_MLCLSP_24_seasonal_K521531,24,10,3
STADTLER2003::Bplus::LSDM_STADTLER2003_MLCLSP_24_seasonal_K521532,24,10,3
STADTLER2003::Bplus::LSDM_STADTLER2003_MLCLSP_24_seasonal_K521541,24,10,3
STADTLER2003::Bplus::LSDM_STADTLER2003_MLCLSP_24_seasonal_K521542,24,10,3
STADTLER2003::Bplus::LSDM_STADTLER2003_MLCLSP_24_seasonal_K522131,24,10,3
STADTLER2003::Bplus::LSDM_STADTLER2003_MLCLSP_24_seasonal_K522132,24,10,3
STADTLER2003::Bplus::LSDM_STADTLER2003_MLCLSP_24_seasonal_K522141,24,10,3
STADTLER2003::Bplus::LSDM_STADTLER2003_MLCLSP_24_seasonal_K522142,24,10,3
STADTLER2003::Bplus::LSDM_STADTLER2003_MLCLSP_24_seasonal_K522231,24,10,3
STADTLER2003::Bplus::LSDM_STADTLER2003_MLCLSP_24_seasonal_K522232,24,10,3
STADTLER2003::Bplus::LSDM_STADTLER2003_MLCLSP_24_seasonal_K522241,24,10,3
STADTLER2003::Bplus::LSDM_STADTLER2003_MLCLSP_24_seasonal_K522242,24,10,3
STADTLER2003::Bplus::LSDM_STADTLER2003_MLCLSP_24_seasonal_K522331,24,10,3
STADTLER2003::Bplus::LSDM_STADTLER2003_MLCLSP_24_seasonal_K522332,24,10,3
STADTLER2003::Bplus::LSDM_STADTLER2003_MLCLSP_24_seasonal_K522341,24,10,3
STADTLER2003::Bplus::LSDM_STADTLER2003_MLCLSP_24_seasonal_K522342,24,10,3
STADTLER2003::Bplus::LSDM_STADTLER2003_MLCLSP_24_seasonal_K522431,24,10,3
STADTLER2003::Bplus::LSDM_STADTLER2003_MLCLSP_24_seasonal_K522432,24,10,3
STADTLER2003::Bplus::LSDM_STADTLER2003_MLCLSP_24_seasonal_K522441,24,10,3
STADTLER2003::Bplus::LSDM_STADTLER2003_MLCLSP_24_seasonal_K522442,24,10,3
STADTLER2003::Bplus::LSDM_STADTLER2003_MLCLSP_24_seasonal_K522531,24,10,3
STADTLER2003::Bplus::LSDM_STADTLER2003_MLCLSP_24_seasonal_K522532,24,10,3
STADTLER2003::Bplus::LSDM_STADTLER2003_MLCLSP_24_seasonal_K522541,24,10,3
STADTLER2003::Bplus::LSDM_STADTLER2003_MLCLSP_24_seasonal_K522542,24,10,3
STADTLER2003::C::LSDM_STADTLER2003_MLCLSP_16_erratic_G001120,16,40,6
STADTLER2003::C::LSDM_STADTLER2003_MLCLSP_16_erratic_G001130,16,40,6
STADTLER2003::C::LSDM_STADTLER2003_MLCLSP_16_erratic_G001140,16,40,6
STADTLER2003::C::LSDM_STADTLER2003_MLCLSP_16_erratic_G001220,16,40,6
STADTLER2003::C::LSDM_STADTLER2003_MLCLSP_16_erratic_G001230,16,40,6
STADTLER2003::C::LSDM_STADTLER2003_MLCLSP_16_erratic_G001240,16,40,6
STADTLER2003::C::LSDM_STADTLER2003_MLCLSP_16_erratic_G001320,16,40,6
STADTLER2003::C::LSDM_STADTLER2003_MLCLSP_16_erratic_G001330,16,40,6
STADTLER2003::C::LSDM_STADTLER2003_MLCLSP_16_erratic_G001340,16,40,6
STADTLER2003::C::LSDM_STADTLER2003_MLCLSP_16_erratic_G001420,16,40,6
STADTLER2003::C::LSDM_STADTLER2003_MLCLSP_16_erratic_G001430,16,40,6
STADTLER2003::C::LSDM_STADTLER2003_MLCLSP_16_erratic_G001440,16,40,6
STADTLER2003::C::LSDM_STADTLER2003_MLCLSP_16_erratic_G001520,16,40,6
STADTLER2003::C::LSDM_STADTLER2003_MLCLSP_16_erratic_G001530,16,40,6
STADTLER2003::C::LSDM_STADTLER2003_MLCLSP_16_erratic_G001540,16,40,6
STADTLER2003::C::LSDM_STADTLER2003_MLCLSP_16_erratic_G002120,16,40,6
STADTLER2003::C::LSDM_STADTLER2003_MLCLSP_16_erratic_G002130,16,40,6
STADTLER2003::C::LSDM_STADTLER2003_MLCLSP_16_erratic_G002140,16,40,6
STADTLER2003::C::LSDM_STADTLER2003_MLCLSP_16_erratic_G002220,16,40,6
STADTLER2003::C::LSDM_STADTLER2003_MLCLSP_16_erratic_G002230,16,40,6
STADTLER2003::C::LSDM_STADTLER2003_MLCLSP_16_erratic_G002240,16,40,6
STADTLER2003::C::LSDM_STADTLER2003_MLCLSP_16_erratic_G002320,16,40,6
STADTLER2003::C::LSDM_STADTLER2003_MLCLSP_16_erratic_G002330,16,40,6
STADTLER2003::C::LSDM_STADTLER2003_MLCLSP_16_erratic_G002340,16,40,6
STADTLER2003::C::LSDM_STADTLER2003_MLCLSP_16_erratic_G002420,16,40,6
STADTLER2003::C::LSDM_STADTLER2003_MLCLSP_16_erratic_G002430,16,40,6
STADTLER2003::C::LSDM_STADTLER2003_MLCLSP_16_erratic_G002440,16,40,6
STADTLER2003::C::LSDM_STADTLER2003_MLCLSP_16_erratic_G002520,16,40,6
STADTLER2003::C::LSDM_STADTLER2003_MLCLSP_16_erratic_G002530,16,40,6
STADTLER2003::C::LSDM_STADTLER2003_MLCLSP_16_erratic_G002540,16,40,6
STADTLER2003::C::LSDM_STADTLER2003_MLCLSP_16_erratic_G501120,16,40,6
STADTLER2003::C::LSDM_STADTLER2003_MLCLSP_16_erratic_G501130,16,40,6
STADTLER2003::C::LSDM_STADTLER2003_MLCLSP_16_erratic_G501140,16,40,6
STADTLER2003::C::LSDM_STADTLER2003_MLCLSP_16_erratic_G501220,16,40,6
STADTLER2003::C::LSDM_STADTLER2003_MLCLSP_16_erratic_G501230,16,40,6
STADTLER2003::C::LSDM_STADTLER2003_MLCLSP_16_erratic_G501240,16,40,6
STADTLER2003::C::LSDM_STADTLER2003_MLCLSP_16_erratic_G501320,16,40,6
STADTLER2003::C::LSDM_STADTLER2003_MLCLSP_16_erratic_G501330,16,40,6
STADTLER2003::C::LSDM_STADTLER2003_MLCLSP_16_erratic_G501340,16,40,6
STADTLER2003::C::LSDM_STADTLER2003_MLCLSP_16_erratic_G501420,16,40,6
STADTLER2003::C::LSDM_STADTLER2003_MLCLSP_16_erratic_G501430,16,40,6
STADTLER2003::C::LSDM_STADTLER2003_MLCLSP_16_erratic_G501440,16,40,6
STADTLER2003::C::LSDM_STADTLER2003_MLCLSP_16_erratic_G501520,16,40,6
STADTLER2003::C::LSDM_STADTLER2003_MLCLSP_16_erratic_G501530,16,40,6
STADTLER2003::C::LSDM_STADTLER2003_MLCLSP_16_erratic_G501540,16,40,6
STADTLER2003::C::LSDM_STADTLER2003_MLCLSP_16_erratic_G502120,16,40,6
STADTLER2003::C::LSDM_STADTLER2003_MLCLSP_16_erratic_G502130,16,40,6
STADTLER2003::C::LSDM_STADTLER2003_MLCLSP_16_erratic_G502140,16,40,6
STADTLER2003::C::LSDM_STADTLER2003_MLCLSP_16_erratic_G502220,16,40,6
STADTLER2003::C::LSDM_STADTLER2003_MLCLSP_16_erratic_G502230,16,40,6
STADTLER2003::C::LSDM_STADTLER2003_MLCLSP_16_erratic_G502240,16,40,6
STADTLER2003::C::LSDM_STADTLER2003_MLCLSP_16_erratic_G502320,16,40,6
STADTLER2003::C::LSDM_STADTLER2003_MLCLSP_16_erratic_G502330,16,40,6
STADTLER2003::C::LSDM_STADTLER2003_MLCLSP_16_erratic_G502340,16,40,6
STADTLER2003::C::LSDM_STADTLER2003_MLCLSP_16_erratic_G502420,16,40,6
STADTLER2003::C::LSDM_STADTLER2003_MLCLSP_16_erratic_G502430,16,40,6
STADTLER2003::C::LSDM_STADTLER2003_MLCLSP_16_erratic_G502440,16,40,6
STADTLER2003::C::LSDM_STADTLER2003_MLCLSP_16_erratic_G502520,16,40,6
STADTLER2003::C::LSDM_STADTLER2003_MLCLSP_16_erratic_G502530,16,40,6
STADTLER2003::C::LSDM_STADTLER2003_MLCLSP_16_erratic_G502540,16,40,6
STADTLER2003::C::LSDM_STADTLER2003_MLCLSP_16_erratic_K001120,16,40,6
STADTLER2003::C::LSDM_STADTLER2003_MLCLSP_16_erratic_K001130,16,40,6
STADTLER2003::C::LSDM_STADTLER2003_MLCLSP_16_erratic_K001140,16,40,6
STADTLER2003::C::LSDM_STADTLER2003_MLCLSP_16_erratic_K001220,16,40,6
STADTLER2003::C::LSDM_STADTLER2003_MLCLSP_16_erratic_K001230,16,40,6
STADTLER2003::C::LSDM_STADTLER2003_MLCLSP_16_erratic_K001240,16,40,6
STADTLER2003::C::LSDM_STADTLER2003_MLCLSP_16_erratic_K001320,16,40,6
STADTLER2003::C::LSDM_STADTLER2003_MLCLSP_16_erratic_K001330,16,40,6
STADTLER2003::C::LSDM_STADTLER2003_MLCLSP_16_erratic_K001340,16,40,6
STADTLER2003::C::LSDM_STADTLER2003_MLCLSP_16_erratic_K001420,16,40,6
STADTLER2003::C::LSDM_STADTLER2003_MLCLSP_16_erratic_K001430,16,40,6
STADTLER2003::C::LSDM_STADTLER2003_MLCLSP_16_erratic_K001440,16,40,6
STADTLER2003::C::LSDM_STADTLER2003_MLCLSP_16_erratic_K001520,16,40,6
STADTLER2003::C::LSDM_STADTLER2003_MLCLSP_16_erratic_K001530,16,40,6
STADTLER2003::C::LSDM_STADTLER2003_MLCLSP_16_erratic_K001540,16,40,6
STADTLER2003::C::LSDM_STADTLER2003_MLCLSP_16_erratic_K002120,16,40,6
STADTLER2003::C::LSDM_STADTLER2003_MLCLSP_16_erratic_K002130,16,40,6
STADTLER2003::C::LSDM_STADTLER2003_MLCLSP_16_erratic_K002140,16,40,6
STADTLER2003::C::LSDM_STADTLER2003_MLCLSP_16_erratic_K002220,16,40,6
STADTLER2003::C::LSDM_STADTLER2003_MLCLSP_16_erratic_K002230,16,40,6
STADTLER2003::C::LSDM_STADTLER2003_MLCLSP_16_erratic_K002240,16,40,6
STADTLER2003::C::LSDM_STADTLER2003_MLCLSP_16_erratic_K002320,16,40,6
STADTLER2003::C::LSDM_STADTLER2003_MLCLSP_16_erratic_K002330,16,40,6
STADTLER2003::C::LSDM_STADTLER2003_MLCLSP_16_erratic_K002340,16,40,6
STADTLER2003::C::LSDM_STADTLER2003_MLCLSP_16_erratic_K002420,16,40,6
STADTLER2003::C::LSDM_STADTLER2003_MLCLSP_16_erratic_K002430,16,40,6
STADTLER2003::C::LSDM_STADTLER2003_MLCLSP_16_erratic_K002440,16,40,6
STADTLER2003::C::LSDM_STADTLER2003_MLCLSP_16_erratic_K002520,16,40,6
STADTLER2003::C::LSDM_STADTLER2003_MLCLSP_16_erratic_K002530,16,40,6
STADTLER2003::C::LSDM_STADTLER2003_MLCLSP_16_erratic_K002540,16,40,6
STADTLER2003::C::LSDM_STADTLER2003_MLCLSP_16_erratic_K501120,16,40,6
STADTLER2003::C::LSDM_STADTLER2003_MLCLSP_16_erratic_K501130,16,40,6
STADTLER2003::C::LSDM_STADTLER2003_MLCLSP_16_erratic_K501140,16,40,6
STADTLER2003::C::LSDM_STADTLER2003_MLCLSP_16_erratic_K501220,16,40,6
STADTLER2003::C::LSDM_STADTLER2003_MLCLSP_16_erratic_K501230,16,40,6
STADTLER2003::C::LSDM_STADTLER2003_MLCLSP_16_erratic_K501240,16,40,6
STADTLER2003::C::LSDM_STADTLER2003_MLCLSP_16_erratic_K501320,16,40,6
STADTLER2003::C::LSDM_STADTLER2003_MLCLSP_16_erratic_K501330,16,40,6
STADTLER2003::C::LSDM_STADTLER2003_MLCLSP_16_erratic_K501340,16,40,6
STADTLER2003::C::LSDM_STADTLER2003_MLCLSP_16_erratic_K501420,16,40,6
STADTLER2003::C::LSDM_STADTLER2003_MLCLSP_16_erratic_K501430,16,40,6
STADTLER2003::C::LSDM_STADTLER2003_MLCLSP_16_erratic_K501440,16,40,6
STADTLER2003::C::LSDM_STADTLER2003_MLCLSP_16_erratic_K501520,16,40,6
STADTLER2003::C::LSDM_STADTLER2003_MLCLSP_16_erratic_K501530,16,40,6
STADTLER2003::C::LSDM_STADTLER2003_MLCLSP_16_erratic_K501540,16,40,6
STADTLER2003::C::LSDM_STADTLER2003_MLCLSP_16_erratic_K502120,16,40,6
STADTLER2003::C::LSDM_STADTLER2003_MLCLSP_16_erratic_K502130,16,40,6
STADTLER2003::C::LSDM_STADTLER2003_MLCLSP_16_erratic_K502140,16,40,6
STADTLER2003::C::LSDM_STADTLER2003_MLCLSP_16_erratic_K502220,16,40,6
STADTLER2003::C::LSDM_STADTLER2003_MLCLSP_16_erratic_K502230,16,40,6
STADTLER2003::C::LSDM_STADTLER2003_MLCLSP_16_erratic_K502240,16,40,6
STADTLER2003::C::LSDM_STADTLER2003_MLCLSP_16_erratic_K502320,16,40,6
STADTLER2003::C::LSDM_STADTLER2003_MLCLSP_16_erratic_K502330,16,40,6
STADTLER2003::C::LSDM_STADTLER2003_MLCLSP_16_erratic_K502340,16,40,6
STADTLER2003::C::LSDM_STADTLER2003_MLCLSP_16_erratic_K502420,16,40,6
STADTLER2003::C::LSDM_STADTLER2003_MLCLSP_16_erratic_K502430,16,40,6
STADTLER2003::C::LSDM_STADTLER2003_MLCLSP_16_erratic_K502440,16,40,6
STADTLER2003::C::LSDM_STADTLER2003_MLCLSP_16_erratic_K502520,16,40,6
STADTLER2003::C::LSDM_STADTLER2003_MLCLSP_16_erratic_K502530,16,40,6
STADTLER2003::C::LSDM_STADTLER2003_MLCLSP_16_erratic_K502540,16,40,6
STADTLER2003::C::LSDM_STADTLER2003_MLCLSP_16_seasonal_G001121,16,40,6
STADTLER2003::C::LSDM_STADTLER2003_MLCLSP_16_seasonal_G001122,16,40,6
STADTLER2003::C::LSDM_STADTLER2003_MLCLSP_16_seasonal_G001131,16,40,6
STADTLER2003::C::LSDM_STADTLER2003_MLCLSP_16_seasonal_G001132,16,40,6
STADTLER2003::C::LSDM_STADTLER2003_MLCLSP_16_seasonal_G001141,16,40,6
STADTLER2003::C::LSDM_STADTLER2003_MLCLSP_16_seasonal_G001142,16,40,6
STADTLER2003::C::LSDM_STADTLER2003_MLCLSP_16_seasonal_G001221,16,40,6
STADTLER2003::C::LSDM_STADTLER2003_MLCLSP_16_seasonal_G001222,16,40,6
STADTLER2003::C::LSDM_STADTLER2003_MLCLSP_16_seasonal_G001231,16,40,6
STADTLER2003::C::LSDM_STADTLER2003_MLCLSP_16_seasonal_G001232,16,40,6
STADTLER2003::C::LSDM_STADTLER2003_MLCLSP_16_seasonal_G001241,16,40,6
STADTLER2003::C::LSDM_STADTLER2003_MLCLSP_16_seasonal_G001242,16,40,6
STADTLER2003::C::LSDM_STADTLER2003_MLCLSP_16_seasonal_G001321,16,40,6
STADTLER2003::C::LSDM_STADTLER2003_MLCLSP_16_seasonal_G001322,16,40,6
STADTLER2003::C::LSDM_STADTLER2003_MLCLSP_16_seasonal_G001331,16,40,6
STADTLER2003::C::LSDM_STADTLER2003_MLCLSP_16_seasonal_G001332,16,40,6
STADTLER2003::C::LSDM_STADTLER2003_MLCLSP_16_seasonal_G001341,16,40,6
STADTLER2003::C::LSDM_STADTLER2003_MLCLSP_16_seasonal_G001342,16,40,6
STADTLER2003::C::LSDM_STADTLER2003_MLCLSP_16_seasonal_G001421,16,40,6
STADTLER2003::C::LSDM_STADTLER2003_MLCLSP_16_seasonal_G001422,16,40,6
STADTLER2003::C::LSDM_STADTLER2003_MLCLSP_16_seasonal_G001431,16,40,6
STADTLER2003::C::LSDM_STADTLER2003_MLCLSP_16_seasonal_G001432,16,40,6
STADTLER2003::C::LSDM_STADTLER2003_MLCLSP_16_seasonal_G001441,16,40,6
STADTLER2003::C::LSDM_STADTLER2003_MLCLSP_16_seasonal_G001442,16,40,6
STADTLER2003::C::LSDM_STADTLER2003_MLCLSP_16_seasonal_G001521,16,40,6
STADTLER2003::C::LSDM_STADTLER2003_MLCLSP_16_seasonal_G001522,16,40,6
STADTLER2003::C::LSDM_STADTLER2003_MLCLSP_16_seasonal_G001531,16,40,6
STADTLER2003::C::LSDM_STADTLER2003_MLCLSP_16_seasonal_G001532,16,40,6
STADTLER2003::C::LSDM_STADTLER2003_MLCLSP_16_seasonal_G001541,16,40,6
STADTLER2003::C::LSDM_STADTLER2003_MLCLSP_16_seasonal_G001542,16,40,6
STADTLER2003::C::LSDM_STADTLER2003_MLCLSP_16_seasonal_G002121,16,40,6
STADTLER2003::C::LSDM_STADTLER2003_MLCLSP_16_seasonal_G002122,16,40,6
STADTLER2003::C::LSDM_STADTLER2003_MLCLSP_16_seasonal_G002131,16,40,6
STADTLER2003::C::LSDM_STADTLER2003_MLCLSP_16_seasonal_G002132,16,40,6
STADTLER2003::C::LSDM_STADTLER2003_MLCLSP_16_seasonal_G002141,16,40,6
STADTLER2003::C::LSDM_STADTLER2003_MLCLSP_16_seasonal_G002142,16,40,6
STADTLER2003::C::LSDM_STADTLER2003_MLCLSP_16_seasonal_G002221,16,40,6
STADTLER2003::C::LSDM_STADTLER2003_MLCLSP_16_seasonal_G002222,16,40,6
STADTLER2003::C::LSDM_STADTLER2003_MLCLSP_16_seasonal_G002231,16,40,6
STADTLER2003::C::LSDM_STADTLER2003_MLCLSP_16_seasonal_G002232,16,40,6
STADTLER2003::C::LSDM_STADTLER2003_MLCLSP_16_seasonal_G002241,16,40,6
STADTLER2003::C::LSDM_STADTLER2003_MLCLSP_16_seasonal_G002242,16,40,6
STADTLER2003::C::LSDM_STADTLER2003_MLCLSP_16_seasonal_G002321,16,40,6
STADTLER2003::C::LSDM_STADTLER2003_MLCLSP_16_seasonal_G002322,16,40,6
STADTLER2003::C::LSDM_STADTLER2003_MLCLSP_16_seasonal_G002331,16,40,6
STADTLER2003::C::LSDM_STADTLER2003_MLCLSP_16_seasonal_G002332,16,40,6
STADTLER2003::C::LSDM_STADTLER2003_MLCLSP_16_seasonal_G002341,16,40,6
STADTLER2003::C::LSDM_STADTLER2003_MLCLSP_16_seasonal_G002342,16,40,6
STADTLER2003::C::LSDM_STADTLER2003_MLCLSP_16_seasonal_G002421,16,40,6
STADTLER2003::C::LSDM_STADTLER2003_MLCLSP_16_seasonal_G002422,16,40,6
STADTLER2003::C::LSDM_STADTLER2003_MLCLSP_16_seasonal_G002431,16,40,6
STADTLER2003::C::LSDM_STADTLER2003_MLCLSP_16_seasonal_G002432,16,40,6
STADTLER2003::C::LSDM_STADTLER2003_MLCLSP_16_seasonal_G002441,16,40,6
STADTLER2003::C::LSDM_STADTLER2003_MLCLSP_16_seasonal_G002442,16,40,6
STADTLER2003::C::LSDM_STADTLER2003_MLCLSP_16_seasonal_G002521,16,40,6
STADTLER2003::C::LSDM_STADTLER2003_MLCLSP_16_seasonal_G002522,16,40,6
STADTLER2003::C::LSDM_STADTLER2003_MLCLSP_16_seasonal_G002531,16,40,6
STADTLER2003::C::LSDM_STADTLER2003_MLCLSP_16_seasonal_G002532,16,40,6
STADTLER2003::C::LSDM_STADTLER2003_MLCLSP_16_seasonal_G002541,16,40,6
STADTLER2003::C::LSDM_STADTLER2003_MLCLSP_16_seasonal_G002542,16,40,6
STADTLER2003::C::LSDM_STADTLER2003_MLCLSP_16_seasonal_G501121,16,40,6
STADTLER2003::C::LSDM_STADTLER2003_MLCLSP_16_seasonal_G501122,16,40,6
STADTLER2003::C::LSDM_STADTLER2003_MLCLSP_16_seasonal_G501131,16,40,6
STADTLER2003::C::LSDM_STADTLER2003_MLCLSP_16_seasonal_G501132,16,40,6
STADTLER2003::C::LSDM_STADTLER2003_MLCLSP_16_seasonal_G501141,16,40,6
STADTLER2003::C::LSDM_STADTLER2003_MLCLSP_16_seasonal_G501142,16,40,6
STADTLER2003::C::LSDM_STADTLER2003_MLCLSP_16_seasonal_G501221,16,40,6
STADTLER2003::C::LSDM_STADTLER2003_MLCLSP_16_seasonal_G501222,16,40,6
STADTLER2003::C::LSDM_STADTLER2003_MLCLSP_16_seasonal_G501231,16,40,6
STADTLER2003::C::LSDM_STADTLER2003_MLCLSP_16_seasonal_G501232,16,40,6
STADTLER2003::C::LSDM_STADTLER2003_MLCLSP_16_seasonal_G501241,16,40,6
STADTLER2003::C::LSDM_STADTLER2003_MLCLSP_16_seasonal_G501242,16,40,6
STADTLER2003::C::LSDM_STADTLER2003_MLCLSP_16_seasonal_G501321,16,40,6
STADTLER2003::C::LSDM_STADTLER2003_MLCLSP_16_seasonal_G501322,16,40,6
STADTLER2003::C::LSDM_STADTLER2003_MLCLSP_16_seasonal_G501331,16,40,6
STADTLER2003::C::LSDM_STADTLER2003_MLCLSP_16_seasonal_G501332,16,40,6
STADTLER2003::C::LSDM_STADTLER2003_MLCLSP_16_seasonal_G501341,16,40,6
STADTLER2003::C::LSDM_STADTLER2003_MLCLSP_16_seasonal_G501342,16,40,6
STADTLER2003::C::LSDM_STADTLER2003_MLCLSP_16_seasonal_G501421,16,40,6
STADTLER2003::C::LSDM_STADTLER2003_MLCLSP_16_seasonal_G501422,16,40,6
STADTLER2003::C::LSDM_STADTLER2003_MLCLSP_16_seasonal_G501431,16,40,6
STADTLER2003::C::LSDM_STADTLER2003_MLCLSP_16_seasonal_G501432,16,40,6
STADTLER2003::C::LSDM_STADTLER2003_MLCLSP_16_seasonal_G501441,16,40,6
STADTLER2003::C::LSDM_STADTLER2003_MLCLSP_16_seasonal_G501442,16,40,6
STADTLER2003::C::LSDM_STADTLER2003_MLCLSP_16_seasonal_G501521,16,40,6
STADTLER2003::C::LSDM_STADTLER2003_MLCLSP_16_seasonal_G501522,16,40,6
STADTLER2003::C::LSDM_STADTLER2003_MLCLSP_16_seasonal_G501531,16,40,6
STADTLER2003::C::LSDM_STADTLER2003_MLCLSP_16_seasonal_G501532,16,40,6
STADTLER2003::C::LSDM_STADTLER2003_MLCLSP_16_seasonal_G501541,16,40,6
STADTLER2003::C::LSDM_STADTLER2003_MLCLSP_16_seasonal_G501542,16,40,6
STADTLER2003::C::LSDM_STADTLER2003_MLCLSP_16_seasonal_G502121,16,40,6
STADTLER2003::C::LSDM_STADTLER2003_MLCLSP_16_seasonal_G502122,16,40,6
STADTLER2003::C::LSDM_STADTLER2003_MLCLSP_16_seasonal_G502131,16,40,6
STADTLER2003::C::LSDM_STADTLER2003_MLCLSP_16_seasonal_G502132,16,40,6
STADTLER2003::C::LSDM_STADTLER2003_MLCLSP_16_seasonal_G502141,16,40,6
STADTLER2003::C::LSDM_STADTLER2003_MLCLSP_16_seasonal_G502142,16,40,6
STADTLER2003::C::LSDM_STADTLER2003_MLCLSP_16_seasonal_G502221,16,40,6
STADTLER2003::C::LSDM_STADTLER2003_MLCLSP_16_seasonal_G502222,16,40,6
STADTLER2003::C::LSDM_STADTLER2003_MLCLSP_16_seasonal_G502231,16,40,6
STADTLER2003::C::LSDM_STADTLER2003_MLCLSP_16_seasonal_G502232,16,40,6
STADTLER2003::C::LSDM_STADTLER2003_MLCLSP_16_seasonal_G502241,16,40,6
STADTLER2003::C::LSDM_STADTLER2003_MLCLSP_16_seasonal_G502242,16,40,6
STADTLER2003::C::LSDM_STADTLER2003_MLCLSP_16_seasonal_G502321,16,40,6
STADTLER2003::C::LSDM_STADTLER2003_MLCLSP_16_seasonal_G502322,16,40,6
STADTLER2003::C::LSDM_STADTLER2003_MLCLSP_16_seasonal_G502331,16,40,6
STADTLER2003::C::LSDM_STADTLER2003_MLCLSP_16_seasonal_G502332,16,40,6
STADTLER2003::C::LSDM_STADTLER2003_MLCLSP_16_seasonal_G502341,16,40,6
STADTLER2003::C::LSDM_STADTLER2003_MLCLSP_16_seasonal_G502342,16,40,6
STADTLER2003::C::LSDM_STADTLER2003_MLCLSP_16_seasonal_G502421,16,40,6
STADTLER2003::C::LSDM_STADTLER2003_MLCLSP_16_seasonal_G502422,16,40,6
STADTLER2003::C::LSDM_STADTLER2003_MLCLSP_16_seasonal_G502431,16,40,6
STADTLER2003::C::LSDM_STADTLER2003_MLCLSP_16_seasonal_G502432,16,40,6
STADTLER2003::C::LSDM_STADTLER2003_MLCLSP_16_seasonal_G502441,16,40,6
STADTLER2003::C::LSDM_STADTLER2003_MLCLSP_16_seasonal_G502442,16,40,6
STADTLER2003::C::LSDM_STADTLER2003_MLCLSP_16_seasonal_G502521,16,40,6
STADTLER2003::C::LSDM_STADTLER2003_MLCLSP_16_seasonal_G502522,16,40,6
STADTLER2003::C::LSDM_STADTLER2003_MLCLSP_16_seasonal_G502531,16,40,6
STADTLER2003::C::LSDM_STADTLER2003_MLCLSP_16_seasonal_G502532,16,40,6
STADTLER2003::C::LSDM_STADTLER2003_MLCLSP_16_seasonal_G502541,16,40,6
STADTLER2003::C::LSDM_STADTLER2003_MLCLSP_16_seasonal_G502542,16,40,6
STADTLER2003::C::LSDM_STADTLER2003_MLCLSP_16_seasonal_K001121,16,40,6
STADTLER2003::C::LSDM_STADTLER2003_MLCLSP_16_seasonal_K001122,16,40,6
STADTLER2003::C::LSDM_STADTLER2003_MLCLSP_16_seasonal_K001131,16,40,6
STADTLER2003::C::LSDM_STADTLER2003_MLCLSP_16_seasonal_K001132,16,40,6
STADTLER2003::C::LSDM_STADTLER2003_MLCLSP_16_seasonal_K001141,16,40,6
STADTLER2003::C::LSDM_STADTLER2003_MLCLSP_16_seasonal_K001142,16,40,6
STADTLER2003::C::LSDM_STADTLER2003_MLCLSP_16_seasonal_K001221,16,40,6
STADTLER2003::C::LSDM_STADTLER2003_MLCLSP_16_seasonal_K001222,16,40,6
STADTLER2003::C::LSDM_STADTLER2003_MLCLSP_16_seasonal_K001231,16,40,6
STADTLER2003::C::LSDM_STADTLER2003_MLCLSP_16_seasonal_K001232,16,40,6
STADTLER2003::C::LSDM_STADTLER2003_MLCLSP_16_seasonal_K001241,16,40,6
STADTLER2003::C::LSDM_STADTLER2003_MLCLSP_16_seasonal_K001242,16,40,6
STADTLER2003::C::LSDM_STADTLER2003_MLCLSP_16_seasonal_K001321,16,40,6
STADTLER2003::C::LSDM_STADTLER2003_MLCLSP_16_seasonal_K001322,16,40,6
STADTLER2003::C::LSDM_STADTLER2003_MLCLSP_16_seasonal_K001331,16,40,6
STADTLER2003::C::LSDM_STADTLER2003_MLCLSP_16_seasonal_K001332,16,40,6
STADTLER2003::C::LSDM_STADTLER2003_MLCLSP_16_seasonal_K001341,16,40,6
STADTLER2003::C::LSDM_STADTLER2003_MLCLSP_16_seasonal_K001342,16,40,6
STADTLER2003::C::LSDM_STADTLER2003_MLCLSP_16_seasonal_K001421,16,40,6
STADTLER2003::C::LSDM_STADTLER2003_MLCLSP_16_seasonal_K001422,16,40,6
STADTLER2003::C::LSDM_STADTLER2003_MLCLSP_16_seasonal_K001431,16,40,6
STADTLER2003::C::LSDM_STADTLER2003_MLCLSP_16_seasonal_K001432,16,40,6
STADTLER2003::C::LSDM_STADTLER2003_MLCLSP_16_seasonal_K001441,16,40,6
STADTLER2003::C::LSDM_STADTLER2003_MLCLSP_16_seasonal_K001442,16,40,6
STADTLER2003::C::LSDM_STADTLER2003_MLCLSP_16_seasonal_K001521,16,40,6
STADTLER2003::C::LSDM_STADTLER2003_MLCLSP_16_seasonal_K001522,16,40,6
STADTLER2003::C::LSDM_STADTLER2003_MLCLSP_16_seasonal_K001531,16,40,6
STADTLER2003::C::LSDM_STADTLER2003_MLCLSP_16_seasonal_K001532,16,40,6
STADTLER2003::C::LSDM_STADTLER2003_MLCLSP_16_seasonal_K001541,16,40,6
STADTLER2003::C::LSDM_STADTLER2003_MLCLSP_16_seasonal_K001542,16,40,6
STADTLER2003::C::LSDM_STADTLER2003_MLCLSP_16_seasonal_K002121,16,40,6
STADTLER2003::C::LSDM_STADTLER2003_MLCLSP_16_seasonal_K002122,16,40,6
STADTLER2003::C::LSDM_STADTLER2003_MLCLSP_16_seasonal_K002131,16,40,6
STADTLER2003::C::LSDM_STADTLER2003_MLCLSP_16_seasonal_K002132,16,40,6
STADTLER2003::C::LSDM_STADTLER2003_MLCLSP_16_seasonal_K002141,16,40,6
STADTLER2003::C::LSDM_STADTLER2003_MLCLSP_16_seasonal_K002142,16,40,6
STADTLER2003::C::LSDM_STADTLER2003_MLCLSP_16_seasonal_K002221,16,40,6
STADTLER2003::C::LSDM_STADTLER2003_MLCLSP_16_seasonal_K002222,16,40,6
STADTLER2003::C::LSDM_STADTLER2003_MLCLSP_16_seasonal_K002231,16,40,6
STADTLER2003::C::LSDM_STADTLER2003_MLCLSP_16_seasonal_K002232,16,40,6
STADTLER2003::C::LSDM_STADTLER2003_MLCLSP_16_seasonal_K002241,16,40,6
STADTLER2003::C::LSDM_STADTLER2003_MLCLSP_16_seasonal_K002242,16,40,6
STADTLER2003::C::LSDM_STADTLER2003_MLCLSP_16_seasonal_K002321,16,40,6
STADTLER2003::C::LSDM_STADTLER2003_MLCLSP_16_seasonal_K002322,16,40,6
STADTLER2003::C::LSDM_STADTLER2003_MLCLSP_16_seasonal_K002331,16,40,6
STADTLER2003::C::LSDM_STADTLER2003_MLCLSP_16_seasonal_K002332,16,40,6
STADTLER2003::C::LSDM_STADTLER2003_MLCLSP_16_seasonal_K002341,16,40,6
STADTLER2003::C::LSDM_STADTLER2003_MLCLSP_16_seasonal_K002342,16,40,6
STADTLER2003::C::LSDM_STADTLER2003_MLCLSP_16_seasonal_K002421,16,40,6
STADTLER2003::C::LSDM_STADTLER2003_MLCLSP_16_seasonal_K002422,16,40,6
STADTLER2003::C::LSDM_STADTLER2003_MLCLSP_16_seasonal_K002431,16,40,6
STADTLER2003::C::LSDM_STADTLER2003_MLCLSP_16_seasonal_K002432,16,40,6
STADTLER2003::C::LSDM_STADTLER2003_MLCLSP_16_seasonal_K002441,16,40,6
STADTLER2003::C::LSDM_STADTLER2003_MLCLSP_16_seasonal_K002442,16,40,6
STADTLER2003::C::LSDM_STADTLER2003_MLCLSP_16_seasonal_K002521,16,40,6
STADTLER2003::C::LSDM_STADTLER2003_MLCLSP_16_seasonal_K002522,16,40,6
STADTLER2003::C::LSDM_STADTLER2003_MLCLSP_16_seasonal_K002531,16,40,6
STADTLER2003::C::LSDM_STADTLER2003_MLCLSP_16_seasonal_K002532,16,40,6
STADTLER2003::C::LSDM_STADTLER2003_MLCLSP_16_seasonal_K002541,16,40,6
STADTLER2003::C::LSDM_STADTLER2003_MLCLSP_16_seasonal_K002542,16,40,6
STADTLER2003::C::LSDM_STADTLER2003_MLCLSP_16_seasonal_K501121,16,40,6
STADTLER2003::C::LSDM_STADTLER2003_MLCLSP_16_seasonal_K501122,16,40,6
STADTLER2003::C::LSDM_STADTLER2003_MLCLSP_16_seasonal_K501131,16,40,6
STADTLER2003::C::LSDM_STADTLER2003_MLCLSP_16_seasonal_K501132,16,40,6
STADTLER2003::C::LSDM_STADTLER2003_MLCLSP_16_seasonal_K501141,16,40,6
STADTLER2003::C::LSDM_STADTLER2003_MLCLSP_16_seasonal_K501142,16,40,6
STADTLER2003::C::LSDM_STADTLER2003_MLCLSP_16_seasonal_K501221,16,40,6
STADTLER2003::C::LSDM_STADTLER2003_MLCLSP_16_seasonal_K501222,16,40,6
STADTLER2003::C::LSDM_STADTLER2003_MLCLSP_16_seasonal_K501231,16,40,6
STADTLER2003::C::LSDM_STADTLER2003_MLCLSP_16_seasonal_K501232,16,40,6
STADTLER2003::C::LSDM_STADTLER2003_MLCLSP_16_seasonal_K501241,16,40,6
STADTLER2003::C::LSDM_STADTLER2003_MLCLSP_16_seasonal_K501242,16,40,6
STADTLER2003::C::LSDM_STADTLER2003_MLCLSP_16_seasonal_K501321,16,40,6
STADTLER2003::C::LSDM_STADTLER2003_MLCLSP_16_seasonal_K501322,16,40,6
STADTLER2003::C::LSDM_STADTLER2003_MLCLSP_16_seasonal_K501331,16,40,6
STADTLER2003::C::LSDM_STADTLER2003_MLCLSP_16_seasonal_K501332,16,40,6
STADTLER2003::C::LSDM_STADTLER2003_MLCLSP_16_seasonal_K501341,16,40,6
STADTLER2003::C::LSDM_STADTLER2003_MLCLSP_16_seasonal_K501342,16,40,6
STADTLER2003::C::LSDM_STADTLER2003_MLCLSP_16_seasonal_K501421,16,40,6
STADTLER2003::C::LSDM_STADTLER2003_MLCLSP_16_seasonal_K501422,16,40,6
STADTLER2003::C::LSDM_STADTLER2003_MLCLSP_16_seasonal_K501431,16,40,6
STADTLER2003::C::LSDM_STADTLER2003_MLCLSP_16_seasonal_K501432,16,40,6
STADTLER2003::C::LSDM_STADTLER2003_MLCLSP_16_seasonal_K501441,16,40,6
STADTLER2003::C::LSDM_STADTLER2003_MLCLSP_16_seasonal_K501442,16,40,6
STADTLER2003::C::LSDM_STADTLER2003_MLCLSP_16_seasonal_K501521,16,40,6
STADTLER2003::C::LSDM_STADTLER2003_MLCLSP_16_seasonal_K501522,16,40,6
STADTLER2003::C::LSDM_STADTLER2003_MLCLSP_16_seasonal_K501531,16,40,6
STADTLER2003::C::LSDM_STADTLER2003_MLCLSP_16_seasonal_K501532,16,40,6
STADTLER2003::C::LSDM_STADTLER2003_MLCLSP_16_seasonal_K501541,16,40,6
STADTLER2003::C::LSDM_STADTLER2003_MLCLSP_16_seasonal_K501542,16,40,6
STADTLER2003::C::LSDM_STADTLER2003_MLCLSP_16_seasonal_K502121,16,40,6
STADTLER2003::C::LSDM_STADTLER2003_MLCLSP_16_seasonal_K502122,16,40,6
STADTLER2003::C::LSDM_STADTLER2003_MLCLSP_16_seasonal_K502131,16,40,6
STADTLER2003::C::LSDM_STADTLER2003_MLCLSP_16_seasonal_K502132,16,40,6
STADTLER2003::C::LSDM_STADTLER2003_MLCLSP_16_seasonal_K502141,16,40,6
STADTLER2003::C::LSDM_STADTLER2003_MLCLSP_16_seasonal_K502142,16,40,6
STADTLER2003::C::LSDM_STADTLER2003_MLCLSP_16_seasonal_K502221,16,40,6
STADTLER2003::C::LSDM_STADTLER2003_MLCLSP_16_seasonal_K502222,16,40,6
STADTLER2003::C::LSDM_STADTLER2003_MLCLSP_16_seasonal_K502231,16,40,6
STADTLER2003::C::LSDM_STADTLER2003_MLCLSP_16_seasonal_K502232,16,40,6
STADTLER2003::C::LSDM_STADTLER2003_MLCLSP_16_seasonal_K502241,16,40,6
STADTLER2003::C::LSDM_STADTLER2003_MLCLSP_16_seasonal_K502242,16,40,6
STADTLER2003::C::LSDM_STADTLER2003_MLCLSP_16_seasonal_K502321,16,40,6
STADTLER2003::C::LSDM_STADTLER2003_MLCLSP_16_seasonal_K502322,16,40,6
STADTLER2003::C::LSDM_STADTLER2003_MLCLSP_16_seasonal_K502331,16,40,6
STADTLER2003::C::LSDM_STADTLER2003_MLCLSP_16_seasonal_K502332,16,40,6
STADTLER2003::C::LSDM_STADTLER2003_MLCLSP_16_seasonal_K502341,16,40,6
STADTLER2003::C::LSDM_STADTLER2003_MLCLSP_16_seasonal_K502342,16,40,6
STADTLER2003::C::LSDM_STADTLER2003_MLCLSP_16_seasonal_K502421,16,40,6
STADTLER2003::C::LSDM_STADTLER2003_MLCLSP_16_seasonal_K502422,16,40,6
STADTLER2003::C::LSDM_STADTLER2003_MLCLSP_16_seasonal_K502431,16,40,6
STADTLER2003::C::LSDM_STADTLER2003_MLCLSP_16_seasonal_K502432,16,40,6
STADTLER2003::C::LSDM_STADTLER2003_MLCLSP_16_seasonal_K502441,16,40,6
STADTLER2003::C::LSDM_STADTLER2003_MLCLSP_16_seasonal_K502442,16,40,6
STADTLER2003::C::LSDM_STADTLER2003_MLCLSP_16_seasonal_K502521,16,40,6
STADTLER2003::C::LSDM_STADTLER2003_MLCLSP_16_seasonal_K502522,16,40,6
STADTLER2003::C::LSDM_STADTLER2003_MLCLSP_16_seasonal_K502531,16,40,6
STADTLER2003::C::LSDM_STADTLER2003_MLCLSP_16_seasonal_K502532,16,40,6
STADTLER2003::C::LSDM_STADTLER2003_MLCLSP_16_seasonal_K502541,16,40,6
STADTLER2003::C::LSDM_STADTLER2003_MLCLSP_16_seasonal_K502542,16,40,6
STADTLER2003::Cplus::LSDM_STADTLER2003_MLCLSP_48_erratic_G001130,48,40,6
STADTLER2003::Cplus::LSDM_STADTLER2003_MLCLSP_48_erratic_G001140,48,40,6
STADTLER2003::Cplus::LSDM_STADTLER2003_MLCLSP_48_erratic_G001230,48,40,6
STADTLER2003::Cplus::LSDM_STADTLER2003_MLCLSP_48_erratic_G001240,48,40,6
STADTLER2003::Cplus::LSDM_STADTLER2003_MLCLSP_48_erratic_G001330,48,40,6
STADTLER2003::Cplus::LSDM_STADTLER2003_MLCLSP_48_erratic_G001340,48,40,6
STADTLER2003::Cplus::LSDM_STADTLER2003_MLCLSP_48_erratic_G001430,48,40,6
STADTLER2003::Cplus::LSDM_STADTLER2003_MLCLSP_48_erratic_G001440,48,40,6
STADTLER2003::Cplus::LSDM_STADTLER2003_MLCLSP_48_erratic_G001530,48,40,6
STADTLER2003::Cplus::LSDM_STADTLER2003_MLCLSP_48_erratic_G001540,48,40,6
STADTLER2003::Cplus::LSDM_STADTLER2003_MLCLSP_48_erratic_G002130,48,40,6
STADTLER2003::Cplus::LSDM_STADTLER2003_MLCLSP_48_erratic_G002140,48,40,6
STADTLER2003::Cplus::LSDM_STADTLER2003_MLCLSP_48_erratic_G002230,48,40,6
STADTLER2003::Cplus::LSDM_STADTLER2003_MLCLSP_48_erratic_G002240,48,40,6
STADTLER2003::Cplus::LSDM_STADTLER2003_MLCLSP_48_erratic_G002330,48,40,6
STADTLER2003::Cplus::LSDM_STADTLER2003_MLCLSP_48_erratic_G002340,48,40,6
STADTLER2003::Cplus::LSDM_STADTLER2003_MLCLSP_48_erratic_G002430,48,40,6
STADTLER2003::Cplus::LSDM_STADTLER2003_MLCLSP_48_erratic_G002440,48,40,6
STADTLER2003::Cplus::LSDM_STADTLER2003_MLCLSP_48_erratic_G002530,48,40,6
STADTLER2003::Cplus::LSDM_STADTLER2003_MLCLSP_48_erratic_G002540,48,40,6
STADTLER2003::Cplus::LSDM_STADTLER2003_MLCLSP_48_erratic_G501130,48,40,6
STADTLER2003::Cplus::LSDM_STADTLER2003_MLCLSP_48_erratic_G501140,48,40,6
STADTLER2003::Cplus::LSDM_STADTLER2003_MLCLSP_48_erratic_G501230,48,40,6
STADTLER2003::Cplus::LSDM_STADTLER2003_MLCLSP_48_erratic_G501240,48,40,6
STADTLER2003::Cplus::LSDM_STADTLER2003_MLCLSP_48_erratic_G501330,48,40,6
STADTLER2003::Cplus::LSDM_STADTLER2003_MLCLSP_48_erratic_G501340,48,40,6
STADTLER2003::Cplus::LSDM_STADTLER2003_MLCLSP_48_erratic_G501430,48,40,6
STADTLER2003::Cplus::LSDM_STADTLER2003_MLCLSP_48_erratic_G501440,48,40,6
STADTLER2003::Cplus::LSDM_STADTLER2003_MLCLSP_48_erratic_G501530,48,40,6
STADTLER2003::Cplus::LSDM_STADTLER2003_MLCLSP_48_erratic_G501540,48,40,6
STADTLER2003::Cplus::LSDM_STADTLER2003_MLCLSP_48_erratic_G502130,48,40,6
STADTLER2003::Cplus::LSDM_STADTLER2003_MLCLSP_48_erratic_G502140,48,40,6
STADTLER2003::Cplus::LSDM_STADTLER2003_MLCLSP_48_erratic_G502230,48,40,6
STADTLER2003::Cplus::LSDM_STADTLER2003_MLCLSP_48_erratic_G502240,48,40,6
STADTLER2003::Cplus::LSDM_STADTLER2003_MLCLSP_48_erratic_G502330,48,40,6
STADTLER2003::Cplus::LSDM_STADTLER2003_MLCLSP_48_erratic_G502340,48,40,6
STADTLER2003::Cplus::LSDM_STADTLER2003_MLCLSP_48_erratic_G502430,48,40,6
STADTLER2003::Cplus::LSDM_STADTLER2003_MLCLSP_48_erratic_G502440,48,40,6
STADTLER2003::Cplus::LSDM_STADTLER2003_MLCLSP_48_erratic_G502530,48,40,6
STADTLER2003::Cplus::LSDM_STADTLER2003_MLCLSP_48_erratic_G502540,48,40,6
STADTLER2003::Cplus::LSDM_STADTLER2003_MLCLSP_48_erratic_K001130,48,40,6
STADTLER2003::Cplus::LSDM_STADTLER2003_MLCLSP_48_erratic_K001140,48,40,6
STADTLER2003::Cplus::LSDM_STADTLER2003_MLCLSP_48_erratic_K001230,48,40,6
STADTLER2003::Cplus::LSDM_STADTLER2003_MLCLSP_48_erratic_K001240,48,40,6
STADTLER2003::Cplus::LSDM_STADTLER2003_MLCLSP_48_erratic_K001330,48,40,6
STADTLER2003::Cplus::LSDM_STADTLER2003_MLCLSP_48_erratic_K001340,48,40,6
STADTLER2003::Cplus::LSDM_STADTLER2003_MLCLSP_48_erratic_K001430,48,40,6
STADTLER2003::Cplus::LSDM_STADTLER2003_MLCLSP_48_erratic_K001440,48,40,6
STADTLER2003::Cplus::LSDM_STADTLER2003_MLCLSP_48_erratic_K001530,48,40,6
STADTLER2003::Cplus::LSDM_STADTLER2003_MLCLSP_48_erratic_K001540,48,40,6
STADTLER2003::Cplus::LSDM_STADTLER2003_MLCLSP_48_erratic_K002130,48,40,6
STADTLER2003::Cplus::LSDM_STADTLER2003_MLCLSP_48_erratic_K002140,48,40,6
STADTLER2003::Cplus::LSDM_STADTLER2003_MLCLSP_48_erratic_K002230,48,40,6
STADTLER2003::Cplus::LSDM_STADTLER2003_MLCLSP_48_erratic_K002240,48,40,6
STADTLER2003::Cplus::LSDM_STADTLER2003_MLCLSP_48_erratic_K002330,48,40,6
STADTLER2003::Cplus::LSDM_STADTLER2003_MLCLSP_48_erratic_K002340,48,40,6
STADTLER2003::Cplus::LSDM_STADTLER2003_MLCLSP_48_erratic_K002430,48,40,6
STADTLER2003::Cplus::LSDM_STADTLER2003_MLCLSP_48_erratic_K002440,48,40,6
STADTLER2003::Cplus::LSDM_STADTLER2003_MLCLSP_48_erratic_K002530,48,40,6
STADTLER2003::Cplus::LSDM_STADTLER2003_MLCLSP_48_erratic_K002540,48,40,6
STADTLER2003::Cplus::LSDM_STADTLER2003_MLCLSP_48_erratic_K501130,48,40,6
STADTLER2003::Cplus::LSDM_STADTLER2003_MLCLSP_48_erratic_K501140,48,40,6
STADTLER2003::Cplus::LSDM_STADTLER2003_MLCLSP_48_erratic_K501230,48,40,6
STADTLER2003::Cplus::LSDM_STADTLER2003_MLCLSP_48_erratic_K501240,48,40,6
STADTLER2003::Cplus::LSDM_STADTLER2003_MLCLSP_48_erratic_K501330,48,40,6
STADTLER2003::Cplus::LSDM_STADTLER2003_MLCLSP_48_erratic_K501340,48,40,6
STADTLER2003::Cplus::LSDM_STADTLER2003_MLCLSP_48_erratic_K501430,48,40,6
STADTLER2003::Cplus::LSDM_STADTLER2003_MLCLSP_48_erratic_K501440,48,40,6
STADTLER2003::Cplus::LSDM_STADTLER2003_MLCLSP_48_erratic_K501530,48,40,6
STADTLER2003::Cplus::LSDM_STADTLER2003_MLCLSP_48_erratic_K501540,48,40,6
STADTLER2003::Cplus::LSDM_STADTLER2003_MLCLSP_48_erratic_K502130,48,40,6
STADTLER2003::Cplus::LSDM_STADTLER2003_MLCLSP_48_erratic_K502140,48,40,6
STADTLER2003::Cplus::LSDM_STADTLER2003_MLCLSP_48_erratic_K502230,48,40,6
STADTLER2003::Cplus::LSDM_STADTLER2003_MLCLSP_48_erratic_K502240,48,40,6
STADTLER2003::Cplus::LSDM_STADTLER2003_MLCLSP_48_erratic_K502330,48,40,6
STADTLER2003::Cplus::LSDM_STADTLER2003_MLCLSP_48_erratic_K502340,48,40,6
STADTLER2003::Cplus::LSDM_STADTLER2003_MLCLSP_48_erratic_K502430,48,40,6
STADTLER2003::Cplus::LSDM_STADTLER2003_MLCLSP_48_erratic_K502440,48,40,6
STADTLER2003::Cplus::LSDM_STADTLER2003_MLCLSP_48_erratic_K502530,48,40,6
STADTLER2003::Cplus::LSDM_STADTLER2003_MLCLSP_48_erratic_K502540,48,40,6
STADTLER2003::Cplus::LSDM_STADTLER2003_MLCLSP_48_seasonal_G001131,48,40,6
STADTLER2003::Cplus::LSDM_STADTLER2003_MLCLSP_48_seasonal_G001132,48,40,6
STADTLER2003::Cplus::LSDM_STADTLER2003_MLCLSP_48_seasonal_G001141,48,40,6
STADTLER2003::Cplus::LSDM_STADTLER2003_MLCLSP_48_seasonal_G001142,48,40,6
STADTLER2003::Cplus::LSDM_STADTLER2003_MLCLSP_48_seasonal_G001231,48,40,6
STADTLER2003::Cplus::LSDM_STADTLER2003_MLCLSP_48_seasonal_G001232,48,40,6
STADTLER2003::Cplus::LSDM_STADTLER2003_MLCLSP_48_seasonal_G001241,48,40,6
STADTLER2003::Cplus::LSDM_STADTLER2003_MLCLSP_48_seasonal_G001242,48,40,6
STADTLER2003::Cplus::LSDM_STADTLER2003_MLCLSP_48_seasonal_G001331,48,40,6
STADTLER2003::Cplus::LSDM_STADTLER2003_MLCLSP_48_seasonal_G001332,48,40,6
STADTLER2003::Cplus::LSDM_STADTLER2003_MLCLSP_48_seasonal_G001341,48,40,6
STADTLER2003::Cplus::LSDM_STADTLER2003_MLCLSP_48_seasonal_G001342,48,40,6
STADTLER2003::Cplus::LSDM_STADTLER2003_MLCLSP_48_seasonal_G001431,48,40,6
STADTLER2003::Cplus::LSDM_STADTLER2003_MLCLSP_48_seasonal_G001432,48,40,6
STADTLER2003::Cplus::LSDM_STADTLER2003_MLCLSP_48_seasonal_G001441,48,40,6
STADTLER2003::Cplus::LSDM_STADTLER2003_MLCLSP_48_seasonal_G001442,48,40,6
STADTLER2003::Cplus::LSDM_STADTLER2003_MLCLSP_48_seasonal_G001531,48,40,6
STADTLER2003::Cplus::LSDM_STADTLER2003_MLCLSP_48_seasonal_G001532,48,40,6
STADTLER2003::Cplus::LSDM_STADTLER2003_MLCLSP_48_seasonal_G001541,48,40,6
STADTLER2003::Cplus::LSDM_STADTLER2003_MLCLSP_48_seasonal_G001542,48,40,6
STADTLER2003::Cplus::LSDM_STADTLER2003_MLCLSP_48_seasonal_G002131,48,40,6
STADTLER2003::Cplus::LSDM_STADTLER2003_MLCLSP_48_seasonal_G002132,48,40,6
STADTLER2003::Cplus::LSDM_STADTLER2003_MLCLSP_48_seasonal_G002141,48,40,6
STADTLER2003::Cplus::LSDM_STADTLER2003_MLCLSP_48_seasonal_G002142,48,40,6
STADTLER2003::Cplus::LSDM_STADTLER2003_MLCLSP_48_seasonal_G002231,48,40,6
STADTLER2003::Cplus::LSDM_STADTLER2003_MLCLSP_48_seasonal_G002232,48,40,6
STADTLER2003::Cplus::LSDM_STADTLER2003_MLCLSP_48_seasonal_G002241,48,40,6
STADTLER2003::Cplus::LSDM_STADTLER2003_MLCLSP_48_seasonal_G002242,48,40,6
STADTLER2003::Cplus::LSDM_STADTLER2003_MLCLSP_48_seasonal_G002331,48,40,6
STADTLER2003::Cplus::LSDM_STADTLER2003_MLCLSP_48_seasonal_G002332,48,40,6
STADTLER2003::Cplus::LSDM_STADTLER2003_MLCLSP_48_seasonal_G002341,48,40,6
STADTLER2003::Cplus::LSDM_STADTLER2003_MLCLSP_48_seasonal_G002342,48,40,6
STADTLER2003::Cplus::LSDM_STADTLER2003_MLCLSP_48_seasonal_G002431,48,40,6
STADTLER2003::Cplus::LSDM_STADTLER2003_MLCLSP_48_seasonal_G002432,48,40,6
STADTLER2003::Cplus::LSDM_STADTLER2003_MLCLSP_48_seasonal_G002441,48,40,6
STADTLER2003::Cplus::LSDM_STADTLER2003_MLCLSP_48_seasonal_G002442,48,40,6
STADTLER2003::Cplus::LSDM_STADTLER2003_MLCLSP_48_seasonal_G002531,48,40,6
STADTLER2003::Cplus::LSDM_STADTLER2003_MLCLSP_48_seasonal_G002532,48,40,6
STADTLER2003::Cplus::LSDM_STADTLER2003_MLCLSP_48_seasonal_G002541,48,40,6
STADTLER2003::Cplus::LSDM_STADTLER2003_MLCLSP_48_seasonal_G002542,48,40,6
STADTLER2003::Cplus::LSDM_STADTLER2003_MLCLSP_48_seasonal_G501131,48,40,6
STADTLER2003::Cplus::LSDM_STADTLER2003_MLCLSP_48_seasonal_G501132,48,40,6
STADTLER2003::Cplus::LSDM_STADTLER2003_MLCLSP_48_seasonal_G501141,48,40,6
STADTLER2003::Cplus::LSDM_STADTLER2003_MLCLSP_48_seasonal_G501142,48,40,6
STADTLER2003::Cplus::LSDM_STADTLER2003_MLCLSP_48_seasonal_G501231,48,40,6
STADTLER2003::Cplus::LSDM_STADTLER2003_MLCLSP_48_seasonal_G501232,48,40,6
STADTLER2003::Cplus::LSDM_STADTLER2003_MLCLSP_48_seasonal_G501241,48,40,6
STADTLER2003::Cplus::LSDM_STADTLER2003_MLCLSP_48_seasonal_G501242,48,40,6
STADTLER2003::Cplus::LSDM_STADTLER2003_MLCLSP_48_seasonal_G501331,48,40,6
STADTLER2003::Cplus::LSDM_STADTLER2003_MLCLSP_48_seasonal_G501332,48,40,6
STADTLER2003::Cplus::LSDM_STADTLER2003_MLCLSP_48_seasonal_G501341,48,40,6
STADTLER2003::Cplus::LSDM_STADTLER2003_MLCLSP_48_seasonal_G501342,48,40,6
STADTLER2003::Cplus::LSDM_STADTLER2003_MLCLSP_48_seasonal_G501431,48,40,6
STADTLER2003::Cplus::LSDM_STADTLER2003_MLCLSP_48_seasonal_G501432,48,40,6
STADTLER2003::Cplus::LSDM_STADTLER2003_MLCLSP_48_seasonal_G501441,48,40,6
STADTLER2003::Cplus::LSDM_STADTLER2003_MLCLSP_48_seasonal_G501442,48,40,6
STADTLER2003::Cplus::LSDM_STADTLER2003_MLCLSP_48_seasonal_G501531,48,40,6
STADTLER2003::Cplus::LSDM_STADTLER2003_MLCLSP_48_seasonal_G501532,48,40,6
STADTLER2003::Cplus::LSDM_STADTLER2003_MLCLSP_48_seasonal_G501541,48,40,6
STADTLER2003::Cplus::LSDM_STADTLER2003_MLCLSP_48_seasonal_G501542,48,40,6
STADTLER2003::Cplus::LSDM_STADTLER2003_MLCLSP_48_seasonal_G502131,48,40,6
STADTLER2003::Cplus::LSDM_STADTLER2003_MLCLSP_48_seasonal_G502132,48,40,6
STADTLER2003::Cplus::LSDM_STADTLER2003_MLCLSP_48_seasonal_G502141,48,40,6
STADTLER2003::Cplus::LSDM_STADTLER2003_MLCLSP_48_seasonal_G502142,48,40,6
STADTLER2003::Cplus::LSDM_STADTLER2003_MLCLSP_48_seasonal_G502231,48,40,6
STADTLER2003::Cplus::LSDM_STADTLER2003_MLCLSP_48_seasonal_G502232,48,40,6
STADTLER2003::Cplus::LSDM_STADTLER2003_MLCLSP_48_seasonal_G502241,48,40,6
STADTLER2003::Cplus::LSDM_STADTLER2003_MLCLSP_48_seasonal_G502242,48,40,6
STADTLER2003::Cplus::LSDM_STADTLER2003_MLCLSP_48_seasonal_G502331,48,40,6
STADTLER2003::Cplus::LSDM_STADTLER2003_MLCLSP_48_seasonal_G502332,48,40,6
STADTLER2003::Cplus::LSDM_STADTLER2003_MLCLSP_48_seasonal_G502341,48,40,6
STADTLER2003::Cplus::LSDM_STADTLER2003_MLCLSP_48_seasonal_G502342,48,40,6
STADTLER2003::Cplus::LSDM_STADTLER2003_MLCLSP_48_seasonal_G502431,48,40,6
STADTLER2003::Cplus::LSDM_STADTLER2003_MLCLSP_48_seasonal_G502432,48,40,6
STADTLER2003::Cplus::LSDM_STADTLER2003_MLCLSP_48_seasonal_G502441,48,40,6
STADTLER2003::Cplus::LSDM_STADTLER2003_MLCLSP_48_seasonal_G502442,48,40,6
STADTLER2003::Cplus::LSDM_STADTLER2003_MLCLSP_48_seasonal_G502531,48,40,6
STADTLER2003::Cplus::LSDM_STADTLER2003_MLCLSP_48_seasonal_G502532,48,40,6
STADTLER2003::Cplus::LSDM_STADTLER2003_MLCLSP_48_seasonal_G502541,48,40,6
STADTLER2003::Cplus::LSDM_STADTLER2003_MLCLSP_48_seasonal_G502542,48,40,6
STADTLER2003::Cplus::LSDM_STADTLER2003_MLCLSP_48_seasonal_K001131,48,40,6
STADTLER2003::Cplus::LSDM_STADTLER2003_MLCLSP_48_seasonal_K001132,48,40,6
STADTLER2003::Cplus::LSDM_STADTLER2003_MLCLSP_48_seasonal_K001141,48,40,6
STADTLER2003::Cplus::LSDM_STADTLER2003_MLCLSP_48_seasonal_K001142,48,40,6
STADTLER2003::Cplus::LSDM_STADTLER2003_MLCLSP_48_seasonal_K001231,48,40,6
STADTLER2003::Cplus::LSDM_STADTLER2003_MLCLSP_48_seasonal_K001232,48,40,6
STADTLER2003::Cplus::LSDM_STADTLER2003_MLCLSP_48_seasonal_K001241,48,40,6
STADTLER2003::Cplus::LSDM_STADTLER2003_MLCLSP_48_seasonal_K001242,48,40,6
STADTLER2003::Cplus::LSDM_STADTLER2003_MLCLSP_48_seasonal_K001331,48,40,6
STADTLER2003::Cplus::LSDM_STADTLER2003_MLCLSP_48_seasonal_K001332,48,40,6
STADTLER2003::Cplus::LSDM_STADTLER2003_MLCLSP_48_seasonal_K001341,48,40,6
STADTLER2003::Cplus::LSDM_STADTLER2003_MLCLSP_48_seasonal_K001342,48,40,6
STADTLER2003::Cplus::LSDM_STADTLER2003_MLCLSP_48_seasonal_K001431,48,40,6
STADTLER2003::Cplus::LSDM_STADTLER2003_MLCLSP_48_seasonal_K001432,48,40,6
STADTLER2003::Cplus::LSDM_STADTLER2003_MLCLSP_48_seasonal_K001441,48,40,6
STADTLER2003::Cplus::LSDM_STADTLER2003_MLCLSP_48_seasonal_K001442,48,40,6
STADTLER2003::Cplus::LSDM_STADTLER2003_MLCLSP_48_seasonal_K001531,48,40,6
STADTLER2003::Cplus::LSDM_STADTLER2003_MLCLSP_48_seasonal_K001532,48,40,6
STADTLER2003::Cplus::LSDM_STADTLER2003_MLCLSP_48_seasonal_K001541,48,40,6
STADTLER2003::Cplus::LSDM_STADTLER2003_MLCLSP_48_seasonal_K001542,48,40,6
STADTLER2003::Cplus::LSDM_STADTLER2003_MLCLSP_48_seasonal_K002131,48,40,6
STADTLER2003::Cplus::LSDM_STADTLER2003_MLCLSP_48_seasonal_K002132,48,40,6
STADTLER2003::Cplus::LSDM_STADTLER2003_MLCLSP_48_seasonal_K002141,48,40,6
STADTLER2003::Cplus::LSDM_STADTLER2003_MLCLSP_48_seasonal_K002142,48,40,6
STADTLER2003::Cplus::LSDM_STADTLER2003_MLCLSP_48_seasonal_K002231,48,40,6
STADTLER2003::Cplus::LSDM_STADTLER2003_MLCLSP_48_seasonal_K002232,48,40,6
STADTLER2003::Cplus::LSDM_STADTLER2003_MLCLSP_48_seasonal_K002241,48,40,6
STADTLER2003::Cplus::LSDM_STADTLER2003_MLCLSP_48_seasonal_K002242,48,40,6
STADTLER2003::Cplus::LSDM_STADTLER2003_MLCLSP_48_seasonal_K002331,48,40,6
STADTLER2003::Cplus::LSDM_STADTLER2003_MLCLSP_48_seasonal_K002332,48,40,6
STADTLER2003::Cplus::LSDM_STADTLER2003_MLCLSP_48_seasonal_K002341,48,40,6
STADTLER2003::Cplus::LSDM_STADTLER2003_MLCLSP_48_seasonal_K002342,48,40,6
STADTLER2003::Cplus::LSDM_STADTLER2003_MLCLSP_48_seasonal_K002431,48,40,6
STADTLER2003::Cplus::LSDM_STADTLER2003_MLCLSP_48_seasonal_K002432,48,40,6
STADTLER2003::Cplus::LSDM_STADTLER2003_MLCLSP_48_seasonal_K002441,48,40,6
STADTLER2003::Cplus::LSDM_STADTLER2003_MLCLSP_48_seasonal_K002442,48,40,6
STADTLER2003::Cplus::LSDM_STADTLER2003_MLCLSP_48_seasonal_K002531,48,40,6
STADTLER2003::Cplus::LSDM_STADTLER2003_MLCLSP_48_seasonal_K002532,48,40,6
STADTLER2003::Cplus::LSDM_STADTLER2003_MLCLSP_48_seasonal_K002541,48,40,6
STADTLER2003::Cplus::LSDM_STADTLER2003_MLCLSP_48_seasonal_K002542,48,40,6
STADTLER2003::Cplus::LSDM_STADTLER2003_MLCLSP_48_seasonal_K501131,48,40,6
STADTLER2003::Cplus::LSDM_STADTLER2003_MLCLSP_48_seasonal_K501132,48,40,6
STADTLER2003::Cplus::LSDM_STADTLER2003_MLCLSP_48_seasonal_K501141,48,40,6
STADTLER2003::Cplus::LSDM_STADTLER2003_MLCLSP_48_seasonal_K501142,48,40,6
STADTLER2003::Cplus::LSDM_STADTLER2003_MLCLSP_48_seasonal_K501231,48,40,6
STADTLER2003::Cplus::LSDM_STADTLER2003_MLCLSP_48_seasonal_K501232,48,40,6
STADTLER2003::Cplus::LSDM_STADTLER2003_MLCLSP_48_seasonal_K501241,48,40,6
STADTLER2003::Cplus::LSDM_STADTLER2003_MLCLSP_48_seasonal_K501242,48,40,6
STADTLER2003::Cplus::LSDM_STADTLER2003_MLCLSP_48_seasonal_K501331,48,40,6
STADTLER2003::Cplus::LSDM_STADTLER2003_MLCLSP_48_seasonal_K501332,48,40,6
STADTLER2003::Cplus::LSDM_STADTLER2003_MLCLSP_48_seasonal_K501341,48,40,6
STADTLER2003::Cplus::LSDM_STADTLER2003_MLCLSP_48_seasonal_K501342,48,40,6
STADTLER2003::Cplus::LSDM_STADTLER2003_MLCLSP_48_seasonal_K501431,48,40,6
STADTLER2003::Cplus::LSDM_STADTLER2003_MLCLSP_48_seasonal_K501432,48,40,6
STADTLER2003::Cplus::LSDM_STADTLER2003_MLCLSP_48_seasonal_K501441,48,40,6
STADTLER2003::Cplus::LSDM_STADTLER2003_MLCLSP_48_seasonal_K501442,48,40,6
STADTLER2003::Cplus::LSDM_STADTLER2003_MLCLSP_48_seasonal_K501531,48,40,6
STADTLER2003::Cplus::LSDM_STADTLER2003_MLCLSP_48_seasonal_K501532,48,40,6
STADTLER2003::Cplus::LSDM_STADTLER2003_MLCLSP_48_seasonal_K501541,48,40,6
STADTLER2003::Cplus::LSDM_STADTLER2003_MLCLSP_48_seasonal_K501542,48,40,6
STADTLER2003::Cplus::LSDM_STADTLER2003_MLCLSP_48_seasonal_K502131,48,40,6
STADTLER2003::Cplus::LSDM_STADTLER2003_MLCLSP_48_seasonal_K502132,48,40,6
STADTLER2003::Cplus::LSDM_STADTLER2003_MLCLSP_48_seasonal_K502141,48,40,6
STADTLER2003::Cplus::LSDM_STADTLER2003_MLCLSP_48_seasonal_K502142,48,40,6
STADTLER2003::Cplus::LSDM_STADTLER2003_MLCLSP_48_seasonal_K502231,48,40,6
STADTLER2003::Cplus::LSDM_STADTLER2003_MLCLSP_48_seasonal_K502232,48,40,6
STADTLER2003::Cplus::LSDM_STADTLER2003_MLCLSP_48_seasonal_K502241,48,40,6
STADTLER2003::Cplus::LSDM_STADTLER2003_MLCLSP_48_seasonal_K502242,48,40,6
STADTLER2003::Cplus::LSDM_STADTLER2003_MLCLSP_48_seasonal_K502331,48,40,6
STADTLER2003::Cplus::LSDM_STADTLER2003_MLCLSP_48_seasonal_K502332,48,40,6
STADTLER2003::Cplus::LSDM_STADTLER2003_MLCLSP_48_seasonal_K502341,48,40,6
STADTLER2003::Cplus::LSDM_STADTLER2003_MLCLSP_48_seasonal_K502342,48,40,6
STADTLER2003::Cplus::LSDM_STADTLER2003_MLCLSP_48_seasonal_K502431,48,40,6
STADTLER2003::Cplus::LSDM_STADTLER2003_MLCLSP_48_seasonal_K502432,48,40,6
STADTLER2003::Cplus::LSDM_STADTLER2003_MLCLSP_48_seasonal_K502441,48,40,6
STADTLER2003::Cplus::LSDM_STADTLER2003_MLCLSP_48_seasonal_K502442,48,40,6
STADTLER2003::Cplus::LSDM_STADTLER2003_MLCLSP_48_seasonal_K502531,48,40,6
STADTLER2003::Cplus::LSDM_STADTLER2003_MLCLSP_48_seasonal_K502532,48,40,6
STADTLER2003::Cplus::LSDM_STADTLER2003_MLCLSP_48_seasonal_K502541,48,40,6
STADTLER2003::Cplus::LSDM_STADTLER2003_MLCLSP_48_seasonal_K502542,48,40,6
STADTLER2003::D::LSDM_STADTLER2003_MLCLSP_16_erratic_G011120,16,40,6
STADTLER2003::D::LSDM_STADTLER2003_MLCLSP_16_erratic_G011130,16,40,6
STADTLER2003::D::LSDM_STADTLER2003_MLCLSP_16_erratic_G011140,16,40,6
STADTLER2003::D::LSDM_STADTLER2003_MLCLSP_16_erratic_G011220,16,40,6
STADTLER2003::D::LSDM_STADTLER2003_MLCLSP_16_erratic_G011230,16,40,6
STADTLER2003::D::LSDM_STADTLER2003_MLCLSP_16_erratic_G011240,16,40,6
STADTLER2003::D::LSDM_STADTLER2003_MLCLSP_16_erratic_G011320,16,40,6
STADTLER2003::D::LSDM_STADTLER2003_MLCLSP_16_erratic_G011330,16,40,6
STADTLER2003::D::LSDM_STADTLER2003_MLCLSP_16_erratic_G011340,16,40,6
STADTLER2003::D::LSDM_STADTLER2003_MLCLSP_16_erratic_G011420,16,40,6
STADTLER2003::D::LSDM_STADTLER2003_MLCLSP_16_erratic_G011430,16,40,6
STADTLER2003::D::LSDM_STADTLER2003_MLCLSP_16_erratic_G011440,16,40,6
STADTLER2003::D::LSDM_STADTLER2003_MLCLSP_16_erratic_G011520,16,40,6
STADTLER2003::D::LSDM_STADTLER2003_MLCLSP_16_erratic_G011530,16,40,6
STADTLER2003::D::LSDM_STADTLER2003_MLCLSP_16_erratic_G011540,16,40,6
STADTLER2003::D::LSDM_STADTLER2003_MLCLSP_16_erratic_G012120,16,40,6
STADTLER2003::D::LSDM_STADTLER2003_MLCLSP_16_erratic_G012130,16,40,6
STADTLER2003::D::LSDM_STADTLER2003_MLCLSP_16_erratic_G012140,16,40,6
STADTLER2003::D::LSDM_STADTLER2003_MLCLSP_16_erratic_G012220,16,40,6
STADTLER2003::D::LSDM_STADTLER2003_MLCLSP_16_erratic_G012230,16,40,6
STADTLER2003::D::LSDM_STADTLER2003_MLCLSP_16_erratic_G012240,16,40,6
STADTLER2003::D::LSDM_STADTLER2003_MLCLSP_16_erratic_G012320,16,40,6
STADTLER2003::D::LSDM_STADTLER2003_MLCLSP_16_erratic_G012330,16,40,6
STADTLER2003::D::LSDM_STADTLER2003_MLCLSP_16_erratic_G012340,16,40,6
STADTLER2003::D::LSDM_STADTLER2003_MLCLSP_16_erratic_G012420,16,40,6
STADTLER2003::D::LSDM_STADTLER2003_MLCLSP_16_erratic_G012430,16,40,6
STADTLER2003::D::LSDM_STADTLER2003_MLCLSP_16_erratic_G012440,16,40,6
STADTLER2003::D::LSDM_STADTLER2003_MLCLSP_16_erratic_G012520,16,40,6
STADTLER2003::D::LSDM_STADTLER2003_MLCLSP_16_erratic_G012530,16,40,6
STADTLER2003::D::LSDM_STADTLER2003_MLCLSP_16_erratic_G012540,16,40,6
STADTLER2003::D::LSDM_STADTLER2003_MLCLSP_16_erratic_G041120,16,40,6
STADTLER2003::D::LSDM_STADTLER2003_MLCLSP_16_erratic_G041130,16,40,6
STADTLER2003::D::LSDM_STADTLER2003_MLCLSP_16_erratic_G041140,16,40,6
STADTLER2003::D::LSDM_STADTLER2003_MLCLSP_16_erratic_G041220,16,40,6
STADTLER2003::D::LSDM_STADTLER2003_MLCLSP_16_erratic_G041230,16,40,6
STADTLER2003::D::LSDM_STADTLER2003_MLCLSP_16_erratic_G041240,16,40,6
STADTLER2003::D::LSDM_STADTLER2003_MLCLSP_16_erratic_G041320,16,40,6
STADTLER2003::D::LSDM_STADTLER2003_MLCLSP_16_erratic_G041330,16,40,6
STADTLER2003::D::LSDM_STADTLER2003_MLCLSP_16_erratic_G041340,16,40,6
STADTLER2003::D::LSDM_STADTLER2003_MLCLSP_16_erratic_G041420,16,40,6
STADTLER2003::D::LSDM_STADTLER2003_MLCLSP_16_erratic_G041430,16,40,6
STADTLER2003::D::LSDM_STADTLER2003_MLCLSP_16_erratic_G041440,16,40,6
STADTLER2003::D::LSDM_STADTLER2003_MLCLSP_16_erratic_G041520,16,40,6
STADTLER2003::D::LSDM_STADTLER2003_MLCLSP_16_erratic_G041530,16,40,6
STADTLER2003::D::LSDM_STADTLER2003_MLCLSP_16_erratic_G041540,16,40,6
STADTLER2003::D::LSDM_STADTLER2003_MLCLSP_16_erratic_G042120,16,40,6
STADTLER2003::D::LSDM_STADTLER2003_MLCLSP_16_erratic_G042130,16,40,6
STADTLER2003::D::LSDM_STADTLER2003_MLCLSP_16_erratic_G042140,16,40,6
STADTLER2003::D::LSDM_STADTLER2003_MLCLSP_16_erratic_G042220,16,40,6
STADTLER2003::D::LSDM_STADTLER2003_MLCLSP_16_erratic_G042230,16,40,6
STADTLER2003::D::LSDM_STADTLER2003_MLCLSP_16_erratic_G042240,16,40,6
STADTLER2003::D::LSDM_STADTLER2003_MLCLSP_16_erratic_G042320,16,40,6
STADTLER2003::D::LSDM_STADTLER2003_MLCLSP_16_erratic_G042330,16,40,6
STADTLER2003::D::LSDM_STADTLER2003_MLCLSP_16_erratic_G042340,16,40,6
STADTLER2003::D::LSDM_STADTLER2003_MLCLSP_16_erratic_G042420,16,40,6
STADTLER2003::D::LSDM_STADTLER2003_MLCLSP_16_erratic_G042430,16,40,6
STADTLER2003::D::LSDM_STADTLER2003_MLCLSP_16_erratic_G042440,16,40,6
STADTLER2003::D::LSDM_STADTLER2003_MLCLSP_16_erratic_G042520,16,40,6
STADTLER2003::D::LSDM_STADTLER2003_MLCLSP_16_erratic_G042530,16,40,6
STADTLER2003::D::LSDM_STADTLER2003_MLCLSP_16_erratic_G042540,16,40,6
STADTLER2003::D::LSDM_STADTLER2003_MLCLSP_16_erratic_G511120,16,40,6
STADTLER2003::D::LSDM_STADTLER2003_MLCLSP_16_erratic_G511130,16,40,6
STADTLER2003::D::LSDM_STADTLER2003_MLCLSP_16_erratic_G511140,16,40,6
STADTLER2003::D::LSDM_STADTLER2003_MLCLSP_16_erratic_G511220,16,40,6
STADTLER2003::D::LSDM_STADTLER2003_MLCLSP_16_erratic_G511230,16,40,6
STADTLER2003::D::LSDM_STADTLER2003_MLCLSP_16_erratic_G511240,16,40,6
STADTLER2003::D::LSDM_STADTLER2003_MLCLSP_16_erratic_G511320,16,40,6
STADTLER2003::D::LSDM_STADTLER2003_MLCLSP_16_erratic_G511330,16,40,6
STADTLER2003::D::LSDM_STADTLER2003_MLCLSP_16_erratic_G511340,16,40,6
STADTLER2003::D::LSDM_STADTLER2003_MLCLSP_16_erratic_G511420,16,40,6
STADTLER2003::D::LSDM_STADTLER2003_MLCLSP_16_erratic_G511430,16,40,6
STADTLER2003::D::LSDM_STADTLER2003_MLCLSP_16_erratic_G511440,16,40,6
STADTLER2003::D::LSDM_STADTLER2003_MLCLSP_16_erratic_G511520,16,40,6
STADTLER2003::D::LSDM_STADTLER2003_MLCLSP_16_erratic_G511530,16,40,6
STADTLER2003::D::LSDM_STADTLER2003_MLCLSP_16_erratic_G511540,16,40,6
STADTLER2003::D::LSDM_STADTLER2003_MLCLSP_16_erratic_G512120,16,40,6
STADTLER2003::D::LSDM_STADTLER2003_MLCLSP_16_erratic_G512130,16,40,6
STADTLER2003::D::LSDM_STADTLER2003_MLCLSP_16_erratic_G512140,16,40,6
STADTLER2003::D::LSDM_STADTLER2003_MLCLSP_16_erratic_G512220,16,40,6
STADTLER2003::D::LSDM_STADTLER2003_MLCLSP_16_erratic_G512230,16,40,6
STADTLER2003::D::LSDM_STADTLER2003_MLCLSP_16_erratic_G512240,16,40,6
STADTLER2003::D::LSDM_STADTLER2003_MLCLSP_16_erratic_G512320,16,40,6
STADTLER2003::D::LSDM_STADTLER2003_MLCLSP_16_erratic_G512330,16,40,6
STADTLER2003::D::LSDM_STADTLER2003_MLCLSP_16_erratic_G512340,16,40,6
STADTLER2003::D::LSDM_STADTLER2003_MLCLSP_16_erratic_G512420,16,40,6
STADTLER2003::D::LSDM_STADTLER2003_MLCLSP_16_erratic_G512430,16,40,6
STADTLER2003::D::LSDM_STADTLER2003_MLCLSP_16_erratic_G512440,16,40,6
STADTLER2003::D::LSDM_STADTLER2003_MLCLSP_16_erratic_G512520,16,40,6
STADTLER2003::D::LSDM_STADTLER2003_MLCLSP_16_erratic_G512530,16,40,6
STADTLER2003::D::LSDM_STADTLER2003_MLCLSP_16_erratic_G512540,16,40,6
STADTLER2003::D::LSDM_STADTLER2003_MLCLSP_16_erratic_G541120,16,40,6
STADTLER2003::D::LSDM_STADTLER2003_MLCLSP_16_erratic_G541130,16,40,6
STADTLER2003::D::LSDM_STADTLER2003_MLCLSP_16_erratic_G541140,16,40,6
STADTLER2003::D::LSDM_STADTLER2003_MLCLSP_16_erratic_G541220,16,40,6
STADTLER2003::D::LSDM_STADTLER2003_MLCLSP_16_erratic_G541230,16,40,6
STADTLER2003::D::LSDM_STADTLER2003_MLCLSP_16_erratic_G541240,16,40,6
STADTLER2003::D::LSDM_STADTLER2003_MLCLSP_16_erratic_G541320,16,40,6
STADTLER2003::D::LSDM_STADTLER2003_MLCLSP_16_erratic_G541330,16,40,6
STADTLER2003::D::LSDM_STADTLER2003_MLCLSP_16_erratic_G541340,16,40,6
STADTLER2003::D::LSDM_STADTLER2003_MLCLSP_16_erratic_G541420,16,40,6
STADTLER2003::D::LSDM_STADTLER2003_MLCLSP_16_erratic_G541430,16,40,6
STADTLER2003::D::LSDM_STADTLER2003_MLCLSP_16_erratic_G541440,16,40,6
STADTLER2003::D::LSDM_STADTLER2003_MLCLSP_16_erratic_G541520,16,40,6
STADTLER2003::D::LSDM_STADTLER2003_MLCLSP_16_erratic_G541530,16,40,6
STADTLER2003::D::LSDM_STADTLER2003_MLCLSP_16_erratic_G541540,16,40,6
STADTLER2003::D::LSDM_STADTLER2003_MLCLSP_16_erratic_G542120,16,40,6
STADTLER2003::D::LSDM_STADTLER2003_MLCLSP_16_erratic_G542130,16,40,6
STADTLER2003::D::LSDM_STADTLER2003_MLCLSP_16_erratic_G542140,16,40,6
STADTLER2003::D::LSDM_STADTLER2003_MLCLSP_16_erratic_G542220,16,40,6
STADTLER2003::D::LSDM_STADTLER2003_MLCLSP_16_erratic_G542230,16,40,6
STADTLER2003::D::LSDM_STADTLER2003_MLCLSP_16_erratic_G542240,16,40,6
STADTLER2003::D::LSDM_STADTLER2003_MLCLSP_16_erratic_G542320,16,40,6
STADTLER2003::D::LSDM_STADTLER2003_MLCLSP_16_erratic_G542330,16,40,6
STADTLER2003::D::LSDM_STADTLER2003_MLCLSP_16_erratic_G542340,16,40,6
STADTLER2003::D::LSDM_STADTLER2003_MLCLSP_16_erratic_G542420,16,40,6
STADTLER2003::D::LSDM_STADTLER2003_MLCLSP_16_erratic_G542430,16,40,6
STADTLER2003::D::LSDM_STADTLER2003_MLCLSP_16_erratic_G542440,16,40,6
STADTLER2003::D::LSDM_STADTLER2003_MLCLSP_16_erratic_G542520,16,40,6
STADTLER2003::D::LSDM_STADTLER2003_MLCLSP_16_erratic_G542530,16,40,6
STADTLER2003::D::LSDM_STADTLER2003_MLCLSP_16_erratic_G542540,16,40,6
STADTLER2003::D::LSDM_STADTLER2003_MLCLSP_16_seasonal_G011121,16,40,6
STADTLER2003::D::LSDM_STADTLER2003_MLCLSP_16_seasonal_G011122,16,40,6
STADTLER2003::D::LSDM_STADTLER2003_MLCLSP_16_seasonal_G011131,16,40,6
STADTLER2003::D::LSDM_STADTLER2003_MLCLSP_16_seasonal_G011132,16,40,6
STADTLER2003::D::LSDM_STADTLER2003_MLCLSP_16_seasonal_G011141,16,40,6
STADTLER2003::D::LSDM_STADTLER2003_MLCLSP_16_seasonal_G011142,16,40,6
STADTLER2003::D::LSDM_STADTLER2003_MLCLSP_16_seasonal_G011221,16,40,6
STADTLER2003::D::LSDM_STADTLER2003_MLCLSP_16_seasonal_G011222,16,40,6
STADTLER2003::D::LSDM_STADTLER2003_MLCLSP_16_seasonal_G011231,16,40,6
STADTLER2003::D::LSDM_STADTLER2003_MLCLSP_16_seasonal_G011232,16,40,6
STADTLER2003::D::LSDM_STADTLER2003_MLCLSP_16_seasonal_G011241,16,40,6
STADTLER2003::D::LSDM_STADTLER2003_MLCLSP_16_seasonal_G011242,16,40,6
STADTLER2003::D::LSDM_STADTLER2003_MLCLSP_16_seasonal_G011321,16,40,6
STADTLER2003::D::LSDM_STADTLER2003_MLCLSP_16_seasonal_G011322,16,40,6
STADTLER2003::D::LSDM_STADTLER2003_MLCLSP_16_seasonal_G011331,16,40,6
STADTLER2003::D::LSDM_STADTLER2003_MLCLSP_16_seasonal_G011332,16,40,6
STADTLER2003::D::LSDM_STADTLER2003_MLCLSP_16_seasonal_G011341,16,40,6
STADTLER2003::D::LSDM_STADTLER2003_MLCLSP_16_seasonal_G011342,16,40,6
STADTLER2003::D::LSDM_STADTLER2003_MLCLSP_16_seasonal_G011421,16,40,6
STADTLER2003::D::LSDM_STADTLER2003_MLCLSP_16_seasonal_G011422,16,40,6
STADTLER2003::D::LSDM_STADTLER2003_MLCLSP_16_seasonal_G011431,16,40,6
STADTLER2003::D::LSDM_STADTLER2003_MLCLSP_16_seasonal_G011432,16,40,6
STADTLER2003::D::LSDM_STADTLER2003_MLCLSP_16_seasonal_G011441,16,40,6
STADTLER2003::D::LSDM_STADTLER2003_MLCLSP_16_seasonal_G011442,16,40,6
STADTLER2003::D::LSDM_STADTLER2003_MLCLSP_16_seasonal_G011521,16,40,6
STADTLER2003::D::LSDM_STADTLER2003_MLCLSP_16_seasonal_G011522,16,40,6
STADTLER2003::D::LSDM_STADTLER2003_MLCLSP_16_seasonal_G011531,16,40,6
STADTLER2003::D::LSDM_STADTLER2003_MLCLSP_16_seasonal_G011532,16,40,6
STADTLER2003::D::LSDM_STADTLER2003_MLCLSP_16_seasonal_G011541,16,40,6
STADTLER2003::D::LSDM_STADTLER2003_MLCLSP_16_seasonal_G011542,16,40,6
STADTLER2003::D::LSDM_STADTLER2003_MLCLSP_16_seasonal_G012121,16,40,6
STADTLER2003::D::LSDM_STADTLER2003_MLCLSP_16_seasonal_G012122,16,40,6
STADTLER2003::D::LSDM_STADTLER2003_MLCLSP_16_seasonal_G012131,16,40,6
STADTLER2003::D::LSDM_STADTLER2003_MLCLSP_16_seasonal_G012132,16,40,6
STADTLER2003::D::LSDM_STADTLER2003_MLCLSP_16_seasonal_G012141,16,40,6
STADTLER2003::D::LSDM_STADTLER2003_MLCLSP_16_seasonal_G012142,16,40,6
STADTLER2003::D::LSDM_STADTLER2003_MLCLSP_16_seasonal_G012221,16,40,6
STADTLER2003::D::LSDM_STADTLER2003_MLCLSP_16_seasonal_G012222,16,40,6
STADTLER2003::D::LSDM_STADTLER2003_MLCLSP_16_seasonal_G012231,16,40,6
STADTLER2003::D::LSDM_STADTLER2003_MLCLSP_16_seasonal_G012232,16,40,6
STADTLER2003::D::LSDM_STADTLER2003_MLCLSP_16_seasonal_G012241,16,40,6
STADTLER2003::D::LSDM_STADTLER2003_MLCLSP_16_seasonal_G012242,16,40,6
STADTLER2003::D::LSDM_STADTLER2003_MLCLSP_16_seasonal_G012321,16,40,6
STADTLER2003::D::LSDM_STADTLER2003_MLCLSP_16_seasonal_G012322,16,40,6
STADTLER2003::D::LSDM_STADTLER2003_MLCLSP_16_seasonal_G012331,16,40,6
STADTLER2003::D::LSDM_STADTLER2003_MLCLSP_16_seasonal_G012332,16,40,6
STADTLER2003::D::LSDM_STADTLER2003_MLCLSP_16_seasonal_G012341,16,40,6
STADTLER2003::D::LSDM_STADTLER2003_MLCLSP_16_seasonal_G012342,16,40,6
STADTLER2003::D::LSDM_STADTLER2003_MLCLSP_16_seasonal_G012421,16,40,6
STADTLER2003::D::LSDM_STADTLER2003_MLCLSP_16_seasonal_G012422,16,40,6
STADTLER2003::D::LSDM_STADTLER2003_MLCLSP_16_seasonal_G012431,16,40,6
STADTLER2003::D::LSDM_STADTLER2003_MLCLSP_16_seasonal_G012432,16,40,6
STADTLER2003::D::LSDM_STADTLER2003_MLCLSP_16_seasonal_G012441,16,40,6
STADTLER2003::D::LSDM_STADTLER2003_MLCLSP_16_seasonal_G012442,16,40,6
STADTLER2003::D::LSDM_STADTLER2003_MLCLSP_16_seasonal_G012521,16,40,6
STADTLER2003::D::LSDM_STADTLER2003_MLCLSP_16_seasonal_G012522,16,40,6
STADTLER2003::D::LSDM_STADTLER2003_MLCLSP_16_seasonal_G012531,16,40,6
STADTLER2003::D::LSDM_STADTLER2003_MLCLSP_16_seasonal_G012532,16,40,6
STADTLER2003::D::LSDM_STADTLER2003_MLCLSP_16_seasonal_G012541,16,40,6
STADTLER2003::D::LSDM_STADTLER2003_MLCLSP_16_seasonal_G012542,16,40,6
STADTLER2003::D::LSDM_STADTLER2003_MLCLSP_16_seasonal_G041121,16,40,6
STADTLER2003::D::LSDM_STADTLER2003_MLCLSP_16_seasonal_G041122,16,40,6
STADTLER2003::D::LSDM_STADTLER2003_MLCLSP_16_seasonal_G041131,16,40,6
STADTLER2003::D::LSDM_STADTLER2003_MLCLSP_16_seasonal_G041132,16,40,6
STADTLER2003::D::LSDM_STADTLER2003_MLCLSP_16_seasonal_G041141,16,40,6
STADTLER2003::D::LSDM_STADTLER2003_MLCLSP_16_seasonal_G041142,16,40,6
STADTLER2003::D::LSDM_STADTLER2003_MLCLSP_16_seasonal_G041221,16,40,6
STADTLER2003::D::LSDM_STADTLER2003_MLCLSP_16_seasonal_G041222,16,40,6
STADTLER2003::D::LSDM_STADTLER2003_MLCLSP_16_seasonal_G041231,16,40,6
STADTLER2003::D::LSDM_STADTLER2003_MLCLSP_16_seasonal_G041232,16,40,6
STADTLER2003::D::LSDM_STADTLER2003_MLCLSP_16_seasonal_G041241,16,40,6
STADTLER2003::D::LSDM_STADTLER2003_MLCLSP_16_seasonal_G041242,16,40,6
STADTLER2003::D::LSDM_STADTLER2003_MLCLSP_16_seasonal_G041321,16,40,6
STADTLER2003::D::LSDM_STADTLER2003_MLCLSP_16_seasonal_G041322,16,40,6
STADTLER2003::D::LSDM_STADTLER2003_MLCLSP_16_seasonal_G041331,16,40,6
STADTLER2003::D::LSDM_STADTLER2003_MLCLSP_16_seasonal_G041332,16,40,6
STADTLER2003::D::LSDM_STADTLER2003_MLCLSP_16_seasonal_G041341,16,40,6
STADTLER2003::D::LSDM_STADTLER2003_MLCLSP_16_seasonal_G041342,16,40,6
STADTLER2003::D::LSDM_STADTLER2003_MLCLSP_16_seasonal_G041421,16,40,6
STADTLER2003::D::LSDM_STADTLER2003_MLCLSP_16_seasonal_G041422,16,40,6
STADTLER2003::D::LSDM_STADTLER2003_MLCLSP_16_seasonal_G041431,16,40,6
STADTLER2003::D::LSDM_STADTLER2003_MLCLSP_16_seasonal_G041432,16,40,6
STADTLER2003::D::LSDM_STADTLER2003_MLCLSP_16_seasonal_G041441,16,40,6
STADTLER2003::D::LSDM_STADTLER2003_MLCLSP_16_seasonal_G041442,16,40,6
STADTLER2003::D::LSDM_STADTLER2003_MLCLSP_16_seasonal_G041521,16,40,6
STADTLER2003::D::LSDM_STADTLER2003_MLCLSP_16_seasonal_G041522,16,40,6
STADTLER2003::D::LSDM_STADTLER2003_MLCLSP_16_seasonal_G041531,16,40,6
STADTLER2003::D::LSDM_STADTLER2003_MLCLSP_16_seasonal_G041532,16,40,6
STADTLER2003::D::LSDM_STADTLER2003_MLCLSP_16_seasonal_G041541,16,40,6
STADTLER2003::D::LSDM_STADTLER2003_MLCLSP_16_seasonal_G041542,16,40,6
STADTLER2003::D::LSDM_STADTLER2003_MLCLSP_16_seasonal_G042121,16,40,6
STADTLER2003::D::LSDM_STADTLER2003_MLCLSP_16_seasonal_G042122,16,40,6
STADTLER2003::D::LSDM_STADTLER2003_MLCLSP_16_seasonal_G042131,16,40,6
STADTLER2003::D::LSDM_STADTLER2003_MLCLSP_16_seasonal_G042132,16,40,6
STADTLER2003::D::LSDM_STADTLER2003_MLCLSP_16_seasonal_G042141,16,40,6
STADTLER2003::D::LSDM_STADTLER2003_MLCLSP_16_seasonal_G042142,16,40,6
STADTLER2003::D::LSDM_STADTLER2003_MLCLSP_16_seasonal_G042221,16,40,6
STADTLER2003::D::LSDM_STADTLER2003_MLCLSP_16_seasonal_G042222,16,40,6
STADTLER2003::D::LSDM_STADTLER2003_MLCLSP_16_seasonal_G042231,16,40,6
STADTLER2003::D::LSDM_STADTLER2003_MLCLSP_16_seasonal_G042232,16,40,6
STADTLER2003::D::LSDM_STADTLER2003_MLCLSP_16_seasonal_G042241,16,40,6
STADTLER2003::D::LSDM_STADTLER2003_MLCLSP_16_seasonal_G042242,16,40,6
STADTLER2003::D::LSDM_STADTLER2003_MLCLSP_16_seasonal_G042321,16,40,6
STADTLER2003::D::LSDM_STADTLER2003_MLCLSP_16_seasonal_G042322,16,40,6
STADTLER2003::D::LSDM_STADTLER2003_MLCLSP_16_seasonal_G042331,16,40,6
STADTLER2003::D::LSDM_STADTLER2003_MLCLSP_16_seasonal_G042332,16,40,6
STADTLER2003::D::LSDM_STADTLER2003_MLCLSP_16_seasonal_G042341,16,40,6
STADTLER2003::D::LSDM_STADTLER2003_MLCLSP_16_seasonal_G042342,16,40,6
STADTLER2003::D::LSDM_STADTLER2003_MLCLSP_16_seasonal_G042421,16,40,6
STADTLER2003::D::LSDM_STADTLER2003_MLCLSP_16_seasonal_G042422,16,40,6
STADTLER2003::D::LSDM_STADTLER2003_MLCLSP_16_seasonal_G042431,16,40,6
STADTLER2003::D::LSDM_STADTLER2003_MLCLSP_16_seasonal_G042432,16,40,6
STADTLER2003::D::LSDM_STADTLER2003_MLCLSP_16_seasonal_G042441,16,40,6
STADTLER2003::D::LSDM_STADTLER2003_MLCLSP_16_seasonal_G042442,16,40,6
STADTLER2003::D::LSDM_STADTLER2003_MLCLSP_16_seasonal_G042521,16,40,6
STADTLER2003::D::LSDM_STADTLER2003_MLCLSP_16_seasonal_G042522,16,40,6
STADTLER2003::D::LSDM_STADTLER2003_MLCLSP_16_seasonal_G042531,16,40,6
STADTLER2003::D::LSDM_STADTLER2003_MLCLSP_16_seasonal_G042532,16,40,6
STADTLER2003::D::LSDM_STADTLER2003_MLCLSP_16_seasonal_G042541,16,40,6
STADTLER2003::D::LSDM_STADTLER2003_MLCLSP_16_seasonal_G042542,16,40,6
STADTLER2003::D::LSDM_STADTLER2003_MLCLSP_16_seasonal_G511121,16,40,6
STADTLER2003::D::LSDM_STADTLER2003_MLCLSP_16_seasonal_G511122,16,40,6
STADTLER2003::D::LSDM_STADTLER2003_MLCLSP_16_seasonal_G511131,16,40,6
STADTLER2003::D::LSDM_STADTLER2003_MLCLSP_16_seasonal_G511132,16,40,6
STADTLER2003::D::LSDM_STADTLER2003_MLCLSP_16_seasonal_G511141,16,40,6
STADTLER2003::D::LSDM_STADTLER2003_MLCLSP_16_seasonal_G511142,16,40,6
STADTLER2003::D::LSDM_STADTLER2003_MLCLSP_16_seasonal_G511221,16,40,6
STADTLER2003::D::LSDM_STADTLER2003_MLCLSP_16_seasonal_G511222,16,40,6
STADTLER2003::D::LSDM_STADTLER2003_MLCLSP_16_seasonal_G511231,16,40,6
STADTLER2003::D::LSDM_STADTLER2003_MLCLSP_16_seasonal_G511232,16,40,6
STADTLER2003::D::LSDM_STADTLER2003_MLCLSP_16_seasonal_G511241,16,40,6
STADTLER2003::D::LSDM_STADTLER2003_MLCLSP_16_seasonal_G511242,16,40,6
STADTLER2003::D::LSDM_STADTLER2003_MLCLSP_16_seasonal_G511321,16,40,6
STADTLER2003::D::LSDM_STADTLER2003_MLCLSP_16_seasonal_G511322,16,40,6
STADTLER2003::D::LSDM_STADTLER2003_MLCLSP_16_seasonal_G511331,16,40,6
STADTLER2003::D::LSDM_STADTLER2003_MLCLSP_16_seasonal_G511332,16,40,6
STADTLER2003::D::LSDM_STADTLER2003_MLCLSP_16_seasonal_G511341,16,40,6
STADTLER2003::D::LSDM_STADTLER2003_MLCLSP_16_seasonal_G511342,16,40,6
STADTLER2003::D::LSDM_STADTLER2003_MLCLSP_16_seasonal_G511421,16,40,6
STADTLER2003::D::LSDM_STADTLER2003_MLCLSP_16_seasonal_G511422,16,40,6
STADTLER2003::D::LSDM_STADTLER2003_MLCLSP_16_seasonal_G511431,16,40,6
STADTLER2003::D::LSDM_STADTLER2003_MLCLSP_16_seasonal_G511432,16,40,6
STADTLER2003::D::LSDM_STADTLER2003_MLCLSP_16_seasonal_G511441,16,40,6
STADTLER2003::D::LSDM_STADTLER2003_MLCLSP_16_seasonal_G511442,16,40,6
STADTLER2003::D::LSDM_STADTLER2003_MLCLSP_16_seasonal_G511521,16,40,6
STADTLER2003::D::LSDM_STADTLER2003_MLCLSP_16_seasonal_G511522,16,40,6
STADTLER2003::D::LSDM_STADTLER2003_MLCLSP_16_seasonal_G511531,16,40,6
STADTLER2003::D::LSDM_STADTLER2003_MLCLSP_16_seasonal_G511532,16,40,6
STADTLER2003::D::LSDM_STADTLER2003_MLCLSP_16_seasonal_G511541,16,40,6
STADTLER2003::D::LSDM_STADTLER2003_MLCLSP_16_seasonal_G511542,16,40,6
STADTLER2003::D::LSDM_STADTLER2003_MLCLSP_16_seasonal_G512121,16,40,6
STADTLER2003::D::LSDM_STADTLER2003_MLCLSP_16_seasonal_G512122,16,40,6
STADTLER2003::D::LSDM_STADTLER2003_MLCLSP_16_seasonal_G512131,16,40,6
STADTLER2003::D::LSDM_STADTLER2003_MLCLSP_16_seasonal_G512132,16,40,6
STADTLER2003::D::LSDM_STADTLER2003_MLCLSP_16_seasonal_G512141,16,40,6
STADTLER2003::D::LSDM_STADTLER2003_MLCLSP_16_seasonal_G512142,16,40,6
STADTLER2003::D::LSDM_STADTLER2003_MLCLSP_16_seasonal_G512221,16,40,6
STADTLER2003::D::LSDM_STADTLER2003_MLCLSP_16_seasonal_G512222,16,40,6
STADTLER2003::D::LSDM_STADTLER2003_MLCLSP_16_seasonal_G512231,16,40,6
STADTLER2003::D::LSDM_STADTLER2003_MLCLSP_16_seasonal_G512232,16,40,6
STADTLER2003::D::LSDM_STADTLER2003_MLCLSP_16_seasonal_G512241,16,40,6
STADTLER2003::D::LSDM_STADTLER2003_MLCLSP_16_seasonal_G512242,16,40,6
STADTLER2003::D::LSDM_STADTLER2003_MLCLSP_16_seasonal_G512321,16,40,6
STADTLER2003::D::LSDM_STADTLER2003_MLCLSP_16_seasonal_G512322,16,40,6
STADTLER2003::D::LSDM_STADTLER2003_MLCLSP_16_seasonal_G512331,16,40,6
STADTLER2003::D::LSDM_STADTLER2003_MLCLSP_16_seasonal_G512332,16,40,6
STADTLER2003::D::LSDM_STADTLER2003_MLCLSP_16_seasonal_G512341,16,40,6
STADTLER2003::D::LSDM_STADTLER2003_MLCLSP_16_seasonal_G512342,16,40,6
STADTLER2003::D::LSDM_STADTLER2003_MLCLSP_16_seasonal_G512421,16,40,6
STADTLER2003::D::LSDM_STADTLER2003_MLCLSP_16_seasonal_G512422,16,40,6
STADTLER2003::D::LSDM_STADTLER2003_MLCLSP_16_seasonal_G512431,16,40,6
STADTLER2003::D::LSDM_STADTLER2003_MLCLSP_16_seasonal_G512432,16,40,6
STADTLER2003::D::LSDM_STADTLER2003_MLCLSP_16_seasonal_G512441,16,40,6
STADTLER2003::D::LSDM_STADTLER2003_MLCLSP_16_seasonal_G512442,16,40,6
STADTLER2003::D::LSDM_STADTLER2003_MLCLSP_16_seasonal_G512521,16,40,6
STADTLER2003::D::LSDM_STADTLER2003_MLCLSP_16_seasonal_G512522,16,40,6
STADTLER2003::D::LSDM_STADTLER2003_MLCLSP_16_seasonal_G512531,16,40,6
STADTLER2003::D::LSDM_STADTLER2003_MLCLSP_16_seasonal_G512532,16,40,6
STADTLER2003::D::LSDM_STADTLER2003_MLCLSP_16_seasonal_G512541,16,40,6
STADTLER2003::D::LSDM_STADTLER2003_MLCLSP_16_seasonal_G512542,16,40,6
STADTLER2003::D::LSDM_STADTLER2003_MLCLSP_16_seasonal_G541121,16,40,6
STADTLER2003::D::LSDM_STADTLER2003_MLCLSP_16_seasonal_G541122,16,40,6
STADTLER2003::D::LSDM_STADTLER2003_MLCLSP_16_seasonal_G541131,16,40,6
STADTLER2003::D::LSDM_STADTLER2003_MLCLSP_16_seasonal_G541132,16,40,6
STADTLER2003::D::LSDM_STADTLER2003_MLCLSP_16_seasonal_G541141,16,40,6
STADTLER2003::D::LSDM_STADTLER2003_MLCLSP_16_seasonal_G541142,16,40,6
STADTLER2003::D::LSDM_STADTLER2003_MLCLSP_16_seasonal_G541221,16,40,6
STADTLER2003::D::LSDM_STADTLER2003_MLCLSP_16_seasonal_G541222,16,40,6
STADTLER2003::D::LSDM_STADTLER2003_MLCLSP_16_seasonal_G541231,16,40,6
STADTLER2003::D::LSDM_STADTLER2003_MLCLSP_16_seasonal_G541232,16,40,6
STADTLER2003::D::LSDM_STADTLER2003_MLCLSP_16_seasonal_G541241,16,40,6
STADTLER2003::D::LSDM_STADTLER2003_MLCLSP_16_seasonal_G541242,16,40,6
STADTLER2003::D::LSDM_STADTLER2003_MLCLSP_16_seasonal_G541321,16,40,6
STADTLER2003::D::LSDM_STADTLER2003_MLCLSP_16_seasonal_G541322,16,40,6
STADTLER2003::D::LSDM_STADTLER2003_MLCLSP_16_seasonal_G541331,16,40,6
STADTLER2003::D::LSDM_STADTLER2003_MLCLSP_16_seasonal_G541332,16,40,6
STADTLER2003::D::LSDM_STADTLER2003_MLCLSP_16_seasonal_G541341,16,40,6
STADTLER2003::D::LSDM_STADTLER2003_MLCLSP_16_seasonal_G541342,16,40,6
STADTLER2003::D::LSDM_STADTLER2003_MLCLSP_16_seasonal_G541421,16,40,6
STADTLER2003::D::LSDM_STADTLER2003_MLCLSP_16_seasonal_G541422,16,40,6
STADTLER2003::D::LSDM_STADTLER2003_MLCLSP_16_seasonal_G541431,16,40,6
STADTLER2003::D::LSDM_STADTLER2003_MLCLSP_16_seasonal_G541432,16,40,6
STADTLER2003::D::LSDM_STADTLER2003_MLCLSP_16_seasonal_G541441,16,40,6
STADTLER2003::D::LSDM_STADTLER2003_MLCLSP_16_seasonal_G541442,16,40,6
STADTLER2003::D::LSDM_STADTLER2003_MLCLSP_16_seasonal_G541521,16,40,6
STADTLER2003::D::LSDM_STADTLER2003_MLCLSP_16_seasonal_G541522,16,40,6
STADTLER2003::D::LSDM_STADTLER2003_MLCLSP_16_seasonal_G541531,16,40,6
STADTLER2003::D::LSDM_STADTLER2003_MLCLSP_16_seasonal_G541532,16,40,6
STADTLER2003::D::LSDM_STADTLER2003_MLCLSP_16_seasonal_G541541,16,40,6
STADTLER2003::D::LSDM_STADTLER2003_MLCLSP_16_seasonal_G541542,16,40,6
STADTLER2003::D::LSDM_STADTLER2003_MLCLSP_16_seasonal_G542121,16,40,6
STADTLER2003::D::LSDM_STADTLER2003_MLCLSP_16_seasonal_G542122,16,40,6
STADTLER2003::D::LSDM_STADTLER2003_MLCLSP_16_seasonal_G542131,16,40,6
STADTLER2003::D::LSDM_STADTLER2003_MLCLSP_16_seasonal_G542132,16,40,6
STADTLER2003::D::LSDM_STADTLER2003_MLCLSP_16_seasonal_G542141,16,40,6
STADTLER2003::D::LSDM_STADTLER2003_MLCLSP_16_seasonal_G542142,16,40,6
STADTLER2003::D::LSDM_STADTLER2003_MLCLSP_16_seasonal_G542221,16,40,6
STADTLER2003::D::LSDM_STADTLER2003_MLCLSP_16_seasonal_G542222,16,40,6
STADTLER2003::D::LSDM_STADTLER2003_MLCLSP_16_seasonal_G542231,16,40,6
STADTLER2003::D::LSDM_STADTLER2003_MLCLSP_16_seasonal_G542232,16,40,6
STADTLER2003::D::LSDM_STADTLER2003_MLCLSP_16_seasonal_G542241,16,40,6
STADTLER2003::D::LSDM_STADTLER2003_MLCLSP_16_seasonal_G542242,16,40,6
STADTLER2003::D::LSDM_STADTLER2003_MLCLSP_16_seasonal_G542321,16,40,6
STADTLER2003::D::LSDM_STADTLER2003_MLCLSP_16_seasonal_G542322,16,40,6
STADTLER2003::D::LSDM_STADTLER2003_MLCLSP_16_seasonal_G542331,16,40,6
STADTLER2003::D::LSDM_STADTLER2003_MLCLSP_16_seasonal_G542332,16,40,6
STADTLER2003::D::LSDM_STADTLER2003_MLCLSP_16_seasonal_G542341,16,40,6
STADTLER2003::D::LSDM_STADTLER2003_MLCLSP_16_seasonal_G542342,16,40,6
STADTLER2003::D::LSDM_STADTLER2003_MLCLSP_16_seasonal_G542421,16,40,6
STADTLER2003::D::LSDM_STADTLER2003_MLCLSP_16_seasonal_G542422,16,40,6
STADTLER2003::D::LSDM_STADTLER2003_MLCLSP_16_seasonal_G542431,16,40,6
STADTLER2003::D::LSDM_STADTLER2003_MLCLSP_16_seasonal_G542432,16,40,6
STADTLER2003::D::LSDM_STADTLER2003_MLCLSP_16_seasonal_G542441,16,40,6
STADTLER2003::D::LSDM_STADTLER2003_MLCLSP_16_seasonal_G542442,16,40,6
STADTLER2003::D::LSDM_STADTLER2003_MLCLSP_16_seasonal_G542521,16,40,6
STADTLER2003::D::LSDM_STADTLER2003_MLCLSP_16_seasonal_G542522,16,40,6
STADTLER2003::D::LSDM_STADTLER2003_MLCLSP_16_seasonal_G542531,16,40,6
STADTLER2003::D::LSDM_STADTLER2003_MLCLSP_16_seasonal_G542532,16,40,6
STADTLER2003::D::LSDM_STADTLER2003_MLCLSP_16_seasonal_G542541,16,40,6
STADTLER2003::D::LSDM_STADTLER2003_MLCLSP_16_seasonal_G542542,16,40,6
STADTLER2003::Dplus::LSDM_STADTLER2003_MLCLSP_48_erratic_G011130,48,40,6
STADTLER2003::Dplus::LSDM_STADTLER2003_MLCLSP_48_erratic_G011140,48,40,6
STADTLER2003::Dplus::LSDM_STADTLER2003_MLCLSP_48_erratic_G011230,48,40,6
STADTLER2003::Dplus::LSDM_STADTLER2003_MLCLSP_48_erratic_G011240,48,40,6
STADTLER2003::Dplus::LSDM_STADTLER2003_MLCLSP_48_erratic_G011330,48,40,6
STADTLER2003::Dplus::LSDM_STADTLER2003_MLCLSP_48_erratic_G011340,48,40,6
STADTLER2003::Dplus::LSDM_STADTLER2003_MLCLSP_48_erratic_G011430,48,40,6
STADTLER2003::Dplus::LSDM_STADTLER2003_MLCLSP_48_erratic_G011440,48,40,6
STADTLER2003::Dplus::LSDM_STADTLER2003_MLCLSP_48_erratic_G011530,48,40,6
STADTLER2003::Dplus::LSDM_STADTLER2003_MLCLSP_48_erratic_G011540,48,40,6
STADTLER2003::Dplus::LSDM_STADTLER2003_MLCLSP_48_erratic_G012130,48,40,6
STADTLER2003::Dplus::LSDM_STADTLER2003_MLCLSP_48_erratic_G012140,48,40,6
STADTLER2003::Dplus::LSDM_STADTLER2003_MLCLSP_48_erratic_G012230,48,40,6
STADTLER2003::Dplus::LSDM_STADTLER2003_MLCLSP_48_erratic_G012240,48,40,6
STADTLER2003::Dplus::LSDM_STADTLER2003_MLCLSP_48_erratic_G012330,48,40,6
STADTLER2003::Dplus::LSDM_STADTLER2003_MLCLSP_48_erratic_G012340,48,40,6
STADTLER2003::Dplus::LSDM_STADTLER2003_MLCLSP_48_erratic_G012430,48,40,6
STADTLER2003::Dplus::LSDM_STADTLER2003_MLCLSP_48_erratic_G012440,48,40,6
STADTLER2003::Dplus::LSDM_STADTLER2003_MLCLSP_48_erratic_G012530,48,40,6
STADTLER2003::Dplus::LSDM_STADTLER2003_MLCLSP_48_erratic_G012540,48,40,6
STADTLER2003::Dplus::LSDM_STADTLER2003_MLCLSP_48_erratic_G041130,48,40,6
STADTLER2003::Dplus::LSDM_STADTLER2003_MLCLSP_48_erratic_G041140,48,40,6
STADTLER2003::Dplus::LSDM_STADTLER2003_MLCLSP_48_erratic_G041230,48,40,6
STADTLER2003::Dplus::LSDM_STADTLER2003_MLCLSP_48_erratic_G041240,48,40,6
STADTLER2003::Dplus::LSDM_STADTLER2003_MLCLSP_48_erratic_G041330,48,40,6
STADTLER2003::Dplus::LSDM_STADTLER2003_MLCLSP_48_erratic_G041340,48,40,6
STADTLER2003::Dplus::LSDM_STADTLER2003_MLCLSP_48_erratic_G041430,48,40,6
STADTLER2003::Dplus::LSDM_STADTLER2003_MLCLSP_48_erratic_G041440,48,40,6
STADTLER2003::Dplus::LSDM_STADTLER2003_MLCLSP_48_erratic_G041530,48,40,6
STADTLER2003::Dplus::LSDM_STADTLER2003_MLCLSP_48_erratic_G041540,48,40,6
STADTLER2003::Dplus::LSDM_STADTLER2003_MLCLSP_48_erratic_G042130,48,40,6
STADTLER2003::Dplus::LSDM_STADTLER2003_MLCLSP_48_erratic_G042140,48,40,6
STADTLER2003::Dplus::LSDM_STADTLER2003_MLCLSP_48_erratic_G042230,48,40,6
STADTLER2003::Dplus::LSDM_STADTLER2003_MLCLSP_48_erratic_G042240,48,40,6
STADTLER2003::Dplus::LSDM_STADTLER2003_MLCLSP_48_erratic_G042330,48,40,6
STADTLER2003::Dplus::LSDM_STADTLER2003_MLCLSP_48_erratic_G042340,48,40,6
STADTLER2003::Dplus::LSDM_STADTLER2003_MLCLSP_48_erratic_G042430,48,40,6
STADTLER2003::Dplus::LSDM_STADTLER2003_MLCLSP_48_erratic_G042440,48,40,6
STADTLER2003::Dplus::LSDM_STADTLER2003_MLCLSP_48_erratic_G042530,48,40,6
STADTLER2003::Dplus::LSDM_STADTLER2003_MLCLSP_48_erratic_G042540,48,40,6
STADTLER2003::Dplus::LSDM_STADTLER2003_MLCLSP_48_erratic_G511130,48,40,6
STADTLER2003::Dplus::LSDM_STADTLER2003_MLCLSP_48_erratic_G511140,48,40,6
STADTLER2003::Dplus::LSDM_STADTLER2003_MLCLSP_48_erratic_G511230,48,40,6
STADTLER2003::Dplus::LSDM_STADTLER2003_MLCLSP_48_erratic_G511240,48,40,6
STADTLER2003::Dplus::LSDM_STADTLER2003_MLCLSP_48_erratic_G511330,48,40,6
STADTLER2003::Dplus::LSDM_STADTLER2003_MLCLSP_48_erratic_G511340,48,40,6
STADTLER2003::Dplus::LSDM_STADTLER2003_MLCLSP_48_erratic_G511430,48,40,6
STADTLER2003::Dplus::LSDM_STADTLER2003_MLCLSP_48_erratic_G511440,48,40,6
STADTLER2003::Dplus::LSDM_STADTLER2003_MLCLSP_48_erratic_G511530,48,40,6
STADTLER2003::Dplus::LSDM_STADTLER2003_MLCLSP_48_erratic_G511540,48,40,6
STADTLER2003::Dplus::LSDM_STADTLER2003_MLCLSP_48_erratic_G512130,48,40,6
STADTLER2003::Dplus::LSDM_STADTLER2003_MLCLSP_48_erratic_G512140,48,40,6
STADTLER2003::Dplus::LSDM_STADTLER2003_MLCLSP_48_erratic_G512230,48,40,6
STADTLER2003::Dplus::LSDM_STADTLER2003_MLCLSP_48_erratic_G512240,48,40,6
STADTLER2003::Dplus::LSDM_STADTLER2003_MLCLSP_48_erratic_G512330,48,40,6
STADTLER2003::Dplus::LSDM_STADTLER2003_MLCLSP_48_erratic_G512340,48,40,6
STADTLER2003::Dplus::LSDM_STADTLER2003_MLCLSP_48_erratic_G512430,48,40,6
STADTLER2003::Dplus::LSDM_STADTLER2003_MLCLSP_48_erratic_G512440,48,40,6
STADTLER2003::Dplus::LSDM_STADTLER2003_MLCLSP_48_erratic_G512530,48,40,6
STADTLER2003::Dplus::LSDM_STADTLER2003_MLCLSP_48_erratic_G512540,48,40,6
STADTLER2003::Dplus::LSDM_STADTLER2003_MLCLSP_48_erratic_G541130,48,40,6
STADTLER2003::Dplus::LSDM_STADTLER2003_MLCLSP_48_erratic_G541140,48,40,6
STADTLER2003::Dplus::LSDM_STADTLER2003_MLCLSP_48_erratic_G541230,48,40,6
STADTLER2003::Dplus::LSDM_STADTLER2003_MLCLSP_48_erratic_G541240,48,40,6
STADTLER2003::Dplus::LSDM_STADTLER2003_MLCLSP_48_erratic_G541330,48,40,6
STADTLER2003::Dplus::LSDM_STADTLER2003_MLCLSP_48_erratic_G541340,48,40,6
STADTLER2003::Dplus::LSDM_STADTLER2003_MLCLSP_48_erratic_G541430,48,40,6
STADTLER2003::Dplus::LSDM_STADTLER2003_MLCLSP_48_erratic_G541440,48,40,6
STADTLER2003::Dplus::LSDM_STADTLER2003_MLCLSP_48_erratic_G541530,48,40,6
STADTLER2003::Dplus::LSDM_STADTLER2003_MLCLSP_48_erratic_G541540,48,40,6
STADTLER2003::Dplus::LSDM_STADTLER2003_MLCLSP_48_erratic_G542130,48,40,6
STADTLER2003::Dplus::LSDM_STADTLER2003_MLCLSP_48_erratic_G542140,48,40,6
STADTLER2003::Dplus::LSDM_STADTLER2003_MLCLSP_48_erratic_G542230,48,40,6
STADTLER2003::Dplus::LSDM_STADTLER2003_MLCLSP_48_erratic_G542240,48,40,6
STADTLER2003::Dplus::LSDM_STADTLER2003_MLCLSP_48_erratic_G542330,48,40,6
STADTLER2003::Dplus::LSDM_STADTLER2003_MLCLSP_48_erratic_G542340,48,40,6
STADTLER2003::Dplus::LSDM_STADTLER2003_MLCLSP_48_erratic_G542430,48,40,6
STADTLER2003::Dplus::LSDM_STADTLER2003_MLCLSP_48_erratic_G542440,48,40,6
STADTLER2003::Dplus::LSDM_STADTLER2003_MLCLSP_48_erratic_G542530,48,40,6
STADTLER2003::Dplus::LSDM_STADTLER2003_MLCLSP_48_erratic_G542540,48,40,6
STADTLER2003::Dplus::LSDM_STADTLER2003_MLCLSP_48_seasonal_G011131,48,40,6
STADTLER2003::Dplus::LSDM_STADTLER2003_MLCLSP_48_seasonal_G011132,48,40,6
STADTLER2003::Dplus::LSDM_STADTLER2003_MLCLSP_48_seasonal_G011141,48,40,6
STADTLER2003::Dplus::LSDM_STADTLER2003_MLCLSP_48_seasonal_G011142,48,40,6
STADTLER2003::Dplus::LSDM_STADTLER2003_MLCLSP_48_seasonal_G011231,48,40,6
STADTLER2003::Dplus::LSDM_STADTLER2003_MLCLSP_48_seasonal_G011232,48,40,6
STADTLER2003::Dplus::LSDM_STADTLER2003_MLCLSP_48_seasonal_G011241,48,40,6
STADTLER2003::Dplus::LSDM_STADTLER2003_MLCLSP_48_seasonal_G011242,48,40,6
STADTLER2003::Dplus::LSDM_STADTLER2003_MLCLSP_48_seasonal_G011331,48,40,6
STADTLER2003::Dplus::LSDM_STADTLER2003_MLCLSP_48_seasonal_G011332,48,40,6
STADTLER2003::Dplus::LSDM_STADTLER2003_MLCLSP_48_seasonal_G011341,48,40,6
STADTLER2003::Dplus::LSDM_STADTLER2003_MLCLSP_48_seasonal_G011342,48,40,6
STADTLER2003::Dplus::LSDM_STADTLER2003_MLCLSP_48_seasonal_G011431,48,40,6
STADTLER2003::Dplus::LSDM_STADTLER2003_MLCLSP_48_seasonal_G011432,48,40,6
STADTLER2003::Dplus::LSDM_STADTLER2003_MLCLSP_48_seasonal_G011441,48,40,6
STADTLER2003::Dplus::LSDM_STADTLER2003_MLCLSP_48_seasonal_G011442,48,40,6
STADTLER2003::Dplus::LSDM_STADTLER2003_MLCLSP_48_seasonal_G011531,48,40,6
STADTLER2003::Dplus::LSDM_STADTLER2003_MLCLSP_48_seasonal_G011532,48,40,6
STADTLER2003::Dplus::LSDM_STADTLER2003_MLCLSP_48_seasonal_G011541,48,40,6
STADTLER2003::Dplus::LSDM_STADTLER2003_MLCLSP_48_seasonal_G011542,48,40,6
STADTLER2003::Dplus::LSDM_STADTLER2003_MLCLSP_48_seasonal_G012131,48,40,6
STADTLER2003::Dplus::LSDM_STADTLER2003_MLCLSP_48_seasonal_G012132,48,40,6
STADTLER2003::Dplus::LSDM_STADTLER2003_MLCLSP_48_seasonal_G012141,48,40,6
STADTLER2003::Dplus::LSDM_STADTLER2003_MLCLSP_48_seasonal_G012142,48,40,6
STADTLER2003::Dplus::LSDM_STADTLER2003_MLCLSP_48_seasonal_G012231,48,40,6
STADTLER2003::Dplus::LSDM_STADTLER2003_MLCLSP_48_seasonal_G012232,48,40,6
STADTLER2003::Dplus::LSDM_STADTLER2003_MLCLSP_48_seasonal_G012241,48,40,6
STADTLER2003::Dplus::LSDM_STADTLER2003_MLCLSP_48_seasonal_G012242,48,40,6
STADTLER2003::Dplus::LSDM_STADTLER2003_MLCLSP_48_seasonal_G012331,48,40,6
STADTLER2003::Dplus::LSDM_STADTLER2003_MLCLSP_48_seasonal_G012332,48,40,6
STADTLER2003::Dplus::LSDM_STADTLER2003_MLCLSP_48_seasonal_G012341,48,40,6
STADTLER2003::Dplus::LSDM_STADTLER2003_MLCLSP_48_seasonal_G012342,48,40,6
STADTLER2003::Dplus::LSDM_STADTLER2003_MLCLSP_48_seasonal_G012431,48,40,6
STADTLER2003::Dplus::LSDM_STADTLER2003_MLCLSP_48_seasonal_G012432,48,40,6
STADTLER2003::Dplus::LSDM_STADTLER2003_MLCLSP_48_seasonal_G012441,48,40,6
STADTLER2003::Dplus::LSDM_STADTLER2003_MLCLSP_48_seasonal_G012442,48,40,6
STADTLER2003::Dplus::LSDM_STADTLER2003_MLCLSP_48_seasonal_G012531,48,40,6
STADTLER2003::Dplus::LSDM_STADTLER2003_MLCLSP_48_seasonal_G012532,48,40,6
STADTLER2003::Dplus::LSDM_STADTLER2003_MLCLSP_48_seasonal_G012541,48,40,6
STADTLER2003::Dplus::LSDM_STADTLER2003_MLCLSP_48_seasonal_G012542,48,40,6
STADTLER2003::Dplus::LSDM_STADTLER2003_MLCLSP_48_seasonal_G041131,48,40,6
STADTLER2003::Dplus::LSDM_STADTLER2003_MLCLSP_48_seasonal_G041132,48,40,6
STADTLER2003::Dplus::LSDM_STADTLER2003_MLCLSP_48_seasonal_G041141,48,40,6
STADTLER2003::Dplus::LSDM_STADTLER2003_MLCLSP_48_seasonal_G041142,48,40,6
STADTLER2003::Dplus::LSDM_STADTLER2003_MLCLSP_48_seasonal_G041231,48,40,6
STADTLER2003::Dplus::LSDM_STADTLER2003_MLCLSP_48_seasonal_G041232,48,40,6
STADTLER2003::Dplus::LSDM_STADTLER2003_MLCLSP_48_seasonal_G041241,48,40,6
STADTLER2003::Dplus::LSDM_STADTLER2003_MLCLSP_48_seasonal_G041242,48,40,6
STADTLER2003::Dplus::LSDM_STADTLER2003_MLCLSP_48_seasonal_G041331,48,40,6
STADTLER2003::Dplus::LSDM_STADTLER2003_MLCLSP_48_seasonal_G041332,48,40,6
STADTLER2003::Dplus::LSDM_STADTLER2003_MLCLSP_48_seasonal_G041341,48,40,6
STADTLER2003::Dplus::LSDM_STADTLER2003_MLCLSP_48_seasonal_G041342,48,40,6
STADTLER2003::Dplus::LSDM_STADTLER2003_MLCLSP_48_seasonal_G041431,48,40,6
STADTLER2003::Dplus::LSDM_STADTLER2003_MLCLSP_48_seasonal_G041432,48,40,6
STADTLER2003::Dplus::LSDM_STADTLER2003_MLCLSP_48_seasonal_G041441,48,40,6
STADTLER2003::Dplus::LSDM_STADTLER2003_MLCLSP_48_seasonal_G041442,48,40,6
STADTLER2003::Dplus::LSDM_STADTLER2003_MLCLSP_48_seasonal_G041531,48,40,6
STADTLER2003::Dplus::LSDM_STADTLER2003_MLCLSP_48_seasonal_G041532,48,40,6
STADTLER2003::Dplus::LSDM_STADTLER2003_MLCLSP_48_seasonal_G041541,48,40,6
STADTLER2003::Dplus::LSDM_STADTLER2003_MLCLSP_48_seasonal_G041542,48,40,6
STADTLER2003::Dplus::LSDM_STADTLER2003_MLCLSP_48_seasonal_G042131,48,40,6
STADTLER2003::Dplus::LSDM_STADTLER2003_MLCLSP_48_seasonal_G042132,48,40,6
STADTLER2003::Dplus::LSDM_STADTLER2003_MLCLSP_48_seasonal_G042141,48,40,6
STADTLER2003::Dplus::LSDM_STADTLER2003_MLCLSP_48_seasonal_G042142,48,40,6
STADTLER2003::Dplus::LSDM_STADTLER2003_MLCLSP_48_seasonal_G042231,48,40,6
STADTLER2003::Dplus::LSDM_STADTLER2003_MLCLSP_48_seasonal_G042232,48,40,6
STADTLER2003::Dplus::LSDM_STADTLER2003_MLCLSP_48_seasonal_G042241,48,40,6
STADTLER2003::Dplus::LSDM_STADTLER2003_MLCLSP_48_seasonal_G042242,48,40,6
STADTLER2003::Dplus::LSDM_STADTLER2003_MLCLSP_48_seasonal_G042331,48,40,6
STADTLER2003::Dplus::LSDM_STADTLER2003_MLCLSP_48_seasonal_G042332,48,40,6
STADTLER2003::Dplus::LSDM_STADTLER2003_MLCLSP_48_seasonal_G042341,48,40,6
STADTLER2003::Dplus::LSDM_STADTLER2003_MLCLSP_48_seasonal_G042342,48,40,6
STADTLER2003::Dplus::LSDM_STADTLER2003_MLCLSP_48_seasonal_G042431,48,40,6
STADTLER2003::Dplus::LSDM_STADTLER2003_MLCLSP_48_seasonal_G042432,48,40,6
STADTLER2003::Dplus::LSDM_STADTLER2003_MLCLSP_48_seasonal_G042441,48,40,6
STADTLER2003::Dplus::LSDM_STADTLER2003_MLCLSP_48_seasonal_G042442,48,40,6
STADTLER2003::Dplus::LSDM_STADTLER2003_MLCLSP_48_seasonal_G042531,48,40,6
STADTLER2003::Dplus::LSDM_STADTLER2003_MLCLSP_48_seasonal_G042532,48,40,6
STADTLER2003::Dplus::LSDM_STADTLER2003_MLCLSP_48_seasonal_G042541,48,40,6
STADTLER2003::Dplus::LSDM_STADTLER2003_MLCLSP_48_seasonal_G042542,48,40,6
STADTLER2003::Dplus::LSDM_STADTLER2003_MLCLSP_48_seasonal_G511131,48,40,6
STADTLER2003::Dplus::LSDM_STADTLER2003_MLCLSP_48_seasonal_G511132,48,40,6
STADTLER2003::Dplus::LSDM_STADTLER2003_MLCLSP_48_seasonal_G511141,48,40,6
STADTLER2003::Dplus::LSDM_STADTLER2003_MLCLSP_48_seasonal_G511142,48,40,6
STADTLER2003::Dplus::LSDM_STADTLER2003_MLCLSP_48_seasonal_G511231,48,40,6
STADTLER2003::Dplus::LSDM_STADTLER2003_MLCLSP_48_seasonal_G511232,48,40,6
STADTLER2003::Dplus::LSDM_STADTLER2003_MLCLSP_48_seasonal_G511241,48,40,6
STADTLER2003::Dplus::LSDM_STADTLER2003_MLCLSP_48_seasonal_G511242,48,40,6
STADTLER2003::Dplus::LSDM_STADTLER2003_MLCLSP_48_seasonal_G511331,48,40,6
STADTLER2003::Dplus::LSDM_STADTLER2003_MLCLSP_48_seasonal_G511332,48,40,6
STADTLER2003::Dplus::LSDM_STADTLER2003_MLCLSP_48_seasonal_G511341,48,40,6
STADTLER2003::Dplus::LSDM_STADTLER2003_MLCLSP_48_seasonal_G511342,48,40,6
STADTLER2003::Dplus::LSDM_STADTLER2003_MLCLSP_48_seasonal_G511431,48,40,6
STADTLER2003::Dplus::LSDM_STADTLER2003_MLCLSP_48_seasonal_G511432,48,40,6
STADTLER2003::Dplus::LSDM_STADTLER2003_MLCLSP_48_seasonal_G511441,48,40,6
STADTLER2003::Dplus::LSDM_STADTLER2003_MLCLSP_48_seasonal_G511442,48,40,6
STADTLER2003::Dplus::LSDM_STADTLER2003_MLCLSP_48_seasonal_G511531,48,40,6
STADTLER2003::Dplus::LSDM_STADTLER2003_MLCLSP_48_seasonal_G511532,48,40,6
STADTLER2003::Dplus::LSDM_STADTLER2003_MLCLSP_48_seasonal_G511541,48,40,6
STADTLER2003::Dplus::LSDM_STADTLER2003_MLCLSP_48_seasonal_G511542,48,40,6
STADTLER2003::Dplus::LSDM_STADTLER2003_MLCLSP_48_seasonal_G512131,48,40,6
STADTLER2003::Dplus::LSDM_STADTLER2003_MLCLSP_48_seasonal_G512132,48,40,6
STADTLER2003::Dplus::LSDM_STADTLER2003_MLCLSP_48_seasonal_G512141,48,40,6
STADTLER2003::Dplus::LSDM_STADTLER2003_MLCLSP_48_seasonal_G512142,48,40,6
STADTLER2003::Dplus::LSDM_STADTLER2003_MLCLSP_48_seasonal_G512231,48,40,6
STADTLER2003::Dplus::LSDM_STADTLER2003_MLCLSP_48_seasonal_G512232,48,40,6
STADTLER2003::Dplus::LSDM_STADTLER2003_MLCLSP_48_seasonal_G512241,48,40,6
STADTLER2003::Dplus::LSDM_STADTLER2003_MLCLSP_48_seasonal_G512242,48,40,6
STADTLER2003::Dplus::LSDM_STADTLER2003_MLCLSP_48_seasonal_G512331,48,40,6
STADTLER2003::Dplus::LSDM_STADTLER2003_MLCLSP_48_seasonal_G512332,48,40,6
STADTLER2003::Dplus::LSDM_STADTLER2003_MLCLSP_48_seasonal_G512341,48,40,6
STADTLER2003::Dplus::LSDM_STADTLER2003_MLCLSP_48_seasonal_G512342,48,40,6
STADTLER2003::Dplus::LSDM_STADTLER2003_MLCLSP_48_seasonal_G512431,48,40,6
STADTLER2003::Dplus::LSDM_STADTLER2003_MLCLSP_48_seasonal_G512432,48,40,6
STADTLER2003::Dplus::LSDM_STADTLER2003_MLCLSP_48_seasonal_G512441,48,40,6
STADTLER2003::Dplus::LSDM_STADTLER2003_MLCLSP_48_seasonal_G512442,48,40,6
STADTLER2003::Dplus::LSDM_STADTLER2003_MLCLSP_48_seasonal_G512531,48,40,6
STADTLER2003::Dplus::LSDM_STADTLER2003_MLCLSP_48_seasonal_G512532,48,40,6
STADTLER2003::Dplus::LSDM_STADTLER2003_MLCLSP_48_seasonal_G512541,48,40,6
STADTLER2003::Dplus::LSDM_STADTLER2003_MLCLSP_48_seasonal_G512542,48,40,6
STADTLER2003::Dplus::LSDM_STADTLER2003_MLCLSP_48_seasonal_G541131,48,40,6
STADTLER2003::Dplus::LSDM_STADTLER2003_MLCLSP_48_seasonal_G541132,48,40,6
STADTLER2003::Dplus::LSDM_STADTLER2003_MLCLSP_48_seasonal_G541141,48,40,6
STADTLER2003::Dplus::LSDM_STADTLER2003_MLCLSP_48_seasonal_G541142,48,40,6
STADTLER2003::Dplus::LSDM_STADTLER2003_MLCLSP_48_seasonal_G541231,48,40,6
STADTLER2003::Dplus::LSDM_STADTLER2003_MLCLSP_48_seasonal_G541232,48,40,6
STADTLER2003::Dplus::LSDM_STADTLER2003_MLCLSP_48_seasonal_G541241,48,40,6
STADTLER2003::Dplus::LSDM_STADTLER2003_MLCLSP_48_seasonal_G541242,48,40,6
STADTLER2003::Dplus::LSDM_STADTLER2003_MLCLSP_48_seasonal_G541331,48,40,6
STADTLER2003::Dplus::LSDM_STADTLER2003_MLCLSP_48_seasonal_G541332,48,40,6
STADTLER2003::Dplus::LSDM_STADTLER2003_MLCLSP_48_seasonal_G541341,48,40,6
STADTLER2003::Dplus::LSDM_STADTLER2003_MLCLSP_48_seasonal_G541342,48,40,6
STADTLER2003::Dplus::LSDM_STADTLER2003_MLCLSP_48_seasonal_G541431,48,40,6
STADTLER2003::Dplus::LSDM_STADTLER2003_MLCLSP_48_seasonal_G541432,48,40,6
STADTLER2003::Dplus::LSDM_STADTLER2003_MLCLSP_48_seasonal_G541441,48,40,6
STADTLER2003::Dplus::LSDM_STADTLER2003_MLCLSP_48_seasonal_G541442,48,40,6
STADTLER2003::Dplus::LSDM_STADTLER2003_MLCLSP_48_seasonal_G541531,48,40,6
STADTLER2003::Dplus::LSDM_STADTLER2003_MLCLSP_48_seasonal_G541532,48,40,6
STADTLER2003::Dplus::LSDM_STADTLER2003_MLCLSP_48_seasonal_G541541,48,40,6
STADTLER2003::Dplus::LSDM_STADTLER2003_MLCLSP_48_seasonal_G541542,48,40,6
STADTLER2003::Dplus::LSDM_STADTLER2003_MLCLSP_48_seasonal_G542131,48,40,6
STADTLER2003::Dplus::LSDM_STADTLER2003_MLCLSP_48_seasonal_G542132,48,40,6
STADTLER2003::Dplus::LSDM_STADTLER2003_MLCLSP_48_seasonal_G542141,48,40,6
STADTLER2003::Dplus::LSDM_STADTLER2003_MLCLSP_48_seasonal_G542142,48,40,6
STADTLER2003::Dplus::LSDM_STADTLER2003_MLCLSP_48_seasonal_G542231,48,40,6
STADTLER2003::Dplus::LSDM_STADTLER2003_MLCLSP_48_seasonal_G542232,48,40,6
STADTLER2003::Dplus::LSDM_STADTLER2003_MLCLSP_48_seasonal_G542241,48,40,6
STADTLER2003::Dplus::LSDM_STADTLER2003_MLCLSP_48_seasonal_G542242,48,40,6
STADTLER2003::Dplus::LSDM_STADTLER2003_MLCLSP_48_seasonal_G542331,48,40,6
STADTLER2003::Dplus::LSDM_STADTLER2003_MLCLSP_48_seasonal_G542332,48,40,6
STADTLER2003::Dplus::LSDM_STADTLER2003_MLCLSP_48_seasonal_G542341,48,40,6
STADTLER2003::Dplus::LSDM_STADTLER2003_MLCLSP_48_seasonal_G542342,48,40,6
STADTLER2003::Dplus::LSDM_STADTLER2003_MLCLSP_48_seasonal_G542431,48,40,6
STADTLER2003::Dplus::LSDM_STADTLER2003_MLCLSP_48_seasonal_G542432,48,40,6
STADTLER2003::Dplus::LSDM_STADTLER2003_MLCLSP_48_seasonal_G542441,48,40,6
STADTLER2003::Dplus::LSDM_STADTLER2003_MLCLSP_48_seasonal_G542442,48,40,6
STADTLER2003::Dplus::LSDM_STADTLER2003_MLCLSP_48_seasonal_G542531,48,40,6
STADTLER2003::Dplus::LSDM_STADTLER2003_MLCLSP_48_seasonal_G542532,48,40,6
STADTLER2003::Dplus::LSDM_STADTLER2003_MLCLSP_48_seasonal_G542541,48,40,6
STADTLER2003::Dplus::LSDM_STADTLER2003_MLCLSP_48_seasonal_G542542,48,40,6
STADTLER2003::E::LSDM_STADTLER2003_MLCLSP_16_erratic_G501120,16,100,10
STADTLER2003::E::LSDM_STADTLER2003_MLCLSP_16_erratic_G501130,16,100,10
STADTLER2003::E::LSDM_STADTLER2003_MLCLSP_16_erratic_G501140,16,100,10
STADTLER2003::E::LSDM_STADTLER2003_MLCLSP_16_erratic_G501220,16,100,10
STADTLER2003::E::LSDM_STADTLER2003_MLCLSP_16_erratic_G501230,16,100,10
STADTLER2003::E::LSDM_STADTLER2003_MLCLSP_16_erratic_G501240,16,100,10
STADTLER2003::E::LSDM_STADTLER2003_MLCLSP_16_erratic_G501320,16,100,10
STADTLER2003::E::LSDM_STADTLER2003_MLCLSP_16_erratic_G501330,16,100,10
STADTLER2003::E::LSDM_STADTLER2003_MLCLSP_16_erratic_G501340,16,100,10
STADTLER2003::E::LSDM_STADTLER2003_MLCLSP_16_erratic_G501420,16,100,10
STADTLER2003::E::LSDM_STADTLER2003_MLCLSP_16_erratic_G501430,16,100,10
STADTLER2003::E::LSDM_STADTLER2003_MLCLSP_16_erratic_G501440,16,100,10
STADTLER2003::E::LSDM_STADTLER2003_MLCLSP_16_erratic_G501520,16,100,10
STADTLER2003::E::LSDM_STADTLER2003_MLCLSP_16_erratic_G501530,16,100,10
STADTLER2003::E::LSDM_STADTLER2003_MLCLSP_16_erratic_G501540,16,100,10
STADTLER2003::E::LSDM_STADTLER2003_MLCLSP_16_erratic_G502120,16,100,10
STADTLER2003::E::LSDM_STADTLER2003_MLCLSP_16_erratic_G502130,16,100,10
STADTLER2003::E::LSDM_STADTLER2003_MLCLSP_16_erratic_G502140,16,100,10
STADTLER2003::E::LSDM_STADTLER2003_MLCLSP_16_erratic_G502220,16,100,10
STADTLER2003::E::LSDM_STADTLER2003_MLCLSP_16_erratic_G502230,16,100,10
STADTLER2003::E::LSDM_STADTLER2003_MLCLSP_16_erratic_G502240,16,100,10
STADTLER2003::E::LSDM_STADTLER2003_MLCLSP_16_erratic_G502320,16,100,10
STADTLER2003::E::LSDM_STADTLER2003_MLCLSP_16_erratic_G502330,16,100,10
STADTLER2003::E::LSDM_STADTLER2003_MLCLSP_16_erratic_G502340,16,100,10
STADTLER2003::E::LSDM_STADTLER2003_MLCLSP_16_erratic_G502420,16,100,10
STADTLER2003::E::LSDM_STADTLER2003_MLCLSP_16_erratic_G502430,16,100,10
STADTLER2003::E::LSDM_STADTLER2003_MLCLSP_16_erratic_G502440,16,100,10
STADTLER2003::E::LSDM_STADTLER2003_MLCLSP_16_erratic_G502520,16,100,10
STADTLER2003::E::LSDM_STADTLER2003_MLCLSP_16_erratic_G502530,16,100,10
STADTLER2003::E::LSDM_STADTLER2003_MLCLSP_16_erratic_G502540,16,100,10
STADTLER2003::Eplus::LSDM_STADTLER2003_MLCLSP_48_erratic_G501120,48,100,10
STADTLER2003::Eplus::LSDM_STADTLER2003_MLCLSP_48_erratic_G501130,48,100,10
STADTLER2003::Eplus::LSDM_STADTLER2003_MLCLSP_48_erratic_G501140,48,100,10
STADTLER2003::Eplus::LSDM_STADTLER2003_MLCLSP_48_erratic_G501220,48,100,10
STADTLER2003::Eplus::LSDM_STADTLER2003_MLCLSP_48_erratic_G501230,48,100,10
STADTLER2003::Eplus::LSDM_STADTLER2003_MLCLSP_48_erratic_G501240,48,100,10
STADTLER2003::Eplus::LSDM_STADTLER2003_MLCLSP_48_erratic_G501320,48,100,10
STADTLER2003::Eplus::LSDM_STADTLER2003_MLCLSP_48_erratic_G501330,48,100,10
STADTLER2003::Eplus::LSDM_STADTLER2003_MLCLSP_48_erratic_G501340,48,100,10
STADTLER2003::Eplus::LSDM_STADTLER2003_MLCLSP_48_erratic_G501420,48,100,10
STADTLER2003::Eplus::LSDM_STADTLER2003_MLCLSP_48_erratic_G501430,48,100,10
STADTLER2003::Eplus::LSDM_STADTLER2003_MLCLSP_48_erratic_G501440,48,100,10
STADTLER2003::Eplus::LSDM_STADTLER2003_MLCLSP_48_erratic_G501520,48,100,10
STADTLER2003::Eplus::LSDM_STADTLER2003_MLCLSP_48_erratic_G501530,48,100,10
STADTLER2003::Eplus::LSDM_STADTLER2003_MLCLSP_48_erratic_G501540,48,100,10
STADTLER2003::Eplus::LSDM_STADTLER2003_MLCLSP_48_erratic_G502120,48,100,10
STADTLER2003::Eplus::LSDM_STADTLER2003_MLCLSP_48_erratic_G502130,48,100,10
STADTLER2003::Eplus::LSDM_STADTLER2003_MLCLSP_48_erratic_G502140,48,100,10
STADTLER2003::Eplus::LSDM_STADTLER2003_MLCLSP_48_erratic_G502220,48,100,10
STADTLER2003::Eplus::LSDM_STADTLER2003_MLCLSP_48_erratic_G502230,48,100,10
STADTLER2003::Eplus::LSDM_STADTLER2003_MLCLSP_48_erratic_G502240,48,100,10
STADTLER2003::Eplus::LSDM_STADTLER2003_MLCLSP_48_erratic_G502320,48,100,10
STADTLER2003::Eplus::LSDM_STADTLER2003_MLCLSP_48_erratic_G502330,48,100,10
STADTLER2003::Eplus::LSDM_STADTLER2003_MLCLSP_48_erratic_G502340,48,100,10
STADTLER2003::Eplus::LSDM_STADTLER2003_MLCLSP_48_erratic_G502420,48,100,10
STADTLER2003::Eplus::LSDM_STADTLER2003_MLCLSP_48_erratic_G502430,48,100,10
STADTLER2003::Eplus::LSDM_STADTLER2003_MLCLSP_48_erratic_G502440,48,100,10
STADTLER2003::Eplus::LSDM_STADTLER2003_MLCLSP_48_erratic_G502520,48,100,10
STADTLER2003::Eplus::LSDM_STADTLER2003_MLCLSP_48_erratic_G502530,48,100,10
STADTLER2003::Eplus::LSDM_STADTLER2003_MLCLSP_48_erratic_G502540,48,100,10
SUERIE_CLSPL::LSDM_SUERIE_CLSPL_CLSPL_15_unknown_data.tar.bz2.extracted-test0001,15,6,1
SUERIE_CLSPL::LSDM_SUERIE_CLSPL_CLSPL_15_unknown_data.tar.bz2.extracted-test0002,15,6,1
SUERIE_CLSPL::LSDM_SUERIE_CLSPL_CLSPL_15_unknown_data.tar.bz2.extracted-test0003,15,6,1
SUERIE_CLSPL::LSDM_SUERIE_CLSPL_CLSPL_15_unknown_data.tar.bz2.extracted-test0004,15,6,1
SUERIE_CLSPL::LSDM_SUERIE_CLSPL_CLSPL_15_unknown_data.tar.bz2.extracted-test0005,15,6,1
SUERIE_CLSPL::LSDM_SUERIE_CLSPL_CLSPL_15_unknown_data.tar.bz2.extracted-test0006,15,6,1
SUERIE_CLSPL::LSDM_SUERIE_CLSPL_CLSPL_15_unknown_data.tar.bz2.extracted-test0007,15,6,1
SUERIE_CLSPL::LSDM_SUERIE_CLSPL_CLSPL_15_unknown_data.tar.bz2.extracted-test0008,15,6,1
SUERIE_CLSPL::LSDM_SUERIE_CLSPL_CLSPL_15_unknown_data.tar.bz2.extracted-test0009,15,6,1
SUERIE_CLSPL::LSDM_SUERIE_CLSPL_CLSPL_15_unknown_data.tar.bz2.extracted-test0010,15,6,1
SUERIE_CLSPL::LSDM_SUERIE_CLSPL_CLSPL_15_unknown_data.tar.bz2.extracted-test0011,15,6,1
SUERIE_CLSPL::LSDM_SUERIE_CLSPL_CLSPL_15_unknown_data.tar.bz2.extracted-test0012,15,6,1
SUERIE_CLSPL::LSDM_SUERIE_CLSPL_CLSPL_15_unknown_data.tar.bz2.extracted-test0013,15,6,1
SUERIE_CLSPL::LSDM_SUERIE_CLSPL_CLSPL_15_unknown_data.tar.bz2.extracted-test0014,15,6,1
SUERIE_CLSPL::LSDM_SUERIE_CLSPL_CLSPL_15_unknown_data.tar.bz2.extracted-test0015,15,6,1
SUERIE_CLSPL::LSDM_SUERIE_CLSPL_CLSPL_15_unknown_data.tar.bz2.extracted-test0016,15,6,1
SUERIE_CLSPL::LSDM_SUERIE_CLSPL_CLSPL_15_unknown_data.tar.bz2.extracted-test0017,15,6,1
SUERIE_CLSPL::LSDM_SUERIE_CLSPL_CLSPL_15_unknown_data.tar.bz2.extracted-test0018,15,6,1
SUERIE_CLSPL::LSDM_SUERIE_CLSPL_CLSPL_15_unknown_data.tar.bz2.extracted-test0019,15,6,1
SUERIE_CLSPL::LSDM_SUERIE_CLSPL_CLSPL_15_unknown_data.tar.bz2.extracted-test0020,15,6,1
SUERIE_CLSPL::LSDM_SUERIE_CLSPL_CLSPL_15_unknown_data.tar.bz2.extracted-test0021,15,6,1
SUERIE_CLSPL::LSDM_SUERIE_CLSPL_CLSPL_15_unknown_data.tar.bz2.extracted-test0022,15,6,1
SUERIE_CLSPL::LSDM_SUERIE_CLSPL_CLSPL_15_unknown_data.tar.bz2.extracted-test0023,15,6,1
SUERIE_CLSPL::LSDM_SUERIE_CLSPL_CLSPL_15_unknown_data.tar.bz2.extracted-test0024,15,6,1
SUERIE_CLSPL::LSDM_SUERIE_CLSPL_CLSPL_15_unknown_data.tar.bz2.extracted-test0025,15,6,1
SUERIE_CLSPL::LSDM_SUERIE_CLSPL_CLSPL_15_unknown_data.tar.bz2.extracted-test0026,15,6,1
SUERIE_CLSPL::LSDM_SUERIE_CLSPL_CLSPL_15_unknown_data.tar.bz2.extracted-test0027,15,6,1
SUERIE_CLSPL::LSDM_SUERIE_CLSPL_CLSPL_15_unknown_data.tar.bz2.extracted-test0028,15,6,1
SUERIE_CLSPL::LSDM_SUERIE_CLSPL_CLSPL_15_unknown_data.tar.bz2.extracted-test0029,15,6,1
SUERIE_CLSPL::LSDM_SUERIE_CLSPL_CLSPL_15_unknown_data.tar.bz2.extracted-test0030,15,6,1
SUERIE_CLSPL::LSDM_SUERIE_CLSPL_CLSPL_15_unknown_data.tar.bz2.extracted-test0031,15,6,1
SUERIE_CLSPL::LSDM_SUERIE_CLSPL_CLSPL_15_unknown_data.tar.bz2.extracted-test0032,15,6,1
SUERIE_CLSPL::LSDM_SUERIE_CLSPL_CLSPL_15_unknown_data.tar.bz2.extracted-test0033,15,6,1
SUERIE_CLSPL::LSDM_SUERIE_CLSPL_CLSPL_15_unknown_data.tar.bz2.extracted-test0034,15,6,1
SUERIE_CLSPL::LSDM_SUERIE_CLSPL_CLSPL_15_unknown_data.tar.bz2.extracted-test0035,15,6,1
SUERIE_CLSPL::LSDM_SUERIE_CLSPL_CLSPL_15_unknown_data.tar.bz2.extracted-test0036,15,6,1
SUERIE_CLSPL::LSDM_SUERIE_CLSPL_CLSPL_15_unknown_data.tar.bz2.extracted-test0037,15,6,1
SUERIE_CLSPL::LSDM_SUERIE_CLSPL_CLSPL_15_unknown_data.tar.bz2.extracted-test0038,15,6,1
SUERIE_CLSPL::LSDM_SUERIE_CLSPL_CLSPL_15_unknown_data.tar.bz2.extracted-test0039,15,6,1
SUERIE_CLSPL::LSDM_SUERIE_CLSPL_CLSPL_15_unknown_data.tar.bz2.extracted-test0040,15,6,1
SUERIE_CLSPL::LSDM_SUERIE_CLSPL_CLSPL_15_unknown_data.tar.bz2.extracted-test0041,15,6,1
SUERIE_CLSPL::LSDM_SUERIE_CLSPL_CLSPL_15_unknown_data.tar.bz2.extracted-test0042,15,6,1
SUERIE_CLSPL::LSDM_SUERIE_CLSPL_CLSPL_15_unknown_data.tar.bz2.extracted-test0043,15,6,1
SUERIE_CLSPL::LSDM_SUERIE_CLSPL_CLSPL_15_unknown_data.tar.bz2.extracted-test0044,15,6,1
SUERIE_CLSPL::LSDM_SUERIE_CLSPL_CLSPL_15_unknown_data.tar.bz2.extracted-test0045,15,6,1
SUERIE_CLSPL::LSDM_SUERIE_CLSPL_CLSPL_15_unknown_data.tar.bz2.extracted-test0046,15,6,1
SUERIE_CLSPL::LSDM_SUERIE_CLSPL_CLSPL_15_unknown_data.tar.bz2.extracted-test0047,15,6,1
SUERIE_CLSPL::LSDM_SUERIE_CLSPL_CLSPL_15_unknown_data.tar.bz2.extracted-test0048,15,6,1
SUERIE_CLSPL::LSDM_SUERIE_CLSPL_CLSPL_15_unknown_data.tar.bz2.extracted-test0049,15,6,1
SUERIE_CLSPL::LSDM_SUERIE_CLSPL_CLSPL_15_unknown_data.tar.bz2.extracted-test0050,15,6,1
SUERIE_CLSPL::LSDM_SUERIE_CLSPL_CLSPL_15_unknown_data.tar.bz2.extracted-test0051,15,6,1
SUERIE_CLSPL::LSDM_SUERIE_CLSPL_CLSPL_15_unknown_data.tar.bz2.extracted-test0053,15,6,1
SUERIE_CLSPL::LSDM_SUERIE_CLSPL_CLSPL_15_unknown_data.tar.bz2.extracted-test0054,15,6,1
SUERIE_CLSPL::LSDM_SUERIE_CLSPL_CLSPL_15_unknown_data.tar.bz2.extracted-test0055,15,6,1
SUERIE_CLSPL::LSDM_SUERIE_CLSPL_CLSPL_15_unknown_data.tar.bz2.extracted-test0056,15,6,1
SUERIE_CLSPL::LSDM_SUERIE_CLSPL_CLSPL_15_unknown_data.tar.bz2.extracted-test0057,15,6,1
SUERIE_CLSPL::LSDM_SUERIE_CLSPL_CLSPL_15_unknown_data.tar.bz2.extracted-test0059,15,6,1
SUERIE_CLSPL::LSDM_SUERIE_CLSPL_CLSPL_15_unknown_data.tar.bz2.extracted-test0060,15,6,1
SUERIE_CLSPL::LSDM_SUERIE_CLSPL_CLSPL_15_unknown_data.tar.bz2.extracted-test0113,15,4,1
SUERIE_CLSPL::LSDM_SUERIE_CLSPL_CLSPL_15_unknown_data.tar.bz2.extracted-test0114,15,4,1
SUERIE_CLSPL::LSDM_SUERIE_CLSPL_CLSPL_15_unknown_data.tar.bz2.extracted-test0115,15,4,1
SUERIE_CLSPL::LSDM_SUERIE_CLSPL_CLSPL_15_unknown_data.tar.bz2.extracted-test0116,15,4,1
SUERIE_CLSPL::LSDM_SUERIE_CLSPL_CLSPL_15_unknown_data.tar.bz2.extracted-test0117,15,4,1
SUERIE_CLSPL::LSDM_SUERIE_CLSPL_CLSPL_15_unknown_data.tar.bz2.extracted-test0118,15,4,1
SUERIE_CLSPL::LSDM_SUERIE_CLSPL_CLSPL_15_unknown_data.tar.bz2.extracted-test0119,15,8,1
SUERIE_CLSPL::LSDM_SUERIE_CLSPL_CLSPL_15_unknown_data.tar.bz2.extracted-test0120,15,8,1
SUERIE_CLSPL::LSDM_SUERIE_CLSPL_CLSPL_15_unknown_data.tar.bz2.extracted-test0121,15,8,1
SUERIE_CLSPL::LSDM_SUERIE_CLSPL_CLSPL_15_unknown_data.tar.bz2.extracted-test0122,15,8,1
SUERIE_CLSPL::LSDM_SUERIE_CLSPL_CLSPL_15_unknown_data.tar.bz2.extracted-test0123,15,8,1
SUERIE_CLSPL::LSDM_SUERIE_CLSPL_CLSPL_15_unknown_data.tar.bz2.extracted-test0124,15,8,1
SUERIE_CLSPL::LSDM_SUERIE_CLSPL_CLSPL_15_unknown_data.tar.bz2.extracted-test0201,15,6,1
SUERIE_CLSPL::LSDM_SUERIE_CLSPL_CLSPL_15_unknown_data.tar.bz2.extracted-test0202,15,6,1
SUERIE_CLSPL::LSDM_SUERIE_CLSPL_CLSPL_15_unknown_data.tar.bz2.extracted-test0203,15,6,1
SUERIE_CLSPL::LSDM_SUERIE_CLSPL_CLSPL_15_unknown_data.tar.bz2.extracted-test0204,15,6,1
SUERIE_CLSPL::LSDM_SUERIE_CLSPL_CLSPL_15_unknown_data.tar.bz2.extracted-test0205,15,6,1
SUERIE_CLSPL::LSDM_SUERIE_CLSPL_CLSPL_15_unknown_data.tar.bz2.extracted-test0206,15,6,1
SUERIE_CLSPL::LSDM_SUERIE_CLSPL_CLSPL_15_unknown_data.tar.bz2.extracted-test0207,15,6,1
SUERIE_CLSPL::LSDM_SUERIE_CLSPL_CLSPL_15_unknown_data.tar.bz2.extracted-test0208,15,6,1
SUERIE_CLSPL::LSDM_SUERIE_CLSPL_CLSPL_15_unknown_data.tar.bz2.extracted-test0209,15,6,1
SUERIE_CLSPL::LSDM_SUERIE_CLSPL_CLSPL_15_unknown_data.tar.bz2.extracted-test0210,15,6,1
SUERIE_CLSPL::LSDM_SUERIE_CLSPL_CLSPL_15_unknown_data.tar.bz2.extracted-test0211,15,6,1
SUERIE_CLSPL::LSDM_SUERIE_CLSPL_CLSPL_15_unknown_data.tar.bz2.extracted-test0212,15,6,1
SUERIE_CLSPL::LSDM_SUERIE_CLSPL_CLSPL_15_unknown_data.tar.bz2.extracted-test0213,15,6,1
SUERIE_CLSPL::LSDM_SUERIE_CLSPL_CLSPL_15_unknown_data.tar.bz2.extracted-test0214,15,6,1
SUERIE_CLSPL::LSDM_SUERIE_CLSPL_CLSPL_15_unknown_data.tar.bz2.extracted-test0215,15,6,1
SUERIE_CLSPL::LSDM_SUERIE_CLSPL_CLSPL_15_unknown_data.tar.bz2.extracted-test0216,15,6,1
SUERIE_CLSPL::LSDM_SUERIE_CLSPL_CLSPL_15_unknown_data.tar.bz2.extracted-test0217,15,6,1
SUERIE_CLSPL::LSDM_SUERIE_CLSPL_CLSPL_15_unknown_data.tar.bz2.extracted-test0218,15,6,1
SUERIE_CLSPL::LSDM_SUERIE_CLSPL_CLSPL_15_unknown_data.tar.bz2.extracted-test0219,15,6,1
SUERIE_CLSPL::LSDM_SUERIE_CLSPL_CLSPL_15_unknown_data.tar.bz2.extracted-test0220,15,6,1
SUERIE_CLSPL::LSDM_SUERIE_CLSPL_CLSPL_15_unknown_data.tar.bz2.extracted-test0221,15,6,1
SUERIE_CLSPL::LSDM_SUERIE_CLSPL_CLSPL_15_unknown_data.tar.bz2.extracted-test0222,15,6,1
SUERIE_CLSPL::LSDM_SUERIE_CLSPL_CLSPL_15_unknown_data.tar.bz2.extracted-test0223,15,6,1
SUERIE_CLSPL::LSDM_SUERIE_CLSPL_CLSPL_15_unknown_data.tar.bz2.extracted-test0224,15,6,1
SUERIE_CLSPL::LSDM_SUERIE_CLSPL_CLSPL_15_unknown_data.tar.bz2.extracted-test0225,15,6,1
SUERIE_CLSPL::LSDM_SUERIE_CLSPL_CLSPL_15_unknown_data.tar.bz2.extracted-test0226,15,6,1
SUERIE_CLSPL::LSDM_SUERIE_CLSPL_CLSPL_15_unknown_data.tar.bz2.extracted-test0227,15,6,1
SUERIE_CLSPL::LSDM_SUERIE_CLSPL_CLSPL_15_unknown_data.tar.bz2.extracted-test0228,15,6,1
SUERIE_CLSPL::LSDM_SUERIE_CLSPL_CLSPL_15_unknown_data.tar.bz2.extracted-test0229,15,6,1
SUERIE_CLSPL::LSDM_SUERIE_CLSPL_CLSPL_15_unknown_data.tar.bz2.extracted-test0230,15,6,1
SUERIE_CLSPL::LSDM_SUERIE_CLSPL_CLSPL_15_unknown_data.tar.bz2.extracted-test0231,15,6,1
SUERIE_CLSPL::LSDM_SUERIE_CLSPL_CLSPL_15_unknown_data.tar.bz2.extracted-test0232,15,6,1
SUERIE_CLSPL::LSDM_SUERIE_CLSPL_CLSPL_15_unknown_data.tar.bz2.extracted-test0233,15,6,1
SUERIE_CLSPL::LSDM_SUERIE_CLSPL_CLSPL_15_unknown_data.tar.bz2.extracted-test0234,15,6,1
SUERIE_CLSPL::LSDM_SUERIE_CLSPL_CLSPL_15_unknown_data.tar.bz2.extracted-test0235,15,6,1
SUERIE_CLSPL::LSDM_SUERIE_CLSPL_CLSPL_15_unknown_data.tar.bz2.extracted-test0236,15,6,1
SUERIE_CLSPL::LSDM_SUERIE_CLSPL_CLSPL_15_unknown_data.tar.bz2.extracted-test0237,15,6,1
SUERIE_CLSPL::LSDM_SUERIE_CLSPL_CLSPL_15_unknown_data.tar.bz2.extracted-test0238,15,6,1
SUERIE_CLSPL::LSDM_SUERIE_CLSPL_CLSPL_15_unknown_data.tar.bz2.extracted-test0239,15,6,1
SUERIE_CLSPL::LSDM_SUERIE_CLSPL_CLSPL_15_unknown_data.tar.bz2.extracted-test0240,15,6,1
SUERIE_CLSPL::LSDM_SUERIE_CLSPL_CLSPL_15_unknown_data.tar.bz2.extracted-test0241,15,6,1
SUERIE_CLSPL::LSDM_SUERIE_CLSPL_CLSPL_15_unknown_data.tar.bz2.extracted-test0242,15,6,1
SUERIE_CLSPL::LSDM_SUERIE_CLSPL_CLSPL_15_unknown_data.tar.bz2.extracted-test0243,15,6,1
SUERIE_CLSPL::LSDM_SUERIE_CLSPL_CLSPL_15_unknown_data.tar.bz2.extracted-test0244,15,6,1
SUERIE_CLSPL::LSDM_SUERIE_CLSPL_CLSPL_15_unknown_data.tar.bz2.extracted-test0245,15,6,1
SUERIE_CLSPL::LSDM_SUERIE_CLSPL_CLSPL_15_unknown_data.tar.bz2.extracted-test0246,15,6,1
SUERIE_CLSPL::LSDM_SUERIE_CLSPL_CLSPL_15_unknown_data.tar.bz2.extracted-test0247,15,6,1
SUERIE_CLSPL::LSDM_SUERIE_CLSPL_CLSPL_15_unknown_data.tar.bz2.extracted-test0248,15,6,1
SUERIE_CLSPL::LSDM_SUERIE_CLSPL_CLSPL_15_unknown_data.tar.bz2.extracted-test0249,15,6,1
SUERIE_CLSPL::LSDM_SUERIE_CLSPL_CLSPL_15_unknown_data.tar.bz2.extracted-test0250,15,6,1
SUERIE_CLSPL::LSDM_SUERIE_CLSPL_CLSPL_15_unknown_data.tar.bz2.extracted-test0251,15,6,1
SUERIE_CLSPL::LSDM_SUERIE_CLSPL_CLSPL_15_unknown_data.tar.bz2.extracted-test0252,15,6,1
SUERIE_CLSPL::LSDM_SUERIE_CLSPL_CLSPL_15_unknown_data.tar.bz2.extracted-test0253,15,6,1
SUERIE_CLSPL::LSDM_SUERIE_CLSPL_CLSPL_15_unknown_data.tar.bz2.extracted-test0254,15,6,1
SUERIE_CLSPL::LSDM_SUERIE_CLSPL_CLSPL_15_unknown_data.tar.bz2.extracted-test0255,15,6,1
SUERIE_CLSPL::LSDM_SUERIE_CLSPL_CLSPL_15_unknown_data.tar.bz2.extracted-test0256,15,6,1
SUERIE_CLSPL::LSDM_SUERIE_CLSPL_CLSPL_15_unknown_data.tar.bz2.extracted-test0257,15,6,1
SUERIE_CLSPL::LSDM_SUERIE_CLSPL_CLSPL_15_unknown_data.tar.bz2.extracted-test0258,15,6,1
SUERIE_CLSPL::LSDM_SUERIE_CLSPL_CLSPL_15_unknown_data.tar.bz2.extracted-test0259,15,6,1
SUERIE_CLSPL::LSDM_SUERIE_CLSPL_CLSPL_15_unknown_data.tar.bz2.extracted-test0260,15,6,1
SUERIE_CLSPL::LSDM_SUERIE_CLSPL_CLSPL_15_unknown_data.tar.bz2.extracted-test0261,15,6,1
SUERIE_CLSPL::LSDM_SUERIE_CLSPL_CLSPL_15_unknown_data.tar.bz2.extracted-test0262,15,6,1
SUERIE_CLSPL::LSDM_SUERIE_CLSPL_CLSPL_15_unknown_data.tar.bz2.extracted-test0263,15,6,1
SUERIE_CLSPL::LSDM_SUERIE_CLSPL_CLSPL_15_unknown_data.tar.bz2.extracted-test0264,15,6,1
SUERIE_CLSPL::LSDM_SUERIE_CLSPL_CLSPL_15_unknown_data.tar.bz2.extracted-test0265,15,6,1
SUERIE_CLSPL::LSDM_SUERIE_CLSPL_CLSPL_15_unknown_data.tar.bz2.extracted-test0266,15,6,1
SUERIE_CLSPL::LSDM_SUERIE_CLSPL_CLSPL_15_unknown_data.tar.bz2.extracted-test0267,15,6,1
SUERIE_CLSPL::LSDM_SUERIE_CLSPL_CLSPL_15_unknown_data.tar.bz2.extracted-test0268,15,6,1
SUERIE_CLSPL::LSDM_SUERIE_CLSPL_CLSPL_15_unknown_data.tar.bz2.extracted-test0269,15,6,1
SUERIE_CLSPL::LSDM_SUERIE_CLSPL_CLSPL_15_unknown_data.tar.bz2.extracted-test0270,15,6,1
SUERIE_CLSPL::LSDM_SUERIE_CLSPL_CLSPL_15_unknown_data.tar.bz2.extracted-test0301,15,6,1
SUERIE_CLSPL::LSDM_SUERIE_CLSPL_CLSPL_15_unknown_data.tar.bz2.extracted-test0302,15,6,1
SUERIE_CLSPL::LSDM_SUERIE_CLSPL_CLSPL_15_unknown_data.tar.bz2.extracted-test0303,15,6,1
SUERIE_CLSPL::LSDM_SUERIE_CLSPL_CLSPL_15_unknown_data.tar.bz2.extracted-test0304,15,6,1
SUERIE_CLSPL::LSDM_SUERIE_CLSPL_CLSPL_15_unknown_data.tar.bz2.extracted-test0305,15,6,1
SUERIE_CLSPL::LSDM_SUERIE_CLSPL_CLSPL_15_unknown_data.tar.bz2.extracted-test0306,15,6,1
SUERIE_CLSPL::LSDM_SUERIE_CLSPL_CLSPL_15_unknown_data.tar.bz2.extracted-test0307,15,6,1
SUERIE_CLSPL::LSDM_SUERIE_CLSPL_CLSPL_15_unknown_data.tar.bz2.extracted-test0308,15,6,1
SUERIE_CLSPL::LSDM_SUERIE_CLSPL_CLSPL_15_unknown_data.tar.bz2.extracted-test0309,15,6,1
SUERIE_CLSPL::LSDM_SUERIE_CLSPL_CLSPL_15_unknown_data.tar.bz2.extracted-test0310,15,6,1
SUERIE_CLSPL::LSDM_SUERIE_CLSPL_CLSPL_15_unknown_data.tar.bz2.extracted-test0311,15,6,1
SUERIE_CLSPL::LSDM_SUERIE_CLSPL_CLSPL_15_unknown_data.tar.bz2.extracted-test0313,15,6,1
SUERIE_CLSPL::LSDM_SUERIE_CLSPL_CLSPL_15_unknown_data.tar.bz2.extracted-test0314,15,6,1
SUERIE_CLSPL::LSDM_SUERIE_CLSPL_CLSPL_15_unknown_data.tar.bz2.extracted-test0316,15,6,1
SUERIE_CLSPL::LSDM_SUERIE_CLSPL_CLSPL_15_unknown_data.tar.bz2.extracted-test0317,15,6,1
SUERIE_CLSPL::LSDM_SUERIE_CLSPL_CLSPL_15_unknown_data.tar.bz2.extracted-test0318,15,6,1
SUERIE_CLSPL::LSDM_SUERIE_CLSPL_CLSPL_15_unknown_data.tar.bz2.extracted-test0319,15,6,1
SUERIE_CLSPL::LSDM_SUERIE_CLSPL_CLSPL_15_unknown_data.tar.bz2.extracted-test0320,15,6,1
SUERIE_CLSPL::LSDM_SUERIE_CLSPL_CLSPL_15_unknown_data.tar.bz2.extracted-test0321,15,6,1
SUERIE_CLSPL::LSDM_SUERIE_CLSPL_CLSPL_15_unknown_data.tar.bz2.extracted-test0322,15,6,1
SUERIE_CLSPL::LSDM_SUERIE_CLSPL_CLSPL_15_unknown_data.tar.bz2.extracted-test0323,15,6,1
SUERIE_CLSPL::LSDM_SUERIE_CLSPL_CLSPL_15_unknown_data.tar.bz2.extracted-test0324,15,6,1
SUERIE_CLSPL::LSDM_SUERIE_CLSPL_CLSPL_15_unknown_data.tar.bz2.extracted-test0325,15,6,1
SUERIE_CLSPL::LSDM_SUERIE_CLSPL_CLSPL_15_unknown_data.tar.bz2.extracted-test0326,15,6,1
SUERIE_CLSPL::LSDM_SUERIE_CLSPL_CLSPL_15_unknown_data.tar.bz2.extracted-test0327,15,6,1
SUERIE_CLSPL::LSDM_SUERIE_CLSPL_CLSPL_15_unknown_data.tar.bz2.extracted-test0328,15,6,1
SUERIE_CLSPL::LSDM_SUERIE_CLSPL_CLSPL_15_unknown_data.tar.bz2.extracted-test0329,15,6,1
SUERIE_CLSPL::LSDM_SUERIE_CLSPL_CLSPL_15_unknown_data.tar.bz2.extracted-test0330,15,6,1
SUERIE_CLSPL::LSDM_SUERIE_CLSPL_CLSPL_15_unknown_data.tar.bz2.extracted-test0331,15,6,1
SUERIE_CLSPL::LSDM_SUERIE_CLSPL_CLSPL_15_unknown_data.tar.bz2.extracted-test0332,15,6,1
SUERIE_CLSPL::LSDM_SUERIE_CLSPL_CLSPL_15_unknown_data.tar.bz2.extracted-test0333,15,6,1
SUERIE_CLSPL::LSDM_SUERIE_CLSPL_CLSPL_15_unknown_data.tar.bz2.extracted-test0334,15,6,1
SUERIE_CLSPL::LSDM_SUERIE_CLSPL_CLSPL_15_unknown_data.tar.bz2.extracted-test0335,15,6,1
SUERIE_CLSPL::LSDM_SUERIE_CLSPL_CLSPL_15_unknown_data.tar.bz2.extracted-test0336,15,6,1
SUERIE_CLSPL::LSDM_SUERIE_CLSPL_CLSPL_15_unknown_data.tar.bz2.extracted-test0337,15,6,1
SUERIE_CLSPL::LSDM_SUERIE_CLSPL_CLSPL_15_unknown_data.tar.bz2.extracted-test0338,15,6,1
SUERIE_CLSPL::LSDM_SUERIE_CLSPL_CLSPL_15_unknown_data.tar.bz2.extracted-test0339,15,6,1
SUERIE_CLSPL::LSDM_SUERIE_CLSPL_CLSPL_15_unknown_data.tar.bz2.extracted-test0340,15,6,1
SUERIE_CLSPL::LSDM_SUERIE_CLSPL_CLSPL_15_unknown_data.tar.bz2.extracted-test0342,15,6,1
SUERIE_CLSPL::LSDM_SUERIE_CLSPL_CLSPL_15_unknown_data.tar.bz2.extracted-test0344,15,6,1
SUERIE_CLSPL::LSDM_SUERIE_CLSPL_CLSPL_15_unknown_data.tar.bz2.extracted-test0345,15,6,1
SUERIE_CLSPL::LSDM_SUERIE_CLSPL_CLSPL_15_unknown_data.tar.bz2.extracted-test0346,15,6,1
SUERIE_CLSPL::LSDM_SUERIE_CLSPL_CLSPL_15_unknown_data.tar.bz2.extracted-test0347,15,6,1
SUERIE_CLSPL::LSDM_SUERIE_CLSPL_CLSPL_15_unknown_data.tar.bz2.extracted-test0348,15,6,1
SUERIE_CLSPL::LSDM_SUERIE_CLSPL_CLSPL_15_unknown_data.tar.bz2.extracted-test0349,15,6,1
SUERIE_CLSPL::LSDM_SUERIE_CLSPL_CLSPL_15_unknown_data.tar.bz2.extracted-test0350,15,6,1
SUERIE_CLSPL::LSDM_SUERIE_CLSPL_CLSPL_15_unknown_data.tar.bz2.extracted-test0351,15,12,1
SUERIE_CLSPL::LSDM_SUERIE_CLSPL_CLSPL_15_unknown_data.tar.bz2.extracted-test0352,15,12,1
SUERIE_CLSPL::LSDM_SUERIE_CLSPL_CLSPL_15_unknown_data.tar.bz2.extracted-test0353,15,12,1
SUERIE_CLSPL::LSDM_SUERIE_CLSPL_CLSPL_15_unknown_data.tar.bz2.extracted-test0354,15,12,1
SUERIE_CLSPL::LSDM_SUERIE_CLSPL_CLSPL_15_unknown_data.tar.bz2.extracted-test0355,15,12,1
SUERIE_CLSPL::LSDM_SUERIE_CLSPL_CLSPL_15_unknown_data.tar.bz2.extracted-test0356,15,24,1
SUERIE_CLSPL::LSDM_SUERIE_CLSPL_CLSPL_15_unknown_data.tar.bz2.extracted-test0357,15,24,1
SUERIE_CLSPL::LSDM_SUERIE_CLSPL_CLSPL_15_unknown_data.tar.bz2.extracted-test0358,15,24,1
SUERIE_CLSPL::LSDM_SUERIE_CLSPL_CLSPL_15_unknown_data.tar.bz2.extracted-test0359,15,24,1
SUERIE_CLSPL::LSDM_SUERIE_CLSPL_CLSPL_15_unknown_data.tar.bz2.extracted-test0360,15,24,1
SUERIE_CLSPL::LSDM_SUERIE_CLSPL_CLSPL_20_unknown_data.tar.bz2.extracted-test0401,20,10,1
SUERIE_CLSPL::LSDM_SUERIE_CLSPL_CLSPL_20_unknown_data.tar.bz2.extracted-test0402,20,10,1
SUERIE_CLSPL::LSDM_SUERIE_CLSPL_CLSPL_20_unknown_data.tar.bz2.extracted-test0403,20,10,1
SUERIE_CLSPL::LSDM_SUERIE_CLSPL_CLSPL_20_unknown_data.tar.bz2.extracted-test0404,20,10,1
SUERIE_CLSPL::LSDM_SUERIE_CLSPL_CLSPL_20_unknown_data.tar.bz2.extracted-test0405,20,10,1
SUERIE_CLSPL::LSDM_SUERIE_CLSPL_CLSPL_20_unknown_data.tar.bz2.extracted-test0406,20,10,1
SUERIE_CLSPL::LSDM_SUERIE_CLSPL_CLSPL_20_unknown_data.tar.bz2.extracted-test0407,20,10,1
SUERIE_CLSPL::LSDM_SUERIE_CLSPL_CLSPL_20_unknown_data.tar.bz2.extracted-test0408,20,10,1
SUERIE_CLSPL::LSDM_SUERIE_CLSPL_CLSPL_20_unknown_data.tar.bz2.extracted-test0409,20,10,1
SUERIE_CLSPL::LSDM_SUERIE_CLSPL_CLSPL_20_unknown_data.tar.bz2.extracted-test0410,20,10,1
SUERIE_CLSPL::LSDM_SUERIE_CLSPL_CLSPL_20_unknown_data.tar.bz2.extracted-test0411,20,10,1
SUERIE_CLSPL::LSDM_SUERIE_CLSPL_CLSPL_20_unknown_data.tar.bz2.extracted-test0412,20,10,1
SUERIE_CLSPL::LSDM_SUERIE_CLSPL_CLSPL_20_unknown_data.tar.bz2.extracted-test0413,20,10,1
SUERIE_CLSPL::LSDM_SUERIE_CLSPL_CLSPL_20_unknown_data.tar.bz2.extracted-test0414,20,10,1
SUERIE_CLSPL::LSDM_SUERIE_CLSPL_CLSPL_20_unknown_data.tar.bz2.extracted-test0415,20,10,1
SUERIE_CLSPL::LSDM_SUERIE_CLSPL_CLSPL_20_unknown_data.tar.bz2.extracted-test0416,20,10,1
SUERIE_CLSPL::LSDM_SUERIE_CLSPL_CLSPL_20_unknown_data.tar.bz2.extracted-test0417,20,10,1
SUERIE_CLSPL::LSDM_SUERIE_CLSPL_CLSPL_20_unknown_data.tar.bz2.extracted-test0418,20,10,1
SUERIE_CLSPL::LSDM_SUERIE_CLSPL_CLSPL_20_unknown_data.tar.bz2.extracted-test0419,20,10,1
SUERIE_CLSPL::LSDM_SUERIE_CLSPL_CLSPL_20_unknown_data.tar.bz2.extracted-test0420,20,10,1
SUERIE_CLSPL::LSDM_SUERIE_CLSPL_CLSPL_20_unknown_data.tar.bz2.extracted-test0421,20,10,1
SUERIE_CLSPL::LSDM_SUERIE_CLSPL_CLSPL_20_unknown_data.tar.bz2.extracted-test0422,20,10,1
SUERIE_CLSPL::LSDM_SUERIE_CLSPL_CLSPL_20_unknown_data.tar.bz2.extracted-test0423,20,10,1
SUERIE_CLSPL::LSDM_SUERIE_CLSPL_CLSPL_20_unknown_data.tar.bz2.extracted-test0424,20,10,1
SUERIE_CLSPL::LSDM_SUERIE_CLSPL_CLSPL_20_unknown_data.tar.bz2.extracted-test0425,20,10,1
SUERIE_CLSPL::LSDM_SUERIE_CLSPL_CLSPL_20_unknown_data.tar.bz2.extracted-test0426,20,10,1
SUERIE_CLSPL::LSDM_SUERIE_CLSPL_CLSPL_20_unknown_data.tar.bz2.extracted-test0427,20,10,1
SUERIE_CLSPL::LSDM_SUERIE_CLSPL_CLSPL_20_unknown_data.tar.bz2.extracted-test0428,20,10,1
SUERIE_CLSPL::LSDM_SUERIE_CLSPL_CLSPL_20_unknown_data.tar.bz2.extracted-test0429,20,10,1
SUERIE_CLSPL::LSDM_SUERIE_CLSPL_CLSPL_20_unknown_data.tar.bz2.extracted-test0430,20,10,1
SUERIE_CLSPL::LSDM_SUERIE_CLSPL_CLSPL_20_unknown_data.tar.bz2.extracted-test0431,20,10,1
SUERIE_CLSPL::LSDM_SUERIE_CLSPL_CLSPL_20_unknown_data.tar.bz2.extracted-test0432,20,10,1
SUERIE_CLSPL::LSDM_SUERIE_CLSPL_CLSPL_20_unknown_data.tar.bz2.extracted-test0433,20,10,1
SUERIE_CLSPL::LSDM_SUERIE_CLSPL_CLSPL_20_unknown_data.tar.bz2.extracted-test0434,20,10,1
SUERIE_CLSPL::LSDM_SUERIE_CLSPL_CLSPL_20_unknown_data.tar.bz2.extracted-test0435,20,10,1
SUERIE_CLSPL::LSDM_SUERIE_CLSPL_CLSPL_20_unknown_data.tar.bz2.extracted-test0436,20,10,1
SUERIE_CLSPL::LSDM_SUERIE_CLSPL_CLSPL_20_unknown_data.tar.bz2.extracted-test0437,20,10,1
SUERIE_CLSPL::LSDM_SUERIE_CLSPL_CLSPL_20_unknown_data.tar.bz2.extracted-test0438,20,10,1
SUERIE_CLSPL::LSDM_SUERIE_CLSPL_CLSPL_20_unknown_data.tar.bz2.extracted-test0439,20,10,1
SUERIE_CLSPL::LSDM_SUERIE_CLSPL_CLSPL_20_unknown_data.tar.bz2.extracted-test0440,20,10,1
SUERIE_CLSPL::LSDM_SUERIE_CLSPL_CLSPL_20_unknown_data.tar.bz2.extracted-test0441,20,10,1
SUERIE_CLSPL::LSDM_SUERIE_CLSPL_CLSPL_20_unknown_data.tar.bz2.extracted-test0442,20,10,1
SUERIE_CLSPL::LSDM_SUERIE_CLSPL_CLSPL_20_unknown_data.tar.bz2.extracted-test0443,20,10,1
SUERIE_CLSPL::LSDM_SUERIE_CLSPL_CLSPL_20_unknown_data.tar.bz2.extracted-test0444,20,10,1
SUERIE_CLSPL::LSDM_SUERIE_CLSPL_CLSPL_20_unknown_data.tar.bz2.extracted-test0445,20,10,1
SUERIE_CLSPL::LSDM_SUERIE_CLSPL_CLSPL_20_unknown_data.tar.bz2.extracted-test0446,20,10,1
SUERIE_CLSPL::LSDM_SUERIE_CLSPL_CLSPL_20_unknown_data.tar.bz2.extracted-test0447,20,10,1
SUERIE_CLSPL::LSDM_SUERIE_CLSPL_CLSPL_20_unknown_data.tar.bz2.extracted-test0448,20,10,1
SUERIE_CLSPL::LSDM_SUERIE_CLSPL_CLSPL_20_unknown_data.tar.bz2.extracted-test0449,20,10,1
SUERIE_CLSPL::LSDM_SUERIE_CLSPL_CLSPL_20_unknown_data.tar.bz2.extracted-test0450,20,10,1
SUERIE_CLSPL::LSDM_SUERIE_CLSPL_CLSPL_20_unknown_data.tar.bz2.extracted-test0451,20,10,1
SUERIE_CLSPL::LSDM_SUERIE_CLSPL_CLSPL_20_unknown_data.tar.bz2.extracted-test0452,20,10,1
SUERIE_CLSPL::LSDM_SUERIE_CLSPL_CLSPL_20_unknown_data.tar.bz2.extracted-test0453,20,10,1
SUERIE_CLSPL::LSDM_SUERIE_CLSPL_CLSPL_20_unknown_data.tar.bz2.extracted-test0454,20,10,1
SUERIE_CLSPL::LSDM_SUERIE_CLSPL_CLSPL_20_unknown_data.tar.bz2.extracted-test0455,20,10,1
SUERIE_CLSPL::LSDM_SUERIE_CLSPL_CLSPL_20_unknown_data.tar.bz2.extracted-test0456,20,10,1
SUERIE_CLSPL::LSDM_SUERIE_CLSPL_CLSPL_20_unknown_data.tar.bz2.extracted-test0457,20,10,1
SUERIE_CLSPL::LSDM_SUERIE_CLSPL_CLSPL_20_unknown_data.tar.bz2.extracted-test0458,20,10,1
SUERIE_CLSPL::LSDM_SUERIE_CLSPL_CLSPL_20_unknown_data.tar.bz2.extracted-test0459,20,10,1
SUERIE_CLSPL::LSDM_SUERIE_CLSPL_CLSPL_20_unknown_data.tar.bz2.extracted-test0460,20,10,1
SUERIE_CLSPL::LSDM_SUERIE_CLSPL_CLSPL_20_unknown_data.tar.bz2.extracted-test0461,20,10,1
SUERIE_CLSPL::LSDM_SUERIE_CLSPL_CLSPL_20_unknown_data.tar.bz2.extracted-test0462,20,10,1
SUERIE_CLSPL::LSDM_SUERIE_CLSPL_CLSPL_20_unknown_data.tar.bz2.extracted-test0463,20,10,1
SUERIE_CLSPL::LSDM_SUERIE_CLSPL_CLSPL_20_unknown_data.tar.bz2.extracted-test0464,20,10,1
SUERIE_CLSPL::LSDM_SUERIE_CLSPL_CLSPL_20_unknown_data.tar.bz2.extracted-test0465,20,10,1
SUERIE_CLSPL::LSDM_SUERIE_CLSPL_CLSPL_20_unknown_data.tar.bz2.extracted-test0466,20,10,1
SUERIE_CLSPL::LSDM_SUERIE_CLSPL_CLSPL_20_unknown_data.tar.bz2.extracted-test0467,20,10,1
SUERIE_CLSPL::LSDM_SUERIE_CLSPL_CLSPL_20_unknown_data.tar.bz2.extracted-test0468,20,10,1
SUERIE_CLSPL::LSDM_SUERIE_CLSPL_CLSPL_20_unknown_data.tar.bz2.extracted-test0469,20,10,1
SUERIE_CLSPL::LSDM_SUERIE_CLSPL_CLSPL_20_unknown_data.tar.bz2.extracted-test0470,20,10,1
SUERIE_CLSPL::LSDM_SUERIE_CLSPL_CLSPL_20_unknown_data.tar.bz2.extracted-test0471,20,10,1
SUERIE_CLSPL::LSDM_SUERIE_CLSPL_CLSPL_20_unknown_data.tar.bz2.extracted-test0472,20,10,1
SUERIE_CLSPL::LSDM_SUERIE_CLSPL_CLSPL_20_unknown_data.tar.bz2.extracted-test0473,20,10,1
SUERIE_CLSPL::LSDM_SUERIE_CLSPL_CLSPL_20_unknown_data.tar.bz2.extracted-test0474,20,10,1
SUERIE_CLSPL::LSDM_SUERIE_CLSPL_CLSPL_20_unknown_data.tar.bz2.extracted-test0475,20,10,1
SUERIE_CLSPL::LSDM_SUERIE_CLSPL_CLSPL_20_unknown_data.tar.bz2.extracted-test0476,20,10,1
SUERIE_CLSPL::LSDM_SUERIE_CLSPL_CLSPL_20_unknown_data.tar.bz2.extracted-test0477,20,10,1
SUERIE_CLSPL::LSDM_SUERIE_CLSPL_CLSPL_20_unknown_data.tar.bz2.extracted-test0478,20,10,1
SUERIE_CLSPL::LSDM_SUERIE_CLSPL_CLSPL_20_unknown_data.tar.bz2.extracted-test0479,20,10,1
SUERIE_CLSPL::LSDM_SUERIE_CLSPL_CLSPL_20_unknown_data.tar.bz2.extracted-test0480,20,10,1
SUERIE_CLSPL::LSDM_SUERIE_CLSPL_CLSPL_20_unknown_data.tar.bz2.extracted-test0481,20,10,1
SUERIE_CLSPL::LSDM_SUERIE_CLSPL_CLSPL_20_unknown_data.tar.bz2.extracted-test0482,20,10,1
SUERIE_CLSPL::LSDM_SUERIE_CLSPL_CLSPL_20_unknown_data.tar.bz2.extracted-test0483,20,10,1
SUERIE_CLSPL::LSDM_SUERIE_CLSPL_CLSPL_20_unknown_data.tar.bz2.extracted-test0484,20,10,1
SUERIE_CLSPL::LSDM_SUERIE_CLSPL_CLSPL_20_unknown_data.tar.bz2.extracted-test0485,20,10,1
SUERIE_CLSPL::LSDM_SUERIE_CLSPL_CLSPL_20_unknown_data.tar.bz2.extracted-test0486,20,10,1
SUERIE_CLSPL::LSDM_SUERIE_CLSPL_CLSPL_20_unknown_data.tar.bz2.extracted-test0487,20,10,1
SUERIE_CLSPL::LSDM_SUERIE_CLSPL_CLSPL_20_unknown_data.tar.bz2.extracted-test0488,20,10,1
SUERIE_CLSPL::LSDM_SUERIE_CLSPL_CLSPL_20_unknown_data.tar.bz2.extracted-test0489,20,10,1
SUERIE_CLSPL::LSDM_SUERIE_CLSPL_CLSPL_20_unknown_data.tar.bz2.extracted-test0490,20,10,1
SUERIE_CLSPL::LSDM_SUERIE_CLSPL_CLSPL_20_unknown_data.tar.bz2.extracted-test0491,20,10,1
SUERIE_CLSPL::LSDM_SUERIE_CLSPL_CLSPL_20_unknown_data.tar.bz2.extracted-test0492,20,10,1
SUERIE_CLSPL::LSDM_SUERIE_CLSPL_CLSPL_20_unknown_data.tar.bz2.extracted-test0493,20,10,1
SUERIE_CLSPL::LSDM_SUERIE_CLSPL_CLSPL_20_unknown_data.tar.bz2.extracted-test0494,20,10,1
SUERIE_CLSPL::LSDM_SUERIE_CLSPL_CLSPL_20_unknown_data.tar.bz2.extracted-test0495,20,10,1
SUERIE_CLSPL::LSDM_SUERIE_CLSPL_CLSPL_20_unknown_data.tar.bz2.extracted-test0496,20,10,1
SUERIE_CLSPL::LSDM_SUERIE_CLSPL_CLSPL_20_unknown_data.tar.bz2.extracted-test0497,20,10,1
SUERIE_CLSPL::LSDM_SUERIE_CLSPL_CLSPL_20_unknown_data.tar.bz2.extracted-test0498,20,10,1
SUERIE_CLSPL::LSDM_SUERIE_CLSPL_CLSPL_20_unknown_data.tar.bz2.extracted-test0499,20,10,1
SUERIE_CLSPL::LSDM_SUERIE_CLSPL_CLSPL_20_unknown_data.tar.bz2.extracted-test0500,20,10,1
SUERIE_CLSPL::LSDM_SUERIE_CLSPL_CLSPL_20_unknown_data.tar.bz2.extracted-test0501,20,10,1
SUERIE_CLSPL::LSDM_SUERIE_CLSPL_CLSPL_20_unknown_data.tar.bz2.extracted-test0502,20,10,1
SUERIE_CLSPL::LSDM_SUERIE_CLSPL_CLSPL_20_unknown_data.tar.bz2.extracted-test0503,20,10,1
SUERIE_CLSPL::LSDM_SUERIE_CLSPL_CLSPL_20_unknown_data.tar.bz2.extracted-test0504,20,10,1
SUERIE_CLSPL::LSDM_SUERIE_CLSPL_CLSPL_20_unknown_data.tar.bz2.extracted-test0505,20,10,1
SUERIE_CLSPL::LSDM_SUERIE_CLSPL_CLSPL_20_unknown_data.tar.bz2.extracted-test0506,20,10,1
SUERIE_CLSPL::LSDM_SUERIE_CLSPL_CLSPL_20_unknown_data.tar.bz2.extracted-test0507,20,10,1
SUERIE_CLSPL::LSDM_SUERIE_CLSPL_CLSPL_20_unknown_data.tar.bz2.extracted-test0508,20,10,1
SUERIE_CLSPL::LSDM_SUERIE_CLSPL_CLSPL_20_unknown_data.tar.bz2.extracted-test0509,20,10,1
SUERIE_CLSPL::LSDM_SUERIE_CLSPL_CLSPL_20_unknown_data.tar.bz2.extracted-test0510,20,10,1
SUERIE_CLSPL::LSDM_SUERIE_CLSPL_CLSPL_20_unknown_data.tar.bz2.extracted-test0511,20,10,1
SUERIE_CLSPL::LSDM_SUERIE_CLSPL_CLSPL_20_unknown_data.tar.bz2.extracted-test0512,20,10,1
SUERIE_CLSPL::LSDM_SUERIE_CLSPL_CLSPL_20_unknown_data.tar.bz2.extracted-test0513,20,10,1
SUERIE_CLSPL::LSDM_SUERIE_CLSPL_CLSPL_20_unknown_data.tar.bz2.extracted-test0514,20,10,1
SUERIE_CLSPL::LSDM_SUERIE_CLSPL_CLSPL_20_unknown_data.tar.bz2.extracted-test0515,20,10,1
SUERIE_CLSPL::LSDM_SUERIE_CLSPL_CLSPL_20_unknown_data.tar.bz2.extracted-test0516,20,10,1
SUERIE_CLSPL::LSDM_SUERIE_CLSPL_CLSPL_20_unknown_data.tar.bz2.extracted-test0517,20,10,1
SUERIE_CLSPL::LSDM_SUERIE_CLSPL_CLSPL_20_unknown_data.tar.bz2.extracted-test0518,20,10,1
SUERIE_CLSPL::LSDM_SUERIE_CLSPL_CLSPL_20_unknown_data.tar.bz2.extracted-test0519,20,10,1
SUERIE_CLSPL::LSDM_SUERIE_CLSPL_CLSPL_20_unknown_data.tar.bz2.extracted-test0520,20,10,1
SUERIE_CLSPL::LSDM_SUERIE_CLSPL_CLSPL_20_unknown_data.tar.bz2.extracted-test0521,20,10,1
SUERIE_CLSPL::LSDM_SUERIE_CLSPL_CLSPL_20_unknown_data.tar.bz2.extracted-test0522,20,10,1
SUERIE_CLSPL::LSDM_SUERIE_CLSPL_CLSPL_20_unknown_data.tar.bz2.extracted-test0523,20,10,1
SUERIE_CLSPL::LSDM_SUERIE_CLSPL_CLSPL_20_unknown_data.tar.bz2.extracted-test0524,20,10,1
SUERIE_CLSPL::LSDM_SUERIE_CLSPL_CLSPL_20_unknown_data.tar.bz2.extracted-test0525,20,10,1
SUERIE_CLSPL::LSDM_SUERIE_CLSPL_CLSPL_20_unknown_data.tar.bz2.extracted-test0526,20,10,1
SUERIE_CLSPL::LSDM_SUERIE_CLSPL_CLSPL_20_unknown_data.tar.bz2.extracted-test0527,20,10,1
SUERIE_CLSPL::LSDM_SUERIE_CLSPL_CLSPL_20_unknown_data.tar.bz2.extracted-test0528,20,10,1
SUERIE_CLSPL::LSDM_SUERIE_CLSPL_CLSPL_20_unknown_data.tar.bz2.extracted-test0529,20,10,1
SUERIE_CLSPL::LSDM_SUERIE_CLSPL_CLSPL_20_unknown_data.tar.bz2.extracted-test0530,20,10,1
SUERIE_CLSPL::LSDM_SUERIE_CLSPL_CLSPL_20_unknown_data.tar.bz2.extracted-test0531,20,10,1
SUERIE_CLSPL::LSDM_SUERIE_CLSPL_CLSPL_20_unknown_data.tar.bz2.extracted-test0532,20,10,1
SUERIE_CLSPL::LSDM_SUERIE_CLSPL_CLSPL_20_unknown_data.tar.bz2.extracted-test0533,20,10,1
SUERIE_CLSPL::LSDM_SUERIE_CLSPL_CLSPL_20_unknown_data.tar.bz2.extracted-test0534,20,10,1
SUERIE_CLSPL::LSDM_SUERIE_CLSPL_CLSPL_20_unknown_data.tar.bz2.extracted-test0535,20,10,1
SUERIE_CLSPL::LSDM_SUERIE_CLSPL_CLSPL_20_unknown_data.tar.bz2.extracted-test0536,20,10,1
SUERIE_CLSPL::LSDM_SUERIE_CLSPL_CLSPL_20_unknown_data.tar.bz2.extracted-test0537,20,10,1
SUERIE_CLSPL::LSDM_SUERIE_CLSPL_CLSPL_20_unknown_data.tar.bz2.extracted-test0538,20,10,1
SUERIE_CLSPL::LSDM_SUERIE_CLSPL_CLSPL_20_unknown_data.tar.bz2.extracted-test0539,20,10,1
SUERIE_CLSPL::LSDM_SUERIE_CLSPL_CLSPL_20_unknown_data.tar.bz2.extracted-test0540,20,10,1
SUERIE_CLSPL::LSDM_SUERIE_CLSPL_CLSPL_20_unknown_data.tar.bz2.extracted-test0541,20,10,1
SUERIE_CLSPL::LSDM_SUERIE_CLSPL_CLSPL_20_unknown_data.tar.bz2.extracted-test0542,20,10,1
SUERIE_CLSPL::LSDM_SUERIE_CLSPL_CLSPL_20_unknown_data.tar.bz2.extracted-test0543,20,10,1
SUERIE_CLSPL::LSDM_SUERIE_CLSPL_CLSPL_20_unknown_data.tar.bz2.extracted-test0544,20,10,1
SUERIE_CLSPL::LSDM_SUERIE_CLSPL_CLSPL_20_unknown_data.tar.bz2.extracted-test0545,20,10,1
SUERIE_CLSPL::LSDM_SUERIE_CLSPL_CLSPL_20_unknown_data.tar.bz2.extracted-test0546,20,10,1
SUERIE_CLSPL::LSDM_SUERIE_CLSPL_CLSPL_20_unknown_data.tar.bz2.extracted-test0547,20,10,1
SUERIE_CLSPL::LSDM_SUERIE_CLSPL_CLSPL_20_unknown_data.tar.bz2.extracted-test0548,20,10,1
SUERIE_CLSPL::LSDM_SUERIE_CLSPL_CLSPL_20_unknown_data.tar.bz2.extracted-test0549,20,10,1
SUERIE_CLSPL::LSDM_SUERIE_CLSPL_CLSPL_20_unknown_data.tar.bz2.extracted-test0550,20,10,1
SUERIE_CLSPL::LSDM_SUERIE_CLSPL_CLSPL_20_unknown_data.tar.bz2.extracted-test0551,20,10,1
SUERIE_CLSPL::LSDM_SUERIE_CLSPL_CLSPL_20_unknown_data.tar.bz2.extracted-test0552,20,10,1
SUERIE_CLSPL::LSDM_SUERIE_CLSPL_CLSPL_20_unknown_data.tar.bz2.extracted-test0553,20,10,1
SUERIE_CLSPL::LSDM_SUERIE_CLSPL_CLSPL_20_unknown_data.tar.bz2.extracted-test0554,20,10,1
SUERIE_CLSPL::LSDM_SUERIE_CLSPL_CLSPL_20_unknown_data.tar.bz2.extracted-test0555,20,10,1
SUERIE_CLSPL::LSDM_SUERIE_CLSPL_CLSPL_20_unknown_data.tar.bz2.extracted-test0556,20,10,1
SUERIE_CLSPL::LSDM_SUERIE_CLSPL_CLSPL_20_unknown_data.tar.bz2.extracted-test0557,20,10,1
SUERIE_CLSPL::LSDM_SUERIE_CLSPL_CLSPL_20_unknown_data.tar.bz2.extracted-test0558,20,10,1
SUERIE_CLSPL::LSDM_SUERIE_CLSPL_CLSPL_20_unknown_data.tar.bz2.extracted-test0559,20,10,1
SUERIE_CLSPL::LSDM_SUERIE_CLSPL_CLSPL_20_unknown_data.tar.bz2.extracted-test0560,20,10,1
SUERIE_CLSPL::LSDM_SUERIE_CLSPL_CLSPL_20_unknown_data.tar.bz2.extracted-test0561,20,10,1
SUERIE_CLSPL::LSDM_SUERIE_CLSPL_CLSPL_20_unknown_data.tar.bz2.extracted-test0562,20,10,1
SUERIE_CLSPL::LSDM_SUERIE_CLSPL_CLSPL_20_unknown_data.tar.bz2.extracted-test0563,20,10,1
SUERIE_CLSPL::LSDM_SUERIE_CLSPL_CLSPL_20_unknown_data.tar.bz2.extracted-test0564,20,10,1
SUERIE_CLSPL::LSDM_SUERIE_CLSPL_CLSPL_20_unknown_data.tar.bz2.extracted-test0565,20,10,1
SUERIE_CLSPL::LSDM_SUERIE_CLSPL_CLSPL_20_unknown_data.tar.bz2.extracted-test0566,20,10,1
SUERIE_CLSPL::LSDM_SUERIE_CLSPL_CLSPL_20_unknown_data.tar.bz2.extracted-test0567,20,10,1
SUERIE_CLSPL::LSDM_SUERIE_CLSPL_CLSPL_20_unknown_data.tar.bz2.extracted-test0568,20,10,1
SUERIE_CLSPL::LSDM_SUERIE_CLSPL_CLSPL_20_unknown_data.tar.bz2.extracted-test0569,20,10,1
SUERIE_CLSPL::LSDM_SUERIE_CLSPL_CLSPL_20_unknown_data.tar.bz2.extracted-test0570,20,10,1
SUERIE_CLSPL::LSDM_SUERIE_CLSPL_CLSPL_20_unknown_data.tar.bz2.extracted-test0571,20,10,1
SUERIE_CLSPL::LSDM_SUERIE_CLSPL_CLSPL_20_unknown_data.tar.bz2.extracted-test0572,20,10,1
SUERIE_CLSPL::LSDM_SUERIE_CLSPL_CLSPL_20_unknown_data.tar.bz2.extracted-test0573,20,10,1
SUERIE_CLSPL::LSDM_SUERIE_CLSPL_CLSPL_20_unknown_data.tar.bz2.extracted-test0574,20,10,1
SUERIE_CLSPL::LSDM_SUERIE_CLSPL_CLSPL_20_unknown_data.tar.bz2.extracted-test0575,20,10,1
SUERIE_CLSPL::LSDM_SUERIE_CLSPL_CLSPL_20_unknown_data.tar.bz2.extracted-test0576,20,10,1
SUERIE_CLSPL::LSDM_SUERIE_CLSPL_CLSPL_20_unknown_data.tar.bz2.extracted-test0577,20,10,1
SUERIE_CLSPL::LSDM_SUERIE_CLSPL_CLSPL_20_unknown_data.tar.bz2.extracted-test0578,20,10,1
SUERIE_CLSPL::LSDM_SUERIE_CLSPL_CLSPL_20_unknown_data.tar.bz2.extracted-test0579,20,10,1
SUERIE_CLSPL::LSDM_SUERIE_CLSPL_CLSPL_20_unknown_data.tar.bz2.extracted-test0580,20,10,1
SUERIE_CLSPL::LSDM_SUERIE_CLSPL_CLSPL_20_unknown_data.tar.bz2.extracted-test0581,20,20,1
SUERIE_CLSPL::LSDM_SUERIE_CLSPL_CLSPL_20_unknown_data.tar.bz2.extracted-test0582,20,20,1
SUERIE_CLSPL::LSDM_SUERIE_CLSPL_CLSPL_20_unknown_data.tar.bz2.extracted-test0583,20,20,1
SUERIE_CLSPL::LSDM_SUERIE_CLSPL_CLSPL_20_unknown_data.tar.bz2.extracted-test0584,20,20,1
SUERIE_CLSPL::LSDM_SUERIE_CLSPL_CLSPL_20_unknown_data.tar.bz2.extracted-test0585,20,20,1
SUERIE_CLSPL::LSDM_SUERIE_CLSPL_CLSPL_20_unknown_data.tar.bz2.extracted-test0586,20,20,1
SUERIE_CLSPL::LSDM_SUERIE_CLSPL_CLSPL_20_unknown_data.tar.bz2.extracted-test0587,20,20,1
SUERIE_CLSPL::LSDM_SUERIE_CLSPL_CLSPL_20_unknown_data.tar.bz2.extracted-test0588,20,20,1
SUERIE_CLSPL::LSDM_SUERIE_CLSPL_CLSPL_20_unknown_data.tar.bz2.extracted-test0589,20,20,1
SUERIE_CLSPL::LSDM_SUERIE_CLSPL_CLSPL_20_unknown_data.tar.bz2.extracted-test0590,20,20,1
SUERIE_CLSPL::LSDM_SUERIE_CLSPL_CLSPL_20_unknown_data.tar.bz2.extracted-test0591,20,20,1
SUERIE_CLSPL::LSDM_SUERIE_CLSPL_CLSPL_20_unknown_data.tar.bz2.extracted-test0592,20,20,1
SUERIE_CLSPL::LSDM_SUERIE_CLSPL_CLSPL_20_unknown_data.tar.bz2.extracted-test0593,20,20,1
SUERIE_CLSPL::LSDM_SUERIE_CLSPL_CLSPL_20_unknown_data.tar.bz2.extracted-test0594,20,20,1
SUERIE_CLSPL::LSDM_SUERIE_CLSPL_CLSPL_20_unknown_data.tar.bz2.extracted-test0595,20,20,1
SUERIE_CLSPL::LSDM_SUERIE_CLSPL_CLSPL_20_unknown_data.tar.bz2.extracted-test0596,20,20,1
SUERIE_CLSPL::LSDM_SUERIE_CLSPL_CLSPL_20_unknown_data.tar.bz2.extracted-test0597,20,20,1
SUERIE_CLSPL::LSDM_SUERIE_CLSPL_CLSPL_20_unknown_data.tar.bz2.extracted-test0598,20,20,1
SUERIE_CLSPL::LSDM_SUERIE_CLSPL_CLSPL_20_unknown_data.tar.bz2.extracted-test0599,20,20,1
SUERIE_CLSPL::LSDM_SUERIE_CLSPL_CLSPL_20_unknown_data.tar.bz2.extracted-test0600,20,20,1
SUERIE_CLSPL::LSDM_SUERIE_CLSPL_CLSPL_20_unknown_data.tar.bz2.extracted-test0601,20,20,1
SUERIE_CLSPL::LSDM_SUERIE_CLSPL_CLSPL_20_unknown_data.tar.bz2.extracted-test0602,20,20,1
SUERIE_CLSPL::LSDM_SUERIE_CLSPL_CLSPL_20_unknown_data.tar.bz2.extracted-test0603,20,20,1
SUERIE_CLSPL::LSDM_SUERIE_CLSPL_CLSPL_20_unknown_data.tar.bz2.extracted-test0604,20,20,1
SUERIE_CLSPL::LSDM_SUERIE_CLSPL_CLSPL_20_unknown_data.tar.bz2.extracted-test0605,20,20,1
SUERIE_CLSPL::LSDM_SUERIE_CLSPL_CLSPL_20_unknown_data.tar.bz2.extracted-test0606,20,20,1
SUERIE_CLSPL::LSDM_SUERIE_CLSPL_CLSPL_20_unknown_data.tar.bz2.extracted-test0607,20,20,1
SUERIE_CLSPL::LSDM_SUERIE_CLSPL_CLSPL_20_unknown_data.tar.bz2.extracted-test0608,20,20,1
SUERIE_CLSPL::LSDM_SUERIE_CLSPL_CLSPL_20_unknown_data.tar.bz2.extracted-test0609,20,20,1
SUERIE_CLSPL::LSDM_SUERIE_CLSPL_CLSPL_20_unknown_data.tar.bz2.extracted-test0610,20,20,1
SUERIE_CLSPL::LSDM_SUERIE_CLSPL_CLSPL_20_unknown_data.tar.bz2.extracted-test0611,20,20,1
SUERIE_CLSPL::LSDM_SUERIE_CLSPL_CLSPL_20_unknown_data.tar.bz2.extracted-test0612,20,20,1
SUERIE_CLSPL::LSDM_SUERIE_CLSPL_CLSPL_20_unknown_data.tar.bz2.extracted-test0613,20,20,1
SUERIE_CLSPL::LSDM_SUERIE_CLSPL_CLSPL_20_unknown_data.tar.bz2.extracted-test0614,20,20,1
SUERIE_CLSPL::LSDM_SUERIE_CLSPL_CLSPL_20_unknown_data.tar.bz2.extracted-test0615,20,20,1
SUERIE_CLSPL::LSDM_SUERIE_CLSPL_CLSPL_20_unknown_data.tar.bz2.extracted-test0616,20,20,1
SUERIE_CLSPL::LSDM_SUERIE_CLSPL_CLSPL_20_unknown_data.tar.bz2.extracted-test0617,20,20,1
SUERIE_CLSPL::LSDM_SUERIE_CLSPL_CLSPL_20_unknown_data.tar.bz2.extracted-test0618,20,20,1
SUERIE_CLSPL::LSDM_SUERIE_CLSPL_CLSPL_20_unknown_data.tar.bz2.extracted-test0619,20,20,1
SUERIE_CLSPL::LSDM_SUERIE_CLSPL_CLSPL_20_unknown_data.tar.bz2.extracted-test0620,20,20,1
SUERIE_CLSPL::LSDM_SUERIE_CLSPL_CLSPL_20_unknown_data.tar.bz2.extracted-test0621,20,20,1
SUERIE_CLSPL::LSDM_SUERIE_CLSPL_CLSPL_20_unknown_data.tar.bz2.extracted-test0622,20,20,1
SUERIE_CLSPL::LSDM_SUERIE_CLSPL_CLSPL_20_unknown_data.tar.bz2.extracted-test0623,20,20,1
SUERIE_CLSPL::LSDM_SUERIE_CLSPL_CLSPL_20_unknown_data.tar.bz2.extracted-test0624,20,20,1
SUERIE_CLSPL::LSDM_SUERIE_CLSPL_CLSPL_20_unknown_data.tar.bz2.extracted-test0625,20,20,1
SUERIE_CLSPL::LSDM_SUERIE_CLSPL_CLSPL_20_unknown_data.tar.bz2.extracted-test0626,20,20,1
SUERIE_CLSPL::LSDM_SUERIE_CLSPL_CLSPL_20_unknown_data.tar.bz2.extracted-test0627,20,20,1
SUERIE_CLSPL::LSDM_SUERIE_CLSPL_CLSPL_20_unknown_data.tar.bz2.extracted-test0628,20,20,1
SUERIE_CLSPL::LSDM_SUERIE_CLSPL_CLSPL_20_unknown_data.tar.bz2.extracted-test0629,20,20,1
SUERIE_CLSPL::LSDM_SUERIE_CLSPL_CLSPL_20_unknown_data.tar.bz2.extracted-test0630,20,20,1
SUERIE_CLSPL::LSDM_SUERIE_CLSPL_CLSPL_20_unknown_data.tar.bz2.extracted-test0631,20,20,1
SUERIE_CLSPL::LSDM_SUERIE_CLSPL_CLSPL_20_unknown_data.tar.bz2.extracted-test0632,20,20,1
SUERIE_CLSPL::LSDM_SUERIE_CLSPL_CLSPL_20_unknown_data.tar.bz2.extracted-test0633,20,20,1
SUERIE_CLSPL::LSDM_SUERIE_CLSPL_CLSPL_20_unknown_data.tar.bz2.extracted-test0634,20,20,1
SUERIE_CLSPL::LSDM_SUERIE_CLSPL_CLSPL_20_unknown_data.tar.bz2.extracted-test0635,20,20,1
SUERIE_CLSPL::LSDM_SUERIE_CLSPL_CLSPL_20_unknown_data.tar.bz2.extracted-test0636,20,20,1
SUERIE_CLSPL::LSDM_SUERIE_CLSPL_CLSPL_20_unknown_data.tar.bz2.extracted-test0637,20,20,1
SUERIE_CLSPL::LSDM_SUERIE_CLSPL_CLSPL_20_unknown_data.tar.bz2.extracted-test0638,20,20,1
SUERIE_CLSPL::LSDM_SUERIE_CLSPL_CLSPL_20_unknown_data.tar.bz2.extracted-test0639,20,20,1
SUERIE_CLSPL::LSDM_SUERIE_CLSPL_CLSPL_20_unknown_data.tar.bz2.extracted-test0640,20,20,1
SUERIE_CLSPL::LSDM_SUERIE_CLSPL_CLSPL_20_unknown_data.tar.bz2.extracted-test0641,20,20,1
SUERIE_CLSPL::LSDM_SUERIE_CLSPL_CLSPL_20_unknown_data.tar.bz2.extracted-test0642,20,20,1
SUERIE_CLSPL::LSDM_SUERIE_CLSPL_CLSPL_20_unknown_data.tar.bz2.extracted-test0643,20,20,1
SUERIE_CLSPL::LSDM_SUERIE_CLSPL_CLSPL_20_unknown_data.tar.bz2.extracted-test0644,20,20,1
SUERIE_CLSPL::LSDM_SUERIE_CLSPL_CLSPL_20_unknown_data.tar.bz2.extracted-test0645,20,20,1
SUERIE_CLSPL::LSDM_SUERIE_CLSPL_CLSPL_20_unknown_data.tar.bz2.extracted-test0646,20,20,1
SUERIE_CLSPL::LSDM_SUERIE_CLSPL_CLSPL_20_unknown_data.tar.bz2.extracted-test0647,20,20,1
SUERIE_CLSPL::LSDM_SUERIE_CLSPL_CLSPL_20_unknown_data.tar.bz2.extracted-test0648,20,20,1
SUERIE_CLSPL::LSDM_SUERIE_CLSPL_CLSPL_20_unknown_data.tar.bz2.extracted-test0649,20,20,1
SUERIE_CLSPL::LSDM_SUERIE_CLSPL_CLSPL_20_unknown_data.tar.bz2.extracted-test0650,20,20,1
SUERIE_CLSPL::LSDM_SUERIE_CLSPL_CLSPL_20_unknown_data.tar.bz2.extracted-test0651,20,20,1
SUERIE_CLSPL::LSDM_SUERIE_CLSPL_CLSPL_20_unknown_data.tar.bz2.extracted-test0652,20,20,1
SUERIE_CLSPL::LSDM_SUERIE_CLSPL_CLSPL_20_unknown_data.tar.bz2.extracted-test0653,20,20,1
SUERIE_CLSPL::LSDM_SUERIE_CLSPL_CLSPL_20_unknown_data.tar.bz2.extracted-test0654,20,20,1
SUERIE_CLSPL::LSDM_SUERIE_CLSPL_CLSPL_20_unknown_data.tar.bz2.extracted-test0655,20,20,1
SUERIE_CLSPL::LSDM_SUERIE_CLSPL_CLSPL_20_unknown_data.tar.bz2.extracted-test0656,20,20,1
SUERIE_CLSPL::LSDM_SUERIE_CLSPL_CLSPL_20_unknown_data.tar.bz2.extracted-test0657,20,20,1
SUERIE_CLSPL::LSDM_SUERIE_CLSPL_CLSPL_20_unknown_data.tar.bz2.extracted-test0658,20,20,1
SUERIE_CLSPL::LSDM_SUERIE_CLSPL_CLSPL_20_unknown_data.tar.bz2.extracted-test0659,20,20,1
SUERIE_CLSPL::LSDM_SUERIE_CLSPL_CLSPL_20_unknown_data.tar.bz2.extracted-test0660,20,20,1
SUERIE_CLSPL::LSDM_SUERIE_CLSPL_CLSPL_20_unknown_data.tar.bz2.extracted-test0661,20,20,1
SUERIE_CLSPL::LSDM_SUERIE_CLSPL_CLSPL_20_unknown_data.tar.bz2.extracted-test0662,20,20,1
SUERIE_CLSPL::LSDM_SUERIE_CLSPL_CLSPL_20_unknown_data.tar.bz2.extracted-test0663,20,20,1
SUERIE_CLSPL::LSDM_SUERIE_CLSPL_CLSPL_20_unknown_data.tar.bz2.extracted-test0664,20,20,1
SUERIE_CLSPL::LSDM_SUERIE_CLSPL_CLSPL_20_unknown_data.tar.bz2.extracted-test0665,20,20,1
SUERIE_CLSPL::LSDM_SUERIE_CLSPL_CLSPL_20_unknown_data.tar.bz2.extracted-test0666,20,20,1
SUERIE_CLSPL::LSDM_SUERIE_CLSPL_CLSPL_20_unknown_data.tar.bz2.extracted-test0667,20,20,1
SUERIE_CLSPL::LSDM_SUERIE_CLSPL_CLSPL_20_unknown_data.tar.bz2.extracted-test0668,20,20,1
SUERIE_CLSPL::LSDM_SUERIE_CLSPL_CLSPL_20_unknown_data.tar.bz2.extracted-test0669,20,20,1
SUERIE_CLSPL::LSDM_SUERIE_CLSPL_CLSPL_20_unknown_data.tar.bz2.extracted-test0670,20,20,1
SUERIE_CLSPL::LSDM_SUERIE_CLSPL_CLSPL_20_unknown_data.tar.bz2.extracted-test0671,20,20,1
SUERIE_CLSPL::LSDM_SUERIE_CLSPL_CLSPL_20_unknown_data.tar.bz2.extracted-test0672,20,20,1
SUERIE_CLSPL::LSDM_SUERIE_CLSPL_CLSPL_20_unknown_data.tar.bz2.extracted-test0673,20,20,1
SUERIE_CLSPL::LSDM_SUERIE_CLSPL_CLSPL_20_unknown_data.tar.bz2.extracted-test0674,20,20,1
SUERIE_CLSPL::LSDM_SUERIE_CLSPL_CLSPL_20_unknown_data.tar.bz2.extracted-test0675,20,20,1
SUERIE_CLSPL::LSDM_SUERIE_CLSPL_CLSPL_20_unknown_data.tar.bz2.extracted-test0676,20,20,1
SUERIE_CLSPL::LSDM_SUERIE_CLSPL_CLSPL_20_unknown_data.tar.bz2.extracted-test0677,20,20,1
SUERIE_CLSPL::LSDM_SUERIE_CLSPL_CLSPL_20_unknown_data.tar.bz2.extracted-test0678,20,20,1
SUERIE_CLSPL::LSDM_SUERIE_CLSPL_CLSPL_20_unknown_data.tar.bz2.extracted-test0679,20,20,1
SUERIE_CLSPL::LSDM_SUERIE_CLSPL_CLSPL_20_unknown_data.tar.bz2.extracted-test0680,20,20,1
SUERIE_CLSPL::LSDM_SUERIE_CLSPL_CLSPL_20_unknown_data.tar.bz2.extracted-test0681,20,20,1
SUERIE_CLSPL::LSDM_SUERIE_CLSPL_CLSPL_20_unknown_data.tar.bz2.extracted-test0682,20,20,1
SUERIE_CLSPL::LSDM_SUERIE_CLSPL_CLSPL_20_unknown_data.tar.bz2.extracted-test0683,20,20,1
SUERIE_CLSPL::LSDM_SUERIE_CLSPL_CLSPL_20_unknown_data.tar.bz2.extracted-test0684,20,20,1
SUERIE_CLSPL::LSDM_SUERIE_CLSPL_CLSPL_20_unknown_data.tar.bz2.extracted-test0685,20,20,1
SUERIE_CLSPL::LSDM_SUERIE_CLSPL_CLSPL_20_unknown_data.tar.bz2.extracted-test0686,20,20,1
SUERIE_CLSPL::LSDM_SUERIE_CLSPL_CLSPL_20_unknown_data.tar.bz2.extracted-test0687,20,20,1
SUERIE_CLSPL::LSDM_SUERIE_CLSPL_CLSPL_20_unknown_data.tar.bz2.extracted-test0688,20,20,1
SUERIE_CLSPL::LSDM_SUERIE_CLSPL_CLSPL_20_unknown_data.tar.bz2.extracted-test0689,20,20,1
SUERIE_CLSPL::LSDM_SUERIE_CLSPL_CLSPL_20_unknown_data.tar.bz2.extracted-test0690,20,20,1
SUERIE_CLSPL::LSDM_SUERIE_CLSPL_CLSPL_20_unknown_data.tar.bz2.extracted-test0691,20,20,1
SUERIE_CLSPL::LSDM_SUERIE_CLSPL_CLSPL_20_unknown_data.tar.bz2.extracted-test0692,20,20,1
SUERIE_CLSPL::LSDM_SUERIE_CLSPL_CLSPL_20_unknown_data.tar.bz2.extracted-test0693,20,20,1
SUERIE_CLSPL::LSDM_SUERIE_CLSPL_CLSPL_20_unknown_data.tar.bz2.extracted-test0694,20,20,1
SUERIE_CLSPL::LSDM_SUERIE_CLSPL_CLSPL_20_unknown_data.tar.bz2.extracted-test0695,20,20,1
SUERIE_CLSPL::LSDM_SUERIE_CLSPL_CLSPL_20_unknown_data.tar.bz2.extracted-test0696,20,20,1
SUERIE_CLSPL::LSDM_SUERIE_CLSPL_CLSPL_20_unknown_data.tar.bz2.extracted-test0697,20,20,1
SUERIE_CLSPL::LSDM_SUERIE_CLSPL_CLSPL_20_unknown_data.tar.bz2.extracted-test0698,20,20,1
SUERIE_CLSPL::LSDM_SUERIE_CLSPL_CLSPL_20_unknown_data.tar.bz2.extracted-test0699,20,20,1
SUERIE_CLSPL::LSDM_SUERIE_CLSPL_CLSPL_20_unknown_data.tar.bz2.extracted-test0700,20,20,1
SUERIE_CLSPL::LSDM_SUERIE_CLSPL_CLSPL_20_unknown_data.tar.bz2.extracted-test0701,20,20,1
SUERIE_CLSPL::LSDM_SUERIE_CLSPL_CLSPL_20_unknown_data.tar.bz2.extracted-test0702,20,20,1
SUERIE_CLSPL::LSDM_SUERIE_CLSPL_CLSPL_20_unknown_data.tar.bz2.extracted-test0703,20,20,1
SUERIE_CLSPL::LSDM_SUERIE_CLSPL_CLSPL_20_unknown_data.tar.bz2.extracted-test0704,20,20,1
SUERIE_CLSPL::LSDM_SUERIE_CLSPL_CLSPL_20_unknown_data.tar.bz2.extracted-test0705,20,20,1
SUERIE_CLSPL::LSDM_SUERIE_CLSPL_CLSPL_20_unknown_data.tar.bz2.extracted-test0706,20,20,1
SUERIE_CLSPL::LSDM_SUERIE_CLSPL_CLSPL_20_unknown_data.tar.bz2.extracted-test0707,20,20,1
SUERIE_CLSPL::LSDM_SUERIE_CLSPL_CLSPL_20_unknown_data.tar.bz2.extracted-test0708,20,20,1
SUERIE_CLSPL::LSDM_SUERIE_CLSPL_CLSPL_20_unknown_data.tar.bz2.extracted-test0709,20,20,1
SUERIE_CLSPL::LSDM_SUERIE_CLSPL_CLSPL_20_unknown_data.tar.bz2.extracted-test0710,20,20,1
SUERIE_CLSPL::LSDM_SUERIE_CLSPL_CLSPL_20_unknown_data.tar.bz2.extracted-test0711,20,20,1
SUERIE_CLSPL::LSDM_SUERIE_CLSPL_CLSPL_20_unknown_data.tar.bz2.extracted-test0712,20,20,1
SUERIE_CLSPL::LSDM_SUERIE_CLSPL_CLSPL_20_unknown_data.tar.bz2.extracted-test0713,20,20,1
SUERIE_CLSPL::LSDM_SUERIE_CLSPL_CLSPL_20_unknown_data.tar.bz2.extracted-test0714,20,20,1
SUERIE_CLSPL::LSDM_SUERIE_CLSPL_CLSPL_20_unknown_data.tar.bz2.extracted-test0715,20,20,1
SUERIE_CLSPL::LSDM_SUERIE_CLSPL_CLSPL_20_unknown_data.tar.bz2.extracted-test0716,20,20,1
SUERIE_CLSPL::LSDM_SUERIE_CLSPL_CLSPL_20_unknown_data.tar.bz2.extracted-test0717,20,20,1
SUERIE_CLSPL::LSDM_SUERIE_CLSPL_CLSPL_20_unknown_data.tar.bz2.extracted-test0718,20,20,1
SUERIE_CLSPL::LSDM_SUERIE_CLSPL_CLSPL_20_unknown_data.tar.bz2.extracted-test0719,20,20,1
SUERIE_CLSPL::LSDM_SUERIE_CLSPL_CLSPL_20_unknown_data.tar.bz2.extracted-test0720,20,20,1
SUERIE_CLSPL::LSDM_SUERIE_CLSPL_CLSPL_20_unknown_data.tar.bz2.extracted-test0721,20,20,1
SUERIE_CLSPL::LSDM_SUERIE_CLSPL_CLSPL_20_unknown_data.tar.bz2.extracted-test0722,20,20,1
SUERIE_CLSPL::LSDM_SUERIE_CLSPL_CLSPL_20_unknown_data.tar.bz2.extracted-test0723,20,20,1
SUERIE_CLSPL::LSDM_SUERIE_CLSPL_CLSPL_20_unknown_data.tar.bz2.extracted-test0724,20,20,1
SUERIE_CLSPL::LSDM_SUERIE_CLSPL_CLSPL_20_unknown_data.tar.bz2.extracted-test0725,20,20,1
SUERIE_CLSPL::LSDM_SUERIE_CLSPL_CLSPL_20_unknown_data.tar.bz2.extracted-test0726,20,20,1
SUERIE_CLSPL::LSDM_SUERIE_CLSPL_CLSPL_20_unknown_data.tar.bz2.extracted-test0727,20,20,1
SUERIE_CLSPL::LSDM_SUERIE_CLSPL_CLSPL_20_unknown_data.tar.bz2.extracted-test0728,20,20,1
SUERIE_CLSPL::LSDM_SUERIE_CLSPL_CLSPL_20_unknown_data.tar.bz2.extracted-test0729,20,20,1
SUERIE_CLSPL::LSDM_SUERIE_CLSPL_CLSPL_20_unknown_data.tar.bz2.extracted-test0730,20,20,1
SUERIE_CLSPL::LSDM_SUERIE_CLSPL_CLSPL_20_unknown_data.tar.bz2.extracted-test0731,20,20,1
SUERIE_CLSPL::LSDM_SUERIE_CLSPL_CLSPL_20_unknown_data.tar.bz2.extracted-test0732,20,20,1
SUERIE_CLSPL::LSDM_SUERIE_CLSPL_CLSPL_20_unknown_data.tar.bz2.extracted-test0733,20,20,1
SUERIE_CLSPL::LSDM_SUERIE_CLSPL_CLSPL_20_unknown_data.tar.bz2.extracted-test0734,20,20,1
SUERIE_CLSPL::LSDM_SUERIE_CLSPL_CLSPL_20_unknown_data.tar.bz2.extracted-test0735,20,20,1
SUERIE_CLSPL::LSDM_SUERIE_CLSPL_CLSPL_20_unknown_data.tar.bz2.extracted-test0736,20,20,1
SUERIE_CLSPL::LSDM_SUERIE_CLSPL_CLSPL_20_unknown_data.tar.bz2.extracted-test0737,20,20,1
SUERIE_CLSPL::LSDM_SUERIE_CLSPL_CLSPL_20_unknown_data.tar.bz2.extracted-test0738,20,20,1
SUERIE_CLSPL::LSDM_SUERIE_CLSPL_CLSPL_20_unknown_data.tar.bz2.extracted-test0739,20,20,1
SUERIE_CLSPL::LSDM_SUERIE_CLSPL_CLSPL_20_unknown_data.tar.bz2.extracted-test0740,20,20,1
SUERIE_CLSPL::LSDM_SUERIE_CLSPL_CLSPL_20_unknown_data.tar.bz2.extracted-test0741,20,20,1
SUERIE_CLSPL::LSDM_SUERIE_CLSPL_CLSPL_20_unknown_data.tar.bz2.extracted-test0742,20,20,1
SUERIE_CLSPL::LSDM_SUERIE_CLSPL_CLSPL_20_unknown_data.tar.bz2.extracted-test0743,20,20,1
SUERIE_CLSPL::LSDM_SUERIE_CLSPL_CLSPL_20_unknown_data.tar.bz2.extracted-test0744,20,20,1
SUERIE_CLSPL::LSDM_SUERIE_CLSPL_CLSPL_20_unknown_data.tar.bz2.extracted-test0745,20,20,1
SUERIE_CLSPL::LSDM_SUERIE_CLSPL_CLSPL_20_unknown_data.tar.bz2.extracted-test0746,20,20,1
SUERIE_CLSPL::LSDM_SUERIE_CLSPL_CLSPL_20_unknown_data.tar.bz2.extracted-test0747,20,20,1
SUERIE_CLSPL::LSDM_SUERIE_CLSPL_CLSPL_20_unknown_data.tar.bz2.extracted-test0748,20,20,1
SUERIE_CLSPL::LSDM_SUERIE_CLSPL_CLSPL_20_unknown_data.tar.bz2.extracted-test0749,20,20,1
SUERIE_CLSPL::LSDM_SUERIE_CLSPL_CLSPL_20_unknown_data.tar.bz2.extracted-test0750,20,20,1
SUERIE_CLSPL::LSDM_SUERIE_CLSPL_CLSPL_20_unknown_data.tar.bz2.extracted-test0751,20,20,1
SUERIE_CLSPL::LSDM_SUERIE_CLSPL_CLSPL_20_unknown_data.tar.bz2.extracted-test0752,20,20,1
SUERIE_CLSPL::LSDM_SUERIE_CLSPL_CLSPL_20_unknown_data.tar.bz2.extracted-test0753,20,20,1
SUERIE_CLSPL::LSDM_SUERIE_CLSPL_CLSPL_20_unknown_data.tar.bz2.extracted-test0754,20,20,1
SUERIE_CLSPL::LSDM_SUERIE_CLSPL_CLSPL_20_unknown_data.tar.bz2.extracted-test0755,20,20,1
SUERIE_CLSPL::LSDM_SUERIE_CLSPL_CLSPL_20_unknown_data.tar.bz2.extracted-test0756,20,20,1
SUERIE_CLSPL::LSDM_SUERIE_CLSPL_CLSPL_20_unknown_data.tar.bz2.extracted-test0757,20,20,1
SUERIE_CLSPL::LSDM_SUERIE_CLSPL_CLSPL_20_unknown_data.tar.bz2.extracted-test0758,20,20,1
SUERIE_CLSPL::LSDM_SUERIE_CLSPL_CLSPL_20_unknown_data.tar.bz2.extracted-test0759,20,20,1
SUERIE_CLSPL::LSDM_SUERIE_CLSPL_CLSPL_20_unknown_data.tar.bz2.extracted-test0760,20,20,1
SUERIE_CLSPL::LSDM_SUERIE_CLSPL_CLSPL_20_unknown_data.tar.bz2.extracted-test0761,20,30,1
SUERIE_CLSPL::LSDM_SUERIE_CLSPL_CLSPL_20_unknown_data.tar.bz2.extracted-test0762,20,30,1
SUERIE_CLSPL::LSDM_SUERIE_CLSPL_CLSPL_20_unknown_data.tar.bz2.extracted-test0763,20,30,1
SUERIE_CLSPL::LSDM_SUERIE_CLSPL_CLSPL_20_unknown_data.tar.bz2.extracted-test0764,20,30,1
SUERIE_CLSPL::LSDM_SUERIE_CLSPL_CLSPL_20_unknown_data.tar.bz2.extracted-test0765,20,30,1
SUERIE_CLSPL::LSDM_SUERIE_CLSPL_CLSPL_20_unknown_data.tar.bz2.extracted-test0766,20,30,1
SUERIE_CLSPL::LSDM_SUERIE_CLSPL_CLSPL_20_unknown_data.tar.bz2.extracted-test0767,20,30,1
SUERIE_CLSPL::LSDM_SUERIE_CLSPL_CLSPL_20_unknown_data.tar.bz2.extracted-test0768,20,30,1
SUERIE_CLSPL::LSDM_SUERIE_CLSPL_CLSPL_20_unknown_data.tar.bz2.extracted-test0769,20,30,1
SUERIE_CLSPL::LSDM_SUERIE_CLSPL_CLSPL_20_unknown_data.tar.bz2.extracted-test0770,20,30,1
SUERIE_CLSPL::LSDM_SUERIE_CLSPL_CLSPL_20_unknown_data.tar.bz2.extracted-test0771,20,30,1
SUERIE_CLSPL::LSDM_SUERIE_CLSPL_CLSPL_20_unknown_data.tar.bz2.extracted-test0772,20,30,1
SUERIE_CLSPL::LSDM_SUERIE_CLSPL_CLSPL_20_unknown_data.tar.bz2.extracted-test0773,20,30,1
SUERIE_CLSPL::LSDM_SUERIE_CLSPL_CLSPL_20_unknown_data.tar.bz2.extracted-test0774,20,30,1
SUERIE_CLSPL::LSDM_SUERIE_CLSPL_CLSPL_20_unknown_data.tar.bz2.extracted-test0775,20,30,1
SUERIE_CLSPL::LSDM_SUERIE_CLSPL_CLSPL_20_unknown_data.tar.bz2.extracted-test0776,20,30,1
SUERIE_CLSPL::LSDM_SUERIE_CLSPL_CLSPL_20_unknown_data.tar.bz2.extracted-test0777,20,30,1
SUERIE_CLSPL::LSDM_SUERIE_CLSPL_CLSPL_20_unknown_data.tar.bz2.extracted-test0778,20,30,1
SUERIE_CLSPL::LSDM_SUERIE_CLSPL_CLSPL_20_unknown_data.tar.bz2.extracted-test0779,20,30,1
SUERIE_CLSPL::LSDM_SUERIE_CLSPL_CLSPL_20_unknown_data.tar.bz2.extracted-test0780,20,30,1
SUERIE_CLSPL::LSDM_SUERIE_CLSPL_CLSPL_20_unknown_data.tar.bz2.extracted-test0781,20,30,1
SUERIE_CLSPL::LSDM_SUERIE_CLSPL_CLSPL_20_unknown_data.tar.bz2.extracted-test0782,20,30,1
SUERIE_CLSPL::LSDM_SUERIE_CLSPL_CLSPL_20_unknown_data.tar.bz2.extracted-test0783,20,30,1
SUERIE_CLSPL::LSDM_SUERIE_CLSPL_CLSPL_20_unknown_data.tar.bz2.extracted-test0784,20,30,1
SUERIE_CLSPL::LSDM_SUERIE_CLSPL_CLSPL_20_unknown_data.tar.bz2.extracted-test0785,20,30,1
SUERIE_CLSPL::LSDM_SUERIE_CLSPL_CLSPL_20_unknown_data.tar.bz2.extracted-test0786,20,30,1
SUERIE_CLSPL::LSDM_SUERIE_CLSPL_CLSPL_20_unknown_data.tar.bz2.extracted-test0787,20,30,1
SUERIE_CLSPL::LSDM_SUERIE_CLSPL_CLSPL_20_unknown_data.tar.bz2.extracted-test0788,20,30,1
SUERIE_CLSPL::LSDM_SUERIE_CLSPL_CLSPL_20_unknown_data.tar.bz2.extracted-test0789,20,30,1
SUERIE_CLSPL::LSDM_SUERIE_CLSPL_CLSPL_20_unknown_data.tar.bz2.extracted-test0790,20,30,1
SUERIE_CLSPL::LSDM_SUERIE_CLSPL_CLSPL_20_unknown_data.tar.bz2.extracted-test0791,20,30,1
SUERIE_CLSPL::LSDM_SUERIE_CLSPL_CLSPL_20_unknown_data.tar.bz2.extracted-test0792,20,30,1
SUERIE_CLSPL::LSDM_SUERIE_CLSPL_CLSPL_20_unknown_data.tar.bz2.extracted-test0793,20,30,1
SUERIE_CLSPL::LSDM_SUERIE_CLSPL_CLSPL_20_unknown_data.tar.bz2.extracted-test0794,20,30,1
SUERIE_CLSPL::LSDM_SUERIE_CLSPL_CLSPL_20_unknown_data.tar.bz2.extracted-test0795,20,30,1
SUERIE_CLSPL::LSDM_SUERIE_CLSPL_CLSPL_20_unknown_data.tar.bz2.extracted-test0796,20,30,1
SUERIE_CLSPL::LSDM_SUERIE_CLSPL_CLSPL_20_unknown_data.tar.bz2.extracted-test0797,20,30,1
SUERIE_CLSPL::LSDM_SUERIE_CLSPL_CLSPL_20_unknown_data.tar.bz2.extracted-test0798,20,30,1
SUERIE_CLSPL::LSDM_SUERIE_CLSPL_CLSPL_20_unknown_data.tar.bz2.extracted-test0799,20,30,1
SUERIE_CLSPL::LSDM_SUERIE_CLSPL_CLSPL_20_unknown_data.tar.bz2.extracted-test0800,20,30,1
SUERIE_CLSPL::LSDM_SUERIE_CLSPL_CLSPL_20_unknown_data.tar.bz2.extracted-test0801,20,30,1
SUERIE_CLSPL::LSDM_SUERIE_CLSPL_CLSPL_20_unknown_data.tar.bz2.extracted-test0802,20,30,1
SUERIE_CLSPL::LSDM_SUERIE_CLSPL_CLSPL_20_unknown_data.tar.bz2.extracted-test0803,20,30,1
SUERIE_CLSPL::LSDM_SUERIE_CLSPL_CLSPL_20_unknown_data.tar.bz2.extracted-test0804,20,30,1
SUERIE_CLSPL::LSDM_SUERIE_CLSPL_CLSPL_20_unknown_data.tar.bz2.extracted-test0805,20,30,1
SUERIE_CLSPL::LSDM_SUERIE_CLSPL_CLSPL_20_unknown_data.tar.bz2.extracted-test0806,20,30,1
SUERIE_CLSPL::LSDM_SUERIE_CLSPL_CLSPL_20_unknown_data.tar.bz2.extracted-test0807,20,30,1
SUERIE_CLSPL::LSDM_SUERIE_CLSPL_CLSPL_20_unknown_data.tar.bz2.extracted-test0808,20,30,1
SUERIE_CLSPL::LSDM_SUERIE_CLSPL_CLSPL_20_unknown_data.tar.bz2.extracted-test0809,20,30,1
SUERIE_CLSPL::LSDM_SUERIE_CLSPL_CLSPL_20_unknown_data.tar.bz2.extracted-test0810,20,30,1
SUERIE_CLSPL::LSDM_SUERIE_CLSPL_CLSPL_20_unknown_data.tar.bz2.extracted-test0811,20,30,1
SUERIE_CLSPL::LSDM_SUERIE_CLSPL_CLSPL_20_unknown_data.tar.bz2.extracted-test0812,20,30,1
SUERIE_CLSPL::LSDM_SUERIE_CLSPL_CLSPL_20_unknown_data.tar.bz2.extracted-test0813,20,30,1
SUERIE_CLSPL::LSDM_SUERIE_CLSPL_CLSPL_20_unknown_data.tar.bz2.extracted-test0814,20,30,1
SUERIE_CLSPL::LSDM_SUERIE_CLSPL_CLSPL_20_unknown_data.tar.bz2.extracted-test0815,20,30,1
SUERIE_CLSPL::LSDM_SUERIE_CLSPL_CLSPL_20_unknown_data.tar.bz2.extracted-test0816,20,30,1
SUERIE_CLSPL::LSDM_SUERIE_CLSPL_CLSPL_20_unknown_data.tar.bz2.extracted-test0817,20,30,1
SUERIE_CLSPL::LSDM_SUERIE_CLSPL_CLSPL_20_unknown_data.tar.bz2.extracted-test0818,20,30,1
SUERIE_CLSPL::LSDM_SUERIE_CLSPL_CLSPL_20_unknown_data.tar.bz2.extracted-test0819,20,30,1
SUERIE_CLSPL::LSDM_SUERIE_CLSPL_CLSPL_20_unknown_data.tar.bz2.extracted-test0820,20,30,1
SUERIE_CLSPL::LSDM_SUERIE_CLSPL_CLSPL_20_unknown_data.tar.bz2.extracted-test0821,20,30,1
SUERIE_CLSPL::LSDM_SUERIE_CLSPL_CLSPL_20_unknown_data.tar.bz2.extracted-test0822,20,30,1
SUERIE_CLSPL::LSDM_SUERIE_CLSPL_CLSPL_20_unknown_data.tar.bz2.extracted-test0823,20,30,1
SUERIE_CLSPL::LSDM_SUERIE_CLSPL_CLSPL_20_unknown_data.tar.bz2.extracted-test0824,20,30,1
SUERIE_CLSPL::LSDM_SUERIE_CLSPL_CLSPL_20_unknown_data.tar.bz2.extracted-test0825,20,30,1
SUERIE_CLSPL::LSDM_SUERIE_CLSPL_CLSPL_20_unknown_data.tar.bz2.extracted-test0826,20,30,1
SUERIE_CLSPL::LSDM_SUERIE_CLSPL_CLSPL_20_unknown_data.tar.bz2.extracted-test0827,20,30,1
SUERIE_CLSPL::LSDM_SUERIE_CLSPL_CLSPL_20_unknown_data.tar.bz2.extracted-test0828,20,30,1
SUERIE_CLSPL::LSDM_SUERIE_CLSPL_CLSPL_20_unknown_data.tar.bz2.extracted-test0829,20,30,1
SUERIE_CLSPL::LSDM_SUERIE_CLSPL_CLSPL_20_unknown_data.tar.bz2.extracted-test0830,20,30,1
SUERIE_CLSPL::LSDM_SUERIE_CLSPL_CLSPL_20_unknown_data.tar.bz2.extracted-test0831,20,30,1
SUERIE_CLSPL::LSDM_SUERIE_CLSPL_CLSPL_20_unknown_data.tar.bz2.extracted-test0832,20,30,1
SUERIE_CLSPL::LSDM_SUERIE_CLSPL_CLSPL_20_unknown_data.tar.bz2.extracted-test0833,20,30,1
SUERIE_CLSPL::LSDM_SUERIE_CLSPL_CLSPL_20_unknown_data.tar.bz2.extracted-test0834,20,30,1
SUERIE_CLSPL::LSDM_SUERIE_CLSPL_CLSPL_20_unknown_data.tar.bz2.extracted-test0835,20,30,1
SUERIE_CLSPL::LSDM_SUERIE_CLSPL_CLSPL_20_unknown_data.tar.bz2.extracted-test0836,20,30,1
SUERIE_CLSPL::LSDM_SUERIE_CLSPL_CLSPL_20_unknown_data.tar.bz2.extracted-test0837,20,30,1
SUERIE_CLSPL::LSDM_SUERIE_CLSPL_CLSPL_20_unknown_data.tar.bz2.extracted-test0838,20,30,1
SUERIE_CLSPL::LSDM_SUERIE_CLSPL_CLSPL_20_unknown_data.tar.bz2.extracted-test0839,20,30,1
SUERIE_CLSPL::LSDM_SUERIE_CLSPL_CLSPL_20_unknown_data.tar.bz2.extracted-test0840,20,30,1
SUERIE_CLSPL::LSDM_SUERIE_CLSPL_CLSPL_20_unknown_data.tar.bz2.extracted-test0841,20,30,1
SUERIE_CLSPL::LSDM_SUERIE_CLSPL_CLSPL_20_unknown_data.tar.bz2.extracted-test0842,20,30,1
SUERIE_CLSPL::LSDM_SUERIE_CLSPL_CLSPL_20_unknown_data.tar.bz2.extracted-test0843,20,30,1
SUERIE_CLSPL::LSDM_SUERIE_CLSPL_CLSPL_20_unknown_data.tar.bz2.extracted-test0844,20,30,1
SUERIE_CLSPL::LSDM_SUERIE_CLSPL_CLSPL_20_unknown_data.tar.bz2.extracted-test0845,20,30,1
SUERIE_CLSPL::LSDM_SUERIE_CLSPL_CLSPL_20_unknown_data.tar.bz2.extracted-test0846,20,30,1
SUERIE_CLSPL::LSDM_SUERIE_CLSPL_CLSPL_20_unknown_data.tar.bz2.extracted-test0847,20,30,1
SUERIE_CLSPL::LSDM_SUERIE_CLSPL_CLSPL_20_unknown_data.tar.bz2.extracted-test0848,20,30,1
SUERIE_CLSPL::LSDM_SUERIE_CLSPL_CLSPL_20_unknown_data.tar.bz2.extracted-test0849,20,30,1
SUERIE_CLSPL::LSDM_SUERIE_CLSPL_CLSPL_20_unknown_data.tar.bz2.extracted-test0850,20,30,1
SUERIE_CLSPL::LSDM_SUERIE_CLSPL_CLSPL_20_unknown_data.tar.bz2.extracted-test0851,20,30,1
SUERIE_CLSPL::LSDM_SUERIE_CLSPL_CLSPL_20_unknown_data.tar.bz2.extracted-test0852,20,30,1
SUERIE_CLSPL::LSDM_SUERIE_CLSPL_CLSPL_20_unknown_data.tar.bz2.extracted-test0853,20,30,1
SUERIE_CLSPL::LSDM_SUERIE_CLSPL_CLSPL_20_unknown_data.tar.bz2.extracted-test0854,20,30,1
SUERIE_CLSPL::LSDM_SUERIE_CLSPL_CLSPL_20_unknown_data.tar.bz2.extracted-test0855,20,30,1
SUERIE_CLSPL::LSDM_SUERIE_CLSPL_CLSPL_20_unknown_data.tar.bz2.extracted-test0856,20,30,1
SUERIE_CLSPL::LSDM_SUERIE_CLSPL_CLSPL_20_unknown_data.tar.bz2.extracted-test0857,20,30,1
SUERIE_CLSPL::LSDM_SUERIE_CLSPL_CLSPL_20_unknown_data.tar.bz2.extracted-test0858,20,30,1
SUERIE_CLSPL::LSDM_SUERIE_CLSPL_CLSPL_20_unknown_data.tar.bz2.extracted-test0859,20,30,1
SUERIE_CLSPL::LSDM_SUERIE_CLSPL_CLSPL_20_unknown_data.tar.bz2.extracted-test0860,20,30,1
SUERIE_CLSPL::LSDM_SUERIE_CLSPL_CLSPL_20_unknown_data.tar.bz2.extracted-test0861,20,30,1
SUERIE_CLSPL::LSDM_SUERIE_CLSPL_CLSPL_20_unknown_data.tar.bz2.extracted-test0862,20,30,1
SUERIE_CLSPL::LSDM_SUERIE_CLSPL_CLSPL_20_unknown_data.tar.bz2.extracted-test0863,20,30,1
SUERIE_CLSPL::LSDM_SUERIE_CLSPL_CLSPL_20_unknown_data.tar.bz2.extracted-test0864,20,30,1
SUERIE_CLSPL::LSDM_SUERIE_CLSPL_CLSPL_20_unknown_data.tar.bz2.extracted-test0865,20,30,1
SUERIE_CLSPL::LSDM_SUERIE_CLSPL_CLSPL_20_unknown_data.tar.bz2.extracted-test0866,20,30,1
SUERIE_CLSPL::LSDM_SUERIE_CLSPL_CLSPL_20_unknown_data.tar.bz2.extracted-test0867,20,30,1
SUERIE_CLSPL::LSDM_SUERIE_CLSPL_CLSPL_20_unknown_data.tar.bz2.extracted-test0868,20,30,1
SUERIE_CLSPL::LSDM_SUERIE_CLSPL_CLSPL_20_unknown_data.tar.bz2.extracted-test0869,20,30,1
SUERIE_CLSPL::LSDM_SUERIE_CLSPL_CLSPL_20_unknown_data.tar.bz2.extracted-test0870,20,30,1
SUERIE_CLSPL::LSDM_SUERIE_CLSPL_CLSPL_20_unknown_data.tar.bz2.extracted-test0871,20,30,1
SUERIE_CLSPL::LSDM_SUERIE_CLSPL_CLSPL_20_unknown_data.tar.bz2.extracted-test0872,20,30,1
SUERIE_CLSPL::LSDM_SUERIE_CLSPL_CLSPL_20_unknown_data.tar.bz2.extracted-test0873,20,30,1
SUERIE_CLSPL::LSDM_SUERIE_CLSPL_CLSPL_20_unknown_data.tar.bz2.extracted-test0874,20,30,1
SUERIE_CLSPL::LSDM_SUERIE_CLSPL_CLSPL_20_unknown_data.tar.bz2.extracted-test0875,20,30,1
SUERIE_CLSPL::LSDM_SUERIE_CLSPL_CLSPL_20_unknown_data.tar.bz2.extracted-test0876,20,30,1
SUERIE_CLSPL::LSDM_SUERIE_CLSPL_CLSPL_20_unknown_data.tar.bz2.extracted-test0877,20,30,1
SUERIE_CLSPL::LSDM_SUERIE_CLSPL_CLSPL_20_unknown_data.tar.bz2.extracted-test0878,20,30,1
SUERIE_CLSPL::LSDM_SUERIE_CLSPL_CLSPL_20_unknown_data.tar.bz2.extracted-test0879,20,30,1
SUERIE_CLSPL::LSDM_SUERIE_CLSPL_CLSPL_20_unknown_data.tar.bz2.extracted-test0880,20,30,1
SUERIE_CLSPL::LSDM_SUERIE_CLSPL_CLSPL_20_unknown_data.tar.bz2.extracted-test0881,20,30,1
SUERIE_CLSPL::LSDM_SUERIE_CLSPL_CLSPL_20_unknown_data.tar.bz2.extracted-test0882,20,30,1
SUERIE_CLSPL::LSDM_SUERIE_CLSPL_CLSPL_20_unknown_data.tar.bz2.extracted-test0883,20,30,1
SUERIE_CLSPL::LSDM_SUERIE_CLSPL_CLSPL_20_unknown_data.tar.bz2.extracted-test0884,20,30,1
SUERIE_CLSPL::LSDM_SUERIE_CLSPL_CLSPL_20_unknown_data.tar.bz2.extracted-test0885,20,30,1
SUERIE_CLSPL::LSDM_SUERIE_CLSPL_CLSPL_20_unknown_data.tar.bz2.extracted-test0886,20,30,1
SUERIE_CLSPL::LSDM_SUERIE_CLSPL_CLSPL_20_unknown_data.tar.bz2.extracted-test0887,20,30,1
SUERIE_CLSPL::LSDM_SUERIE_CLSPL_CLSPL_20_unknown_data.tar.bz2.extracted-test0888,20,30,1
SUERIE_CLSPL::LSDM_SUERIE_CLSPL_CLSPL_20_unknown_data.tar.bz2.extracted-test0889,20,30,1
SUERIE_CLSPL::LSDM_SUERIE_CLSPL_CLSPL_20_unknown_data.tar.bz2.extracted-test0890,20,30,1
SUERIE_CLSPL::LSDM_SUERIE_CLSPL_CLSPL_20_unknown_data.tar.bz2.extracted-test0891,20,30,1
SUERIE_CLSPL::LSDM_SUERIE_CLSPL_CLSPL_20_unknown_data.tar.bz2.extracted-test0892,20,30,1
SUERIE_CLSPL::LSDM_SUERIE_CLSPL_CLSPL_20_unknown_data.tar.bz2.extracted-test0893,20,30,1
SUERIE_CLSPL::LSDM_SUERIE_CLSPL_CLSPL_20_unknown_data.tar.bz2.extracted-test0894,20,30,1
SUERIE_CLSPL::LSDM_SUERIE_CLSPL_CLSPL_20_unknown_data.tar.bz2.extracted-test0895,20,30,1
SUERIE_CLSPL::LSDM_SUERIE_CLSPL_CLSPL_20_unknown_data.tar.bz2.extracted-test0896,20,30,1
SUERIE_CLSPL::LSDM_SUERIE_CLSPL_CLSPL_20_unknown_data.tar.bz2.extracted-test0897,20,30,1
SUERIE_CLSPL::LSDM_SUERIE_CLSPL_CLSPL_20_unknown_data.tar.bz2.extracted-test0898,20,30,1
SUERIE_CLSPL::LSDM_SUERIE_CLSPL_CLSPL_20_unknown_data.tar.bz2.extracted-test0899,20,30,1
SUERIE_CLSPL::LSDM_SUERIE_CLSPL_CLSPL_20_unknown_data.tar.bz2.extracted-test0900,20,30,1
SUERIE_CLSPL::LSDM_SUERIE_CLSPL_CLSPL_20_unknown_data.tar.bz2.extracted-test0901,20,30,1
SUERIE_CLSPL::LSDM_SUERIE_CLSPL_CLSPL_20_unknown_data.tar.bz2.extracted-test0902,20,30,1
SUERIE_CLSPL::LSDM_SUERIE_CLSPL_CLSPL_20_unknown_data.tar.bz2.extracted-test0903,20,30,1
SUERIE_CLSPL::LSDM_SUERIE_CLSPL_CLSPL_20_unknown_data.tar.bz2.extracted-test0904,20,30,1
SUERIE_CLSPL::LSDM_SUERIE_CLSPL_CLSPL_20_unknown_data.tar.bz2.extracted-test0905,20,30,1
SUERIE_CLSPL::LSDM_SUERIE_CLSPL_CLSPL_20_unknown_data.tar.bz2.extracted-test0906,20,30,1
SUERIE_CLSPL::LSDM_SUERIE_CLSPL_CLSPL_20_unknown_data.tar.bz2.extracted-test0907,20,30,1
SUERIE_CLSPL::LSDM_SUERIE_CLSPL_CLSPL_20_unknown_data.tar.bz2.extracted-test0908,20,30,1
SUERIE_CLSPL::LSDM_SUERIE_CLSPL_CLSPL_20_unknown_data.tar.bz2.extracted-test0909,20,30,1
SUERIE_CLSPL::LSDM_SUERIE_CLSPL_CLSPL_20_unknown_data.tar.bz2.extracted-test0910,20,30,1
SUERIE_CLSPL::LSDM_SUERIE_CLSPL_CLSPL_20_unknown_data.tar.bz2.extracted-test0911,20,30,1
SUERIE_CLSPL::LSDM_SUERIE_CLSPL_CLSPL_20_unknown_data.tar.bz2.extracted-test0912,20,30,1
SUERIE_CLSPL::LSDM_SUERIE_CLSPL_CLSPL_20_unknown_data.tar.bz2.extracted-test0913,20,30,1
SUERIE_CLSPL::LSDM_SUERIE_CLSPL_CLSPL_20_unknown_data.tar.bz2.extracted-test0914,20,30,1
SUERIE_CLSPL::LSDM_SUERIE_CLSPL_CLSPL_20_unknown_data.tar.bz2.extracted-test0915,20,30,1
SUERIE_CLSPL::LSDM_SUERIE_CLSPL_CLSPL_20_unknown_data.tar.bz2.extracted-test0916,20,30,1
SUERIE_CLSPL::LSDM_SUERIE_CLSPL_CLSPL_20_unknown_data.tar.bz2.extracted-test0917,20,30,1
SUERIE_CLSPL::LSDM_SUERIE_CLSPL_CLSPL_20_unknown_data.tar.bz2.extracted-test0918,20,30,1
SUERIE_CLSPL::LSDM_SUERIE_CLSPL_CLSPL_20_unknown_data.tar.bz2.extracted-test0919,20,30,1
SUERIE_CLSPL::LSDM_SUERIE_CLSPL_CLSPL_20_unknown_data.tar.bz2.extracted-test0920,20,30,1
SUERIE_CLSPL::LSDM_SUERIE_CLSPL_CLSPL_20_unknown_data.tar.bz2.extracted-test0921,20,30,1
SUERIE_CLSPL::LSDM_SUERIE_CLSPL_CLSPL_20_unknown_data.tar.bz2.extracted-test0922,20,30,1
SUERIE_CLSPL::LSDM_SUERIE_CLSPL_CLSPL_20_unknown_data.tar.bz2.extracted-test0923,20,30,1
SUERIE_CLSPL::LSDM_SUERIE_CLSPL_CLSPL_20_unknown_data.tar.bz2.extracted-test0924,20,30,1
SUERIE_CLSPL::LSDM_SUERIE_CLSPL_CLSPL_20_unknown_data.tar.bz2.extracted-test0925,20,30,1
SUERIE_CLSPL::LSDM_SUERIE_CLSPL_CLSPL_20_unknown_data.tar.bz2.extracted-test0926,20,30,1
SUERIE_CLSPL::LSDM_SUERIE_CLSPL_CLSPL_20_unknown_data.tar.bz2.extracted-test0927,20,30,1
SUERIE_CLSPL::LSDM_SUERIE_CLSPL_CLSPL_20_unknown_data.tar.bz2.extracted-test0928,20,30,1
SUERIE_CLSPL::LSDM_SUERIE_CLSPL_CLSPL_20_unknown_data.tar.bz2.extracted-test0929,20,30,1
SUERIE_CLSPL::LSDM_SUERIE_CLSPL_CLSPL_20_unknown_data.tar.bz2.extracted-test0930,20,30,1
SUERIE_CLSPL::LSDM_SUERIE_CLSPL_CLSPL_20_unknown_data.tar.bz2.extracted-test0931,20,30,1
SUERIE_CLSPL::LSDM_SUERIE_CLSPL_CLSPL_20_unknown_data.tar.bz2.extracted-test0932,20,30,1
SUERIE_CLSPL::LSDM_SUERIE_CLSPL_CLSPL_20_unknown_data.tar.bz2.extracted-test0933,20,30,1
SUERIE_CLSPL::LSDM_SUERIE_CLSPL_CLSPL_20_unknown_data.tar.bz2.extracted-test0934,20,30,1
SUERIE_CLSPL::LSDM_SUERIE_CLSPL_CLSPL_20_unknown_data.tar.bz2.extracted-test0935,20,30,1
SUERIE_CLSPL::LSDM_SUERIE_CLSPL_CLSPL_20_unknown_data.tar.bz2.extracted-test0936,20,30,1
SUERIE_CLSPL::LSDM_SUERIE_CLSPL_CLSPL_20_unknown_data.tar.bz2.extracted-test0937,20,30,1
SUERIE_CLSPL::LSDM_SUERIE_CLSPL_CLSPL_20_unknown_data.tar.bz2.extracted-test0938,20,30,1
SUERIE_CLSPL::LSDM_SUERIE_CLSPL_CLSPL_20_unknown_data.tar.bz2.extracted-test0939,20,30,1
SUERIE_CLSPL::LSDM_SUERIE_CLSPL_CLSPL_20_unknown_data.tar.bz2.extracted-test0940,20,30,1
SUERIE_CLSPL::LSDM_SUERIE_CLSPL_CLSPL_20_unknown_datam.tar.bz2.extracted-test0401,20,4,1
SUERIE_CLSPL::LSDM_SUERIE_CLSPL_CLSPL_20_unknown_datam.tar.bz2.extracted-test0402,20,4,1
SUERIE_CLSPL::LSDM_SUERIE_CLSPL_CLSPL_20_unknown_datam.tar.bz2.extracted-test0403,20,4,1
SUERIE_CLSPL::LSDM_SUERIE_CLSPL_CLSPL_20_unknown_datam.tar.bz2.extracted-test0404,20,4,1
SUERIE_CLSPL::LSDM_SUERIE_CLSPL_CLSPL_20_unknown_datam.tar.bz2.extracted-test0405,20,4,1
SUERIE_CLSPL::LSDM_SUERIE_CLSPL_CLSPL_20_unknown_datam.tar.bz2.extracted-test0406,20,4,1
SUERIE_CLSPL::LSDM_SUERIE_CLSPL_CLSPL_20_unknown_datam.tar.bz2.extracted-test0407,20,4,1
SUERIE_CLSPL::LSDM_SUERIE_CLSPL_CLSPL_20_unknown_datam.tar.bz2.extracted-test0408,20,4,1
SUERIE_CLSPL::LSDM_SUERIE_CLSPL_CLSPL_20_unknown_datam.tar.bz2.extracted-test0409,20,4,1
SUERIE_CLSPL::LSDM_SUERIE_CLSPL_CLSPL_20_unknown_datam.tar.bz2.extracted-test0410,20,4,1
SUERIE_CLSPL::LSDM_SUERIE_CLSPL_CLSPL_20_unknown_datam.tar.bz2.extracted-test0411,20,4,1
SUERIE_CLSPL::LSDM_SUERIE_CLSPL_CLSPL_20_unknown_datam.tar.bz2.extracted-test0412,20,4,1
SUERIE_CLSPL::LSDM_SUERIE_CLSPL_CLSPL_20_unknown_datam.tar.bz2.extracted-test0413,20,4,1
SUERIE_CLSPL::LSDM_SUERIE_CLSPL_CLSPL_20_unknown_datam.tar.bz2.extracted-test0414,20,4,1
SUERIE_CLSPL::LSDM_SUERIE_CLSPL_CLSPL_20_unknown_datam.tar.bz2.extracted-test0415,20,4,1
SUERIE_CLSPL::LSDM_SUERIE_CLSPL_CLSPL_20_unknown_datam.tar.bz2.extracted-test0416,20,4,1
SUERIE_CLSPL::LSDM_SUERIE_CLSPL_CLSPL_20_unknown_datam.tar.bz2.extracted-test0417,20,4,1
SUERIE_CLSPL::LSDM_SUERIE_CLSPL_CLSPL_20_unknown_datam.tar.bz2.extracted-test0418,20,4,1
SUERIE_CLSPL::LSDM_SUERIE_CLSPL_CLSPL_20_unknown_datam.tar.bz2.extracted-test0419,20,4,1
SUERIE_CLSPL::LSDM_SUERIE_CLSPL_CLSPL_20_unknown_datam.tar.bz2.extracted-test0420,20,4,1
SUERIE_CLSPL::LSDM_SUERIE_CLSPL_CLSPL_20_unknown_datam.tar.bz2.extracted-test0421,20,4,1
SUERIE_CLSPL::LSDM_SUERIE_CLSPL_CLSPL_20_unknown_datam.tar.bz2.extracted-test0422,20,4,1
SUERIE_CLSPL::LSDM_SUERIE_CLSPL_CLSPL_20_unknown_datam.tar.bz2.extracted-test0423,20,4,1
SUERIE_CLSPL::LSDM_SUERIE_CLSPL_CLSPL_20_unknown_datam.tar.bz2.extracted-test0424,20,4,1
SUERIE_CLSPL::LSDM_SUERIE_CLSPL_CLSPL_20_unknown_datam.tar.bz2.extracted-test0425,20,4,1
SUERIE_CLSPL::LSDM_SUERIE_CLSPL_CLSPL_20_unknown_datam.tar.bz2.extracted-test0426,20,4,1
SUERIE_CLSPL::LSDM_SUERIE_CLSPL_CLSPL_20_unknown_datam.tar.bz2.extracted-test0427,20,4,1
SUERIE_CLSPL::LSDM_SUERIE_CLSPL_CLSPL_20_unknown_datam.tar.bz2.extracted-test0428,20,4,1
SUERIE_CLSPL::LSDM_SUERIE_CLSPL_CLSPL_20_unknown_datam.tar.bz2.extracted-test0429,20,4,1
SUERIE_CLSPL::LSDM_SUERIE_CLSPL_CLSPL_20_unknown_datam.tar.bz2.extracted-test0430,20,4,1
SUERIE_CLSPL::LSDM_SUERIE_CLSPL_CLSPL_20_unknown_datam.tar.bz2.extracted-test0431,20,4,1
SUERIE_CLSPL::LSDM_SUERIE_CLSPL_CLSPL_20_unknown_datam.tar.bz2.extracted-test0432,20,4,1
SUERIE_CLSPL::LSDM_SUERIE_CLSPL_CLSPL_20_unknown_datam.tar.bz2.extracted-test0433,20,4,1
SUERIE_CLSPL::LSDM_SUERIE_CLSPL_CLSPL_20_unknown_datam.tar.bz2.extracted-test0434,20,4,1
SUERIE_CLSPL::LSDM_SUERIE_CLSPL_CLSPL_20_unknown_datam.tar.bz2.extracted-test0435,20,4,1
SUERIE_CLSPL::LSDM_SUERIE_CLSPL_CLSPL_20_unknown_datam.tar.bz2.extracted-test0436,20,4,1
SUERIE_CLSPL::LSDM_SUERIE_CLSPL_CLSPL_20_unknown_datam.tar.bz2.extracted-test0437,20,4,1
SUERIE_CLSPL::LSDM_SUERIE_CLSPL_CLSPL_20_unknown_datam.tar.bz2.extracted-test0438,20,4,1
SUERIE_CLSPL::LSDM_SUERIE_CLSPL_CLSPL_20_unknown_datam.tar.bz2.extracted-test0439,20,4,1
SUERIE_CLSPL::LSDM_SUERIE_CLSPL_CLSPL_20_unknown_datam.tar.bz2.extracted-test0440,20,4,1
SUERIE_CLSPL::LSDM_SUERIE_CLSPL_CLSPL_20_unknown_datam.tar.bz2.extracted-test0441,20,4,1
SUERIE_CLSPL::LSDM_SUERIE_CLSPL_CLSPL_20_unknown_datam.tar.bz2.extracted-test0442,20,4,1
SUERIE_CLSPL::LSDM_SUERIE_CLSPL_CLSPL_20_unknown_datam.tar.bz2.extracted-test0443,20,4,1
SUERIE_CLSPL::LSDM_SUERIE_CLSPL_CLSPL_20_unknown_datam.tar.bz2.extracted-test0444,20,4,1
SUERIE_CLSPL::LSDM_SUERIE_CLSPL_CLSPL_20_unknown_datam.tar.bz2.extracted-test0445,20,4,1
SUERIE_CLSPL::LSDM_SUERIE_CLSPL_CLSPL_20_unknown_datam.tar.bz2.extracted-test0446,20,4,1
SUERIE_CLSPL::LSDM_SUERIE_CLSPL_CLSPL_20_unknown_datam.tar.bz2.extracted-test0447,20,4,1
SUERIE_CLSPL::LSDM_SUERIE_CLSPL_CLSPL_20_unknown_datam.tar.bz2.extracted-test0448,20,4,1
SUERIE_CLSPL::LSDM_SUERIE_CLSPL_CLSPL_20_unknown_datam.tar.bz2.extracted-test0449,20,4,1
SUERIE_CLSPL::LSDM_SUERIE_CLSPL_CLSPL_20_unknown_datam.tar.bz2.extracted-test0450,20,4,1
SUERIE_CLSPL::LSDM_SUERIE_CLSPL_CLSPL_20_unknown_datam.tar.bz2.extracted-test0451,20,4,1
SUERIE_CLSPL::LSDM_SUERIE_CLSPL_CLSPL_20_unknown_datam.tar.bz2.extracted-test0452,20,4,1
SUERIE_CLSPL::LSDM_SUERIE_CLSPL_CLSPL_20_unknown_datam.tar.bz2.extracted-test0453,20,4,1
SUERIE_CLSPL::LSDM_SUERIE_CLSPL_CLSPL_20_unknown_datam.tar.bz2.extracted-test0454,20,4,1
SUERIE_CLSPL::LSDM_SUERIE_CLSPL_CLSPL_20_unknown_datam.tar.bz2.extracted-test0455,20,4,1
SUERIE_CLSPL::LSDM_SUERIE_CLSPL_CLSPL_20_unknown_datam.tar.bz2.extracted-test0456,20,4,1
SUERIE_CLSPL::LSDM_SUERIE_CLSPL_CLSPL_20_unknown_datam.tar.bz2.extracted-test0457,20,4,1
SUERIE_CLSPL::LSDM_SUERIE_CLSPL_CLSPL_20_unknown_datam.tar.bz2.extracted-test0458,20,4,1
SUERIE_CLSPL::LSDM_SUERIE_CLSPL_CLSPL_20_unknown_datam.tar.bz2.extracted-test0459,20,4,1
SUERIE_CLSPL::LSDM_SUERIE_CLSPL_CLSPL_20_unknown_datam.tar.bz2.extracted-test0460,20,4,1
SUERIE_CLSPL::LSDM_SUERIE_CLSPL_CLSPL_20_unknown_datam.tar.bz2.extracted-test0461,20,4,1
SUERIE_CLSPL::LSDM_SUERIE_CLSPL_CLSPL_20_unknown_datam.tar.bz2.extracted-test0462,20,4,1
SUERIE_CLSPL::LSDM_SUERIE_CLSPL_CLSPL_20_unknown_datam.tar.bz2.extracted-test0463,20,4,1
SUERIE_CLSPL::LSDM_SUERIE_CLSPL_CLSPL_20_unknown_datam.tar.bz2.extracted-test0464,20,4,1
SUERIE_CLSPL::LSDM_SUERIE_CLSPL_CLSPL_20_unknown_datam.tar.bz2.extracted-test0465,20,4,1
SUERIE_CLSPL::LSDM_SUERIE_CLSPL_CLSPL_20_unknown_datam.tar.bz2.extracted-test0466,20,4,1
SUERIE_CLSPL::LSDM_SUERIE_CLSPL_CLSPL_20_unknown_datam.tar.bz2.extracted-test0467,20,4,1
SUERIE_CLSPL::LSDM_SUERIE_CLSPL_CLSPL_20_unknown_datam.tar.bz2.extracted-test0468,20,4,1
SUERIE_CLSPL::LSDM_SUERIE_CLSPL_CLSPL_20_unknown_datam.tar.bz2.extracted-test0469,20,4,1
SUERIE_CLSPL::LSDM_SUERIE_CLSPL_CLSPL_20_unknown_datam.tar.bz2.extracted-test0470,20,4,1
SUERIE_CLSPL::LSDM_SUERIE_CLSPL_CLSPL_20_unknown_datam.tar.bz2.extracted-test0471,20,4,1
SUERIE_CLSPL::LSDM_SUERIE_CLSPL_CLSPL_20_unknown_datam.tar.bz2.extracted-test0472,20,4,1
SUERIE_CLSPL::LSDM_SUERIE_CLSPL_CLSPL_20_unknown_datam.tar.bz2.extracted-test0473,20,4,1
SUERIE_CLSPL::LSDM_SUERIE_CLSPL_CLSPL_20_unknown_datam.tar.bz2.extracted-test0474,20,4,1
SUERIE_CLSPL::LSDM_SUERIE_CLSPL_CLSPL_20_unknown_datam.tar.bz2.extracted-test0475,20,4,1
SUERIE_CLSPL::LSDM_SUERIE_CLSPL_CLSPL_20_unknown_datam.tar.bz2.extracted-test0476,20,4,1
SUERIE_CLSPL::LSDM_SUERIE_CLSPL_CLSPL_20_unknown_datam.tar.bz2.extracted-test0477,20,4,1
SUERIE_CLSPL::LSDM_SUERIE_CLSPL_CLSPL_20_unknown_datam.tar.bz2.extracted-test0478,20,4,1
SUERIE_CLSPL::LSDM_SUERIE_CLSPL_CLSPL_20_unknown_datam.tar.bz2.extracted-test0479,20,4,1
SUERIE_CLSPL::LSDM_SUERIE_CLSPL_CLSPL_20_unknown_datam.tar.bz2.extracted-test0480,20,4,1
SUERIE_CLSPL::LSDM_SUERIE_CLSPL_CLSPL_20_unknown_datam.tar.bz2.extracted-test0481,20,4,1
SUERIE_CLSPL::LSDM_SUERIE_CLSPL_CLSPL_20_unknown_datam.tar.bz2.extracted-test0482,20,4,1
SUERIE_CLSPL::LSDM_SUERIE_CLSPL_CLSPL_20_unknown_datam.tar.bz2.extracted-test0483,20,4,1
SUERIE_CLSPL::LSDM_SUERIE_CLSPL_CLSPL_20_unknown_datam.tar.bz2.extracted-test0484,20,4,1
SUERIE_CLSPL::LSDM_SUERIE_CLSPL_CLSPL_20_unknown_datam.tar.bz2.extracted-test0485,20,4,1
SUERIE_CLSPL::LSDM_SUERIE_CLSPL_CLSPL_20_unknown_datam.tar.bz2.extracted-test0486,20,4,1
SUERIE_CLSPL::LSDM_SUERIE_CLSPL_CLSPL_20_unknown_datam.tar.bz2.extracted-test0487,20,4,1
SUERIE_CLSPL::LSDM_SUERIE_CLSPL_CLSPL_20_unknown_datam.tar.bz2.extracted-test0488,20,4,1
SUERIE_CLSPL::LSDM_SUERIE_CLSPL_CLSPL_20_unknown_datam.tar.bz2.extracted-test0489,20,4,1
SUERIE_CLSPL::LSDM_SUERIE_CLSPL_CLSPL_20_unknown_datam.tar.bz2.extracted-test0490,20,4,1
SUERIE_CLSPL::LSDM_SUERIE_CLSPL_CLSPL_20_unknown_datam.tar.bz2.extracted-test0491,20,4,1
SUERIE_CLSPL::LSDM_SUERIE_CLSPL_CLSPL_20_unknown_datam.tar.bz2.extracted-test0492,20,4,1
SUERIE_CLSPL::LSDM_SUERIE_CLSPL_CLSPL_20_unknown_datam.tar.bz2.extracted-test0493,20,4,1
SUERIE_CLSPL::LSDM_SUERIE_CLSPL_CLSPL_20_unknown_datam.tar.bz2.extracted-test0494,20,4,1
SUERIE_CLSPL::LSDM_SUERIE_CLSPL_CLSPL_20_unknown_datam.tar.bz2.extracted-test0495,20,4,1
SUERIE_CLSPL::LSDM_SUERIE_CLSPL_CLSPL_20_unknown_datam.tar.bz2.extracted-test0496,20,4,1
SUERIE_CLSPL::LSDM_SUERIE_CLSPL_CLSPL_20_unknown_datam.tar.bz2.extracted-test0497,20,4,1
SUERIE_CLSPL::LSDM_SUERIE_CLSPL_CLSPL_20_unknown_datam.tar.bz2.extracted-test0498,20,4,1
SUERIE_CLSPL::LSDM_SUERIE_CLSPL_CLSPL_20_unknown_datam.tar.bz2.extracted-test0499,20,4,1
SUERIE_CLSPL::LSDM_SUERIE_CLSPL_CLSPL_20_unknown_datam.tar.bz2.extracted-test0500,20,4,1
SUERIE_CLSPL::LSDM_SUERIE_CLSPL_CLSPL_20_unknown_datam.tar.bz2.extracted-test0501,20,4,1
SUERIE_CLSPL::LSDM_SUERIE_CLSPL_CLSPL_20_unknown_datam.tar.bz2.extracted-test0502,20,4,1
SUERIE_CLSPL::LSDM_SUERIE_CLSPL_CLSPL_20_unknown_datam.tar.bz2.extracted-test0503,20,4,1
SUERIE_CLSPL::LSDM_SUERIE_CLSPL_CLSPL_20_unknown_datam.tar.bz2.extracted-test0504,20,4,1
SUERIE_CLSPL::LSDM_SUERIE_CLSPL_CLSPL_20_unknown_datam.tar.bz2.extracted-test0505,20,4,1
SUERIE_CLSPL::LSDM_SUERIE_CLSPL_CLSPL_20_unknown_datam.tar.bz2.extracted-test0506,20,4,1
SUERIE_CLSPL::LSDM_SUERIE_CLSPL_CLSPL_20_unknown_datam.tar.bz2.extracted-test0507,20,4,1
SUERIE_CLSPL::LSDM_SUERIE_CLSPL_CLSPL_20_unknown_datam.tar.bz2.extracted-test0508,20,4,1
SUERIE_CLSPL::LSDM_SUERIE_CLSPL_CLSPL_20_unknown_datam.tar.bz2.extracted-test0509,20,4,1
SUERIE_CLSPL::LSDM_SUERIE_CLSPL_CLSPL_20_unknown_datam.tar.bz2.extracted-test0510,20,4,1
SUERIE_CLSPL::LSDM_SUERIE_CLSPL_CLSPL_20_unknown_datam.tar.bz2.extracted-test0511,20,4,1
SUERIE_CLSPL::LSDM_SUERIE_CLSPL_CLSPL_20_unknown_datam.tar.bz2.extracted-test0512,20,4,1
SUERIE_CLSPL::LSDM_SUERIE_CLSPL_CLSPL_20_unknown_datam.tar.bz2.extracted-test0513,20,4,1
SUERIE_CLSPL::LSDM_SUERIE_CLSPL_CLSPL_20_unknown_datam.tar.bz2.extracted-test0514,20,4,1
SUERIE_CLSPL::LSDM_SUERIE_CLSPL_CLSPL_20_unknown_datam.tar.bz2.extracted-test0515,20,4,1
SUERIE_CLSPL::LSDM_SUERIE_CLSPL_CLSPL_20_unknown_datam.tar.bz2.extracted-test0516,20,4,1
SUERIE_CLSPL::LSDM_SUERIE_CLSPL_CLSPL_20_unknown_datam.tar.bz2.extracted-test0517,20,4,1
SUERIE_CLSPL::LSDM_SUERIE_CLSPL_CLSPL_20_unknown_datam.tar.bz2.extracted-test0518,20,4,1
SUERIE_CLSPL::LSDM_SUERIE_CLSPL_CLSPL_20_unknown_datam.tar.bz2.extracted-test0519,20,4,1
SUERIE_CLSPL::LSDM_SUERIE_CLSPL_CLSPL_20_unknown_datam.tar.bz2.extracted-test0520,20,4,1
SUERIE_CLSPL::LSDM_SUERIE_CLSPL_CLSPL_20_unknown_datam.tar.bz2.extracted-test0521,20,4,1
SUERIE_CLSPL::LSDM_SUERIE_CLSPL_CLSPL_20_unknown_datam.tar.bz2.extracted-test0522,20,4,1
SUERIE_CLSPL::LSDM_SUERIE_CLSPL_CLSPL_20_unknown_datam.tar.bz2.extracted-test0523,20,4,1
SUERIE_CLSPL::LSDM_SUERIE_CLSPL_CLSPL_20_unknown_datam.tar.bz2.extracted-test0524,20,4,1
SUERIE_CLSPL::LSDM_SUERIE_CLSPL_CLSPL_20_unknown_datam.tar.bz2.extracted-test0525,20,4,1
SUERIE_CLSPL::LSDM_SUERIE_CLSPL_CLSPL_20_unknown_datam.tar.bz2.extracted-test0526,20,4,1
SUERIE_CLSPL::LSDM_SUERIE_CLSPL_CLSPL_20_unknown_datam.tar.bz2.extracted-test0527,20,4,1
SUERIE_CLSPL::LSDM_SUERIE_CLSPL_CLSPL_20_unknown_datam.tar.bz2.extracted-test0528,20,4,1
SUERIE_CLSPL::LSDM_SUERIE_CLSPL_CLSPL_20_unknown_datam.tar.bz2.extracted-test0529,20,4,1
SUERIE_CLSPL::LSDM_SUERIE_CLSPL_CLSPL_20_unknown_datam.tar.bz2.extracted-test0530,20,4,1
SUERIE_CLSPL::LSDM_SUERIE_CLSPL_CLSPL_20_unknown_datam.tar.bz2.extracted-test0531,20,4,1
SUERIE_CLSPL::LSDM_SUERIE_CLSPL_CLSPL_20_unknown_datam.tar.bz2.extracted-test0532,20,4,1
SUERIE_CLSPL::LSDM_SUERIE_CLSPL_CLSPL_20_unknown_datam.tar.bz2.extracted-test0533,20,4,1
SUERIE_CLSPL::LSDM_SUERIE_CLSPL_CLSPL_20_unknown_datam.tar.bz2.extracted-test0534,20,4,1
SUERIE_CLSPL::LSDM_SUERIE_CLSPL_CLSPL_20_unknown_datam.tar.bz2.extracted-test0535,20,4,1
SUERIE_CLSPL::LSDM_SUERIE_CLSPL_CLSPL_20_unknown_datam.tar.bz2.extracted-test0536,20,4,1
SUERIE_CLSPL::LSDM_SUERIE_CLSPL_CLSPL_20_unknown_datam.tar.bz2.extracted-test0537,20,4,1
SUERIE_CLSPL::LSDM_SUERIE_CLSPL_CLSPL_20_unknown_datam.tar.bz2.extracted-test0538,20,4,1
SUERIE_CLSPL::LSDM_SUERIE_CLSPL_CLSPL_20_unknown_datam.tar.bz2.extracted-test0539,20,4,1
SUERIE_CLSPL::LSDM_SUERIE_CLSPL_CLSPL_20_unknown_datam.tar.bz2.extracted-test0540,20,4,1
SUERIE_CLSPL::LSDM_SUERIE_CLSPL_CLSPL_20_unknown_datam.tar.bz2.extracted-test0541,20,4,1
SUERIE_CLSPL::LSDM_SUERIE_CLSPL_CLSPL_20_unknown_datam.tar.bz2.extracted-test0542,20,4,1
SUERIE_CLSPL::LSDM_SUERIE_CLSPL_CLSPL_20_unknown_datam.tar.bz2.extracted-test0543,20,4,1
SUERIE_CLSPL::LSDM_SUERIE_CLSPL_CLSPL_20_unknown_datam.tar.bz2.extracted-test0544,20,4,1
SUERIE_CLSPL::LSDM_SUERIE_CLSPL_CLSPL_20_unknown_datam.tar.bz2.extracted-test0545,20,4,1
SUERIE_CLSPL::LSDM_SUERIE_CLSPL_CLSPL_20_unknown_datam.tar.bz2.extracted-test0546,20,4,1
SUERIE_CLSPL::LSDM_SUERIE_CLSPL_CLSPL_20_unknown_datam.tar.bz2.extracted-test0547,20,4,1
SUERIE_CLSPL::LSDM_SUERIE_CLSPL_CLSPL_20_unknown_datam.tar.bz2.extracted-test0548,20,4,1
SUERIE_CLSPL::LSDM_SUERIE_CLSPL_CLSPL_20_unknown_datam.tar.bz2.extracted-test0549,20,4,1
SUERIE_CLSPL::LSDM_SUERIE_CLSPL_CLSPL_20_unknown_datam.tar.bz2.extracted-test0550,20,4,1
SUERIE_CLSPL::LSDM_SUERIE_CLSPL_CLSPL_20_unknown_datam.tar.bz2.extracted-test0551,20,4,1
SUERIE_CLSPL::LSDM_SUERIE_CLSPL_CLSPL_20_unknown_datam.tar.bz2.extracted-test0552,20,4,1
SUERIE_CLSPL::LSDM_SUERIE_CLSPL_CLSPL_20_unknown_datam.tar.bz2.extracted-test0553,20,4,1
SUERIE_CLSPL::LSDM_SUERIE_CLSPL_CLSPL_20_unknown_datam.tar.bz2.extracted-test0554,20,4,1
SUERIE_CLSPL::LSDM_SUERIE_CLSPL_CLSPL_20_unknown_datam.tar.bz2.extracted-test0555,20,4,1
SUERIE_CLSPL::LSDM_SUERIE_CLSPL_CLSPL_20_unknown_datam.tar.bz2.extracted-test0556,20,4,1
SUERIE_CLSPL::LSDM_SUERIE_CLSPL_CLSPL_20_unknown_datam.tar.bz2.extracted-test0557,20,4,1
SUERIE_CLSPL::LSDM_SUERIE_CLSPL_CLSPL_20_unknown_datam.tar.bz2.extracted-test0558,20,4,1
SUERIE_CLSPL::LSDM_SUERIE_CLSPL_CLSPL_20_unknown_datam.tar.bz2.extracted-test0559,20,4,1
SUERIE_CLSPL::LSDM_SUERIE_CLSPL_CLSPL_20_unknown_datam.tar.bz2.extracted-test0560,20,4,1
SUERIE_CLSPL::LSDM_SUERIE_CLSPL_CLSPL_20_unknown_datam.tar.bz2.extracted-test0561,20,4,1
SUERIE_CLSPL::LSDM_SUERIE_CLSPL_CLSPL_20_unknown_datam.tar.bz2.extracted-test0562,20,4,1
SUERIE_CLSPL::LSDM_SUERIE_CLSPL_CLSPL_20_unknown_datam.tar.bz2.extracted-test0563,20,4,1
SUERIE_CLSPL::LSDM_SUERIE_CLSPL_CLSPL_20_unknown_datam.tar.bz2.extracted-test0564,20,4,1
SUERIE_CLSPL::LSDM_SUERIE_CLSPL_CLSPL_20_unknown_datam.tar.bz2.extracted-test0565,20,4,1
SUERIE_CLSPL::LSDM_SUERIE_CLSPL_CLSPL_20_unknown_datam.tar.bz2.extracted-test0566,20,4,1
SUERIE_CLSPL::LSDM_SUERIE_CLSPL_CLSPL_20_unknown_datam.tar.bz2.extracted-test0567,20,4,1
SUERIE_CLSPL::LSDM_SUERIE_CLSPL_CLSPL_20_unknown_datam.tar.bz2.extracted-test0568,20,4,1
SUERIE_CLSPL::LSDM_SUERIE_CLSPL_CLSPL_20_unknown_datam.tar.bz2.extracted-test0569,20,4,1
SUERIE_CLSPL::LSDM_SUERIE_CLSPL_CLSPL_20_unknown_datam.tar.bz2.extracted-test0570,20,4,1
SUERIE_CLSPL::LSDM_SUERIE_CLSPL_CLSPL_20_unknown_datam.tar.bz2.extracted-test0571,20,4,1
SUERIE_CLSPL::LSDM_SUERIE_CLSPL_CLSPL_20_unknown_datam.tar.bz2.extracted-test0572,20,4,1
SUERIE_CLSPL::LSDM_SUERIE_CLSPL_CLSPL_20_unknown_datam.tar.bz2.extracted-test0573,20,4,1
SUERIE_CLSPL::LSDM_SUERIE_CLSPL_CLSPL_20_unknown_datam.tar.bz2.extracted-test0574,20,4,1
SUERIE_CLSPL::LSDM_SUERIE_CLSPL_CLSPL_20_unknown_datam.tar.bz2.extracted-test0575,20,4,1
SUERIE_CLSPL::LSDM_SUERIE_CLSPL_CLSPL_20_unknown_datam.tar.bz2.extracted-test0576,20,4,1
SUERIE_CLSPL::LSDM_SUERIE_CLSPL_CLSPL_20_unknown_datam.tar.bz2.extracted-test0577,20,4,1
SUERIE_CLSPL::LSDM_SUERIE_CLSPL_CLSPL_20_unknown_datam.tar.bz2.extracted-test0578,20,4,1
SUERIE_CLSPL::LSDM_SUERIE_CLSPL_CLSPL_20_unknown_datam.tar.bz2.extracted-test0579,20,4,1
SUERIE_CLSPL::LSDM_SUERIE_CLSPL_CLSPL_20_unknown_datam.tar.bz2.extracted-test0580,20,4,1
SUERIE_CLSPL::LSDM_SUERIE_CLSPL_CLSPL_20_unknown_datam.tar.bz2.extracted-test0581,20,6,1
SUERIE_CLSPL::LSDM_SUERIE_CLSPL_CLSPL_20_unknown_datam.tar.bz2.extracted-test0582,20,6,1
SUERIE_CLSPL::LSDM_SUERIE_CLSPL_CLSPL_20_unknown_datam.tar.bz2.extracted-test0583,20,6,1
SUERIE_CLSPL::LSDM_SUERIE_CLSPL_CLSPL_20_unknown_datam.tar.bz2.extracted-test0584,20,6,1
SUERIE_CLSPL::LSDM_SUERIE_CLSPL_CLSPL_20_unknown_datam.tar.bz2.extracted-test0585,20,6,1
SUERIE_CLSPL::LSDM_SUERIE_CLSPL_CLSPL_20_unknown_datam.tar.bz2.extracted-test0586,20,6,1
SUERIE_CLSPL::LSDM_SUERIE_CLSPL_CLSPL_20_unknown_datam.tar.bz2.extracted-test0587,20,6,1
SUERIE_CLSPL::LSDM_SUERIE_CLSPL_CLSPL_20_unknown_datam.tar.bz2.extracted-test0588,20,6,1
SUERIE_CLSPL::LSDM_SUERIE_CLSPL_CLSPL_20_unknown_datam.tar.bz2.extracted-test0589,20,6,1
SUERIE_CLSPL::LSDM_SUERIE_CLSPL_CLSPL_20_unknown_datam.tar.bz2.extracted-test0590,20,6,1
SUERIE_CLSPL::LSDM_SUERIE_CLSPL_CLSPL_20_unknown_datam.tar.bz2.extracted-test0591,20,6,1
SUERIE_CLSPL::LSDM_SUERIE_CLSPL_CLSPL_20_unknown_datam.tar.bz2.extracted-test0592,20,6,1
SUERIE_CLSPL::LSDM_SUERIE_CLSPL_CLSPL_20_unknown_datam.tar.bz2.extracted-test0593,20,6,1
SUERIE_CLSPL::LSDM_SUERIE_CLSPL_CLSPL_20_unknown_datam.tar.bz2.extracted-test0594,20,6,1
SUERIE_CLSPL::LSDM_SUERIE_CLSPL_CLSPL_20_unknown_datam.tar.bz2.extracted-test0595,20,6,1
SUERIE_CLSPL::LSDM_SUERIE_CLSPL_CLSPL_20_unknown_datam.tar.bz2.extracted-test0596,20,6,1
SUERIE_CLSPL::LSDM_SUERIE_CLSPL_CLSPL_20_unknown_datam.tar.bz2.extracted-test0597,20,6,1
SUERIE_CLSPL::LSDM_SUERIE_CLSPL_CLSPL_20_unknown_datam.tar.bz2.extracted-test0598,20,6,1
SUERIE_CLSPL::LSDM_SUERIE_CLSPL_CLSPL_20_unknown_datam.tar.bz2.extracted-test0599,20,6,1
SUERIE_CLSPL::LSDM_SUERIE_CLSPL_CLSPL_20_unknown_datam.tar.bz2.extracted-test0600,20,6,1
SUERIE_CLSPL::LSDM_SUERIE_CLSPL_CLSPL_20_unknown_datam.tar.bz2.extracted-test0601,20,6,1
SUERIE_CLSPL::LSDM_SUERIE_CLSPL_CLSPL_20_unknown_datam.tar.bz2.extracted-test0602,20,6,1
SUERIE_CLSPL::LSDM_SUERIE_CLSPL_CLSPL_20_unknown_datam.tar.bz2.extracted-test0603,20,6,1
SUERIE_CLSPL::LSDM_SUERIE_CLSPL_CLSPL_20_unknown_datam.tar.bz2.extracted-test0604,20,6,1
SUERIE_CLSPL::LSDM_SUERIE_CLSPL_CLSPL_20_unknown_datam.tar.bz2.extracted-test0605,20,6,1
SUERIE_CLSPL::LSDM_SUERIE_CLSPL_CLSPL_20_unknown_datam.tar.bz2.extracted-test0606,20,6,1
SUERIE_CLSPL::LSDM_SUERIE_CLSPL_CLSPL_20_unknown_datam.tar.bz2.extracted-test0607,20,6,1
SUERIE_CLSPL::LSDM_SUERIE_CLSPL_CLSPL_20_unknown_datam.tar.bz2.extracted-test0608,20,6,1
SUERIE_CLSPL::LSDM_SUERIE_CLSPL_CLSPL_20_unknown_datam.tar.bz2.extracted-test0609,20,6,1
SUERIE_CLSPL::LSDM_SUERIE_CLSPL_CLSPL_20_unknown_datam.tar.bz2.extracted-test0610,20,6,1
SUERIE_CLSPL::LSDM_SUERIE_CLSPL_CLSPL_20_unknown_datam.tar.bz2.extracted-test0611,20,6,1
SUERIE_CLSPL::LSDM_SUERIE_CLSPL_CLSPL_20_unknown_datam.tar.bz2.extracted-test0612,20,6,1
SUERIE_CLSPL::LSDM_SUERIE_CLSPL_CLSPL_20_unknown_datam.tar.bz2.extracted-test0613,20,6,1
SUERIE_CLSPL::LSDM_SUERIE_CLSPL_CLSPL_20_unknown_datam.tar.bz2.extracted-test0614,20,6,1
SUERIE_CLSPL::LSDM_SUERIE_CLSPL_CLSPL_20_unknown_datam.tar.bz2.extracted-test0615,20,6,1
SUERIE_CLSPL::LSDM_SUERIE_CLSPL_CLSPL_20_unknown_datam.tar.bz2.extracted-test0616,20,6,1
SUERIE_CLSPL::LSDM_SUERIE_CLSPL_CLSPL_20_unknown_datam.tar.bz2.extracted-test0617,20,6,1
SUERIE_CLSPL::LSDM_SUERIE_CLSPL_CLSPL_20_unknown_datam.tar.bz2.extracted-test0618,20,6,1
SUERIE_CLSPL::LSDM_SUERIE_CLSPL_CLSPL_20_unknown_datam.tar.bz2.extracted-test0619,20,6,1
SUERIE_CLSPL::LSDM_SUERIE_CLSPL_CLSPL_20_unknown_datam.tar.bz2.extracted-test0620,20,6,1
SUERIE_CLSPL::LSDM_SUERIE_CLSPL_CLSPL_20_unknown_datam.tar.bz2.extracted-test0621,20,6,1
SUERIE_CLSPL::LSDM_SUERIE_CLSPL_CLSPL_20_unknown_datam.tar.bz2.extracted-test0622,20,6,1
SUERIE_CLSPL::LSDM_SUERIE_CLSPL_CLSPL_20_unknown_datam.tar.bz2.extracted-test0623,20,6,1
SUERIE_CLSPL::LSDM_SUERIE_CLSPL_CLSPL_20_unknown_datam.tar.bz2.extracted-test0624,20,6,1
SUERIE_CLSPL::LSDM_SUERIE_CLSPL_CLSPL_20_unknown_datam.tar.bz2.extracted-test0625,20,6,1
SUERIE_CLSPL::LSDM_SUERIE_CLSPL_CLSPL_20_unknown_datam.tar.bz2.extracted-test0626,20,6,1
SUERIE_CLSPL::LSDM_SUERIE_CLSPL_CLSPL_20_unknown_datam.tar.bz2.extracted-test0627,20,6,1
SUERIE_CLSPL::LSDM_SUERIE_CLSPL_CLSPL_20_unknown_datam.tar.bz2.extracted-test0628,20,6,1
SUERIE_CLSPL::LSDM_SUERIE_CLSPL_CLSPL_20_unknown_datam.tar.bz2.extracted-test0629,20,6,1
SUERIE_CLSPL::LSDM_SUERIE_CLSPL_CLSPL_20_unknown_datam.tar.bz2.extracted-test0630,20,6,1
SUERIE_CLSPL::LSDM_SUERIE_CLSPL_CLSPL_20_unknown_datam.tar.bz2.extracted-test0631,20,6,1
SUERIE_CLSPL::LSDM_SUERIE_CLSPL_CLSPL_20_unknown_datam.tar.bz2.extracted-test0632,20,6,1
SUERIE_CLSPL::LSDM_SUERIE_CLSPL_CLSPL_20_unknown_datam.tar.bz2.extracted-test0633,20,6,1
SUERIE_CLSPL::LSDM_SUERIE_CLSPL_CLSPL_20_unknown_datam.tar.bz2.extracted-test0634,20,6,1
SUERIE_CLSPL::LSDM_SUERIE_CLSPL_CLSPL_20_unknown_datam.tar.bz2.extracted-test0635,20,6,1
SUERIE_CLSPL::LSDM_SUERIE_CLSPL_CLSPL_20_unknown_datam.tar.bz2.extracted-test0636,20,6,1
SUERIE_CLSPL::LSDM_SUERIE_CLSPL_CLSPL_20_unknown_datam.tar.bz2.extracted-test0637,20,6,1
SUERIE_CLSPL::LSDM_SUERIE_CLSPL_CLSPL_20_unknown_datam.tar.bz2.extracted-test0638,20,6,1
SUERIE_CLSPL::LSDM_SUERIE_CLSPL_CLSPL_20_unknown_datam.tar.bz2.extracted-test0639,20,6,1
SUERIE_CLSPL::LSDM_SUERIE_CLSPL_CLSPL_20_unknown_datam.tar.bz2.extracted-test0640,20,6,1
SUERIE_CLSPL::LSDM_SUERIE_CLSPL_CLSPL_20_unknown_datam.tar.bz2.extracted-test0641,20,6,1
SUERIE_CLSPL::LSDM_SUERIE_CLSPL_CLSPL_20_unknown_datam.tar.bz2.extracted-test0642,20,6,1
SUERIE_CLSPL::LSDM_SUERIE_CLSPL_CLSPL_20_unknown_datam.tar.bz2.extracted-test0643,20,6,1
SUERIE_CLSPL::LSDM_SUERIE_CLSPL_CLSPL_20_unknown_datam.tar.bz2.extracted-test0644,20,6,1
SUERIE_CLSPL::LSDM_SUERIE_CLSPL_CLSPL_20_unknown_datam.tar.bz2.extracted-test0645,20,6,1
SUERIE_CLSPL::LSDM_SUERIE_CLSPL_CLSPL_20_unknown_datam.tar.bz2.extracted-test0646,20,6,1
SUERIE_CLSPL::LSDM_SUERIE_CLSPL_CLSPL_20_unknown_datam.tar.bz2.extracted-test0647,20,6,1
SUERIE_CLSPL::LSDM_SUERIE_CLSPL_CLSPL_20_unknown_datam.tar.bz2.extracted-test0648,20,6,1
SUERIE_CLSPL::LSDM_SUERIE_CLSPL_CLSPL_20_unknown_datam.tar.bz2.extracted-test0649,20,6,1
SUERIE_CLSPL::LSDM_SUERIE_CLSPL_CLSPL_20_unknown_datam.tar.bz2.extracted-test0650,20,6,1
SUERIE_CLSPL::LSDM_SUERIE_CLSPL_CLSPL_20_unknown_datam.tar.bz2.extracted-test0651,20,6,1
SUERIE_CLSPL::LSDM_SUERIE_CLSPL_CLSPL_20_unknown_datam.tar.bz2.extracted-test0652,20,6,1
SUERIE_CLSPL::LSDM_SUERIE_CLSPL_CLSPL_20_unknown_datam.tar.bz2.extracted-test0653,20,6,1
SUERIE_CLSPL::LSDM_SUERIE_CLSPL_CLSPL_20_unknown_datam.tar.bz2.extracted-test0654,20,6,1
SUERIE_CLSPL::LSDM_SUERIE_CLSPL_CLSPL_20_unknown_datam.tar.bz2.extracted-test0655,20,6,1
SUERIE_CLSPL::LSDM_SUERIE_CLSPL_CLSPL_20_unknown_datam.tar.bz2.extracted-test0656,20,6,1
SUERIE_CLSPL::LSDM_SUERIE_CLSPL_CLSPL_20_unknown_datam.tar.bz2.extracted-test0657,20,6,1
SUERIE_CLSPL::LSDM_SUERIE_CLSPL_CLSPL_20_unknown_datam.tar.bz2.extracted-test0658,20,6,1
SUERIE_CLSPL::LSDM_SUERIE_CLSPL_CLSPL_20_unknown_datam.tar.bz2.extracted-test0659,20,6,1
SUERIE_CLSPL::LSDM_SUERIE_CLSPL_CLSPL_20_unknown_datam.tar.bz2.extracted-test0660,20,6,1
SUERIE_CLSPL::LSDM_SUERIE_CLSPL_CLSPL_20_unknown_datam.tar.bz2.extracted-test0661,20,6,1
SUERIE_CLSPL::LSDM_SUERIE_CLSPL_CLSPL_20_unknown_datam.tar.bz2.extracted-test0662,20,6,1
SUERIE_CLSPL::LSDM_SUERIE_CLSPL_CLSPL_20_unknown_datam.tar.bz2.extracted-test0663,20,6,1
SUERIE_CLSPL::LSDM_SUERIE_CLSPL_CLSPL_20_unknown_datam.tar.bz2.extracted-test0664,20,6,1
SUERIE_CLSPL::LSDM_SUERIE_CLSPL_CLSPL_20_unknown_datam.tar.bz2.extracted-test0665,20,6,1
SUERIE_CLSPL::LSDM_SUERIE_CLSPL_CLSPL_20_unknown_datam.tar.bz2.extracted-test0666,20,6,1
SUERIE_CLSPL::LSDM_SUERIE_CLSPL_CLSPL_20_unknown_datam.tar.bz2.extracted-test0667,20,6,1
SUERIE_CLSPL::LSDM_SUERIE_CLSPL_CLSPL_20_unknown_datam.tar.bz2.extracted-test0668,20,6,1
SUERIE_CLSPL::LSDM_SUERIE_CLSPL_CLSPL_20_unknown_datam.tar.bz2.extracted-test0669,20,6,1
SUERIE_CLSPL::LSDM_SUERIE_CLSPL_CLSPL_20_unknown_datam.tar.bz2.extracted-test0670,20,6,1
SUERIE_CLSPL::LSDM_SUERIE_CLSPL_CLSPL_20_unknown_datam.tar.bz2.extracted-test0671,20,6,1
SUERIE_CLSPL::LSDM_SUERIE_CLSPL_CLSPL_20_unknown_datam.tar.bz2.extracted-test0672,20,6,1
SUERIE_CLSPL::LSDM_SUERIE_CLSPL_CLSPL_20_unknown_datam.tar.bz2.extracted-test0673,20,6,1
SUERIE_CLSPL::LSDM_SUERIE_CLSPL_CLSPL_20_unknown_datam.tar.bz2.extracted-test0674,20,6,1
SUERIE_CLSPL::LSDM_SUERIE_CLSPL_CLSPL_20_unknown_datam.tar.bz2.extracted-test0675,20,6,1
SUERIE_CLSPL::LSDM_SUERIE_CLSPL_CLSPL_20_unknown_datam.tar.bz2.extracted-test0676,20,6,1
SUERIE_CLSPL::LSDM_SUERIE_CLSPL_CLSPL_20_unknown_datam.tar.bz2.extracted-test0677,20,6,1
SUERIE_CLSPL::LSDM_SUERIE_CLSPL_CLSPL_20_unknown_datam.tar.bz2.extracted-test0678,20,6,1
SUERIE_CLSPL::LSDM_SUERIE_CLSPL_CLSPL_20_unknown_datam.tar.bz2.extracted-test0679,20,6,1
SUERIE_CLSPL::LSDM_SUERIE_CLSPL_CLSPL_20_unknown_datam.tar.bz2.extracted-test0680,20,6,1
SUERIE_CLSPL::LSDM_SUERIE_CLSPL_CLSPL_20_unknown_datam.tar.bz2.extracted-test0681,20,6,1
SUERIE_CLSPL::LSDM_SUERIE_CLSPL_CLSPL_20_unknown_datam.tar.bz2.extracted-test0682,20,6,1
SUERIE_CLSPL::LSDM_SUERIE_CLSPL_CLSPL_20_unknown_datam.tar.bz2.extracted-test0683,20,6,1
SUERIE_CLSPL::LSDM_SUERIE_CLSPL_CLSPL_20_unknown_datam.tar.bz2.extracted-test0684,20,6,1
SUERIE_CLSPL::LSDM_SUERIE_CLSPL_CLSPL_20_unknown_datam.tar.bz2.extracted-test0685,20,6,1
SUERIE_CLSPL::LSDM_SUERIE_CLSPL_CLSPL_20_unknown_datam.tar.bz2.extracted-test0686,20,6,1
SUERIE_CLSPL::LSDM_SUERIE_CLSPL_CLSPL_20_unknown_datam.tar.bz2.extracted-test0687,20,6,1
SUERIE_CLSPL::LSDM_SUERIE_CLSPL_CLSPL_20_unknown_datam.tar.bz2.extracted-test0688,20,6,1
SUERIE_CLSPL::LSDM_SUERIE_CLSPL_CLSPL_20_unknown_datam.tar.bz2.extracted-test0689,20,6,1
SUERIE_CLSPL::LSDM_SUERIE_CLSPL_CLSPL_20_unknown_datam.tar.bz2.extracted-test0690,20,6,1
SUERIE_CLSPL::LSDM_SUERIE_CLSPL_CLSPL_20_unknown_datam.tar.bz2.extracted-test0691,20,6,1
SUERIE_CLSPL::LSDM_SUERIE_CLSPL_CLSPL_20_unknown_datam.tar.bz2.extracted-test0692,20,6,1
SUERIE_CLSPL::LSDM_SUERIE_CLSPL_CLSPL_20_unknown_datam.tar.bz2.extracted-test0693,20,6,1
SUERIE_CLSPL::LSDM_SUERIE_CLSPL_CLSPL_20_unknown_datam.tar.bz2.extracted-test0694,20,6,1
SUERIE_CLSPL::LSDM_SUERIE_CLSPL_CLSPL_20_unknown_datam.tar.bz2.extracted-test0695,20,6,1
SUERIE_CLSPL::LSDM_SUERIE_CLSPL_CLSPL_20_unknown_datam.tar.bz2.extracted-test0696,20,6,1
SUERIE_CLSPL::LSDM_SUERIE_CLSPL_CLSPL_20_unknown_datam.tar.bz2.extracted-test0697,20,6,1
SUERIE_CLSPL::LSDM_SUERIE_CLSPL_CLSPL_20_unknown_datam.tar.bz2.extracted-test0698,20,6,1
SUERIE_CLSPL::LSDM_SUERIE_CLSPL_CLSPL_20_unknown_datam.tar.bz2.extracted-test0699,20,6,1
SUERIE_CLSPL::LSDM_SUERIE_CLSPL_CLSPL_20_unknown_datam.tar.bz2.extracted-test0700,20,6,1
SUERIE_CLSPL::LSDM_SUERIE_CLSPL_CLSPL_20_unknown_datam.tar.bz2.extracted-test0701,20,6,1
SUERIE_CLSPL::LSDM_SUERIE_CLSPL_CLSPL_20_unknown_datam.tar.bz2.extracted-test0702,20,6,1
SUERIE_CLSPL::LSDM_SUERIE_CLSPL_CLSPL_20_unknown_datam.tar.bz2.extracted-test0703,20,6,1
SUERIE_CLSPL::LSDM_SUERIE_CLSPL_CLSPL_20_unknown_datam.tar.bz2.extracted-test0704,20,6,1
SUERIE_CLSPL::LSDM_SUERIE_CLSPL_CLSPL_20_unknown_datam.tar.bz2.extracted-test0705,20,6,1
SUERIE_CLSPL::LSDM_SUERIE_CLSPL_CLSPL_20_unknown_datam.tar.bz2.extracted-test0706,20,6,1
SUERIE_CLSPL::LSDM_SUERIE_CLSPL_CLSPL_20_unknown_datam.tar.bz2.extracted-test0707,20,6,1
SUERIE_CLSPL::LSDM_SUERIE_CLSPL_CLSPL_20_unknown_datam.tar.bz2.extracted-test0708,20,6,1
SUERIE_CLSPL::LSDM_SUERIE_CLSPL_CLSPL_20_unknown_datam.tar.bz2.extracted-test0709,20,6,1
SUERIE_CLSPL::LSDM_SUERIE_CLSPL_CLSPL_20_unknown_datam.tar.bz2.extracted-test0710,20,6,1
SUERIE_CLSPL::LSDM_SUERIE_CLSPL_CLSPL_20_unknown_datam.tar.bz2.extracted-test0711,20,6,1
SUERIE_CLSPL::LSDM_SUERIE_CLSPL_CLSPL_20_unknown_datam.tar.bz2.extracted-test0712,20,6,1
SUERIE_CLSPL::LSDM_SUERIE_CLSPL_CLSPL_20_unknown_datam.tar.bz2.extracted-test0713,20,6,1
SUERIE_CLSPL::LSDM_SUERIE_CLSPL_CLSPL_20_unknown_datam.tar.bz2.extracted-test0714,20,6,1
SUERIE_CLSPL::LSDM_SUERIE_CLSPL_CLSPL_20_unknown_datam.tar.bz2.extracted-test0715,20,6,1
SUERIE_CLSPL::LSDM_SUERIE_CLSPL_CLSPL_20_unknown_datam.tar.bz2.extracted-test0716,20,6,1
SUERIE_CLSPL::LSDM_SUERIE_CLSPL_CLSPL_20_unknown_datam.tar.bz2.extracted-test0717,20,6,1
SUERIE_CLSPL::LSDM_SUERIE_CLSPL_CLSPL_20_unknown_datam.tar.bz2.extracted-test0718,20,6,1
SUERIE_CLSPL::LSDM_SUERIE_CLSPL_CLSPL_20_unknown_datam.tar.bz2.extracted-test0719,20,6,1
SUERIE_CLSPL::LSDM_SUERIE_CLSPL_CLSPL_20_unknown_datam.tar.bz2.extracted-test0720,20,6,1
SUERIE_CLSPL::LSDM_SUERIE_CLSPL_CLSPL_20_unknown_datam.tar.bz2.extracted-test0721,20,6,1
SUERIE_CLSPL::LSDM_SUERIE_CLSPL_CLSPL_20_unknown_datam.tar.bz2.extracted-test0722,20,6,1
SUERIE_CLSPL::LSDM_SUERIE_CLSPL_CLSPL_20_unknown_datam.tar.bz2.extracted-test0723,20,6,1
SUERIE_CLSPL::LSDM_SUERIE_CLSPL_CLSPL_20_unknown_datam.tar.bz2.extracted-test0724,20,6,1
SUERIE_CLSPL::LSDM_SUERIE_CLSPL_CLSPL_20_unknown_datam.tar.bz2.extracted-test0725,20,6,1
SUERIE_CLSPL::LSDM_SUERIE_CLSPL_CLSPL_20_unknown_datam.tar.bz2.extracted-test0726,20,6,1
SUERIE_CLSPL::LSDM_SUERIE_CLSPL_CLSPL_20_unknown_datam.tar.bz2.extracted-test0727,20,6,1
SUERIE_CLSPL::LSDM_SUERIE_CLSPL_CLSPL_20_unknown_datam.tar.bz2.extracted-test0728,20,6,1
SUERIE_CLSPL::LSDM_SUERIE_CLSPL_CLSPL_20_unknown_datam.tar.bz2.extracted-test0729,20,6,1
SUERIE_CLSPL::LSDM_SUERIE_CLSPL_CLSPL_20_unknown_datam.tar.bz2.extracted-test0730,20,6,1
SUERIE_CLSPL::LSDM_SUERIE_CLSPL_CLSPL_20_unknown_datam.tar.bz2.extracted-test0731,20,6,1
SUERIE_CLSPL::LSDM_SUERIE_CLSPL_CLSPL_20_unknown_datam.tar.bz2.extracted-test0732,20,6,1
SUERIE_CLSPL::LSDM_SUERIE_CLSPL_CLSPL_20_unknown_datam.tar.bz2.extracted-test0733,20,6,1
SUERIE_CLSPL::LSDM_SUERIE_CLSPL_CLSPL_20_unknown_datam.tar.bz2.extracted-test0734,20,6,1
SUERIE_CLSPL::LSDM_SUERIE_CLSPL_CLSPL_20_unknown_datam.tar.bz2.extracted-test0735,20,6,1
SUERIE_CLSPL::LSDM_SUERIE_CLSPL_CLSPL_20_unknown_datam.tar.bz2.extracted-test0736,20,6,1
SUERIE_CLSPL::LSDM_SUERIE_CLSPL_CLSPL_20_unknown_datam.tar.bz2.extracted-test0737,20,6,1
SUERIE_CLSPL::LSDM_SUERIE_CLSPL_CLSPL_20_unknown_datam.tar.bz2.extracted-test0738,20,6,1
SUERIE_CLSPL::LSDM_SUERIE_CLSPL_CLSPL_20_unknown_datam.tar.bz2.extracted-test0739,20,6,1
SUERIE_CLSPL::LSDM_SUERIE_CLSPL_CLSPL_20_unknown_datam.tar.bz2.extracted-test0740,20,6,1
SUERIE_CLSPL::LSDM_SUERIE_CLSPL_CLSPL_20_unknown_datam.tar.bz2.extracted-test0741,20,6,1
SUERIE_CLSPL::LSDM_SUERIE_CLSPL_CLSPL_20_unknown_datam.tar.bz2.extracted-test0742,20,6,1
SUERIE_CLSPL::LSDM_SUERIE_CLSPL_CLSPL_20_unknown_datam.tar.bz2.extracted-test0743,20,6,1
SUERIE_CLSPL::LSDM_SUERIE_CLSPL_CLSPL_20_unknown_datam.tar.bz2.extracted-test0744,20,6,1
SUERIE_CLSPL::LSDM_SUERIE_CLSPL_CLSPL_20_unknown_datam.tar.bz2.extracted-test0745,20,6,1
SUERIE_CLSPL::LSDM_SUERIE_CLSPL_CLSPL_20_unknown_datam.tar.bz2.extracted-test0746,20,6,1
SUERIE_CLSPL::LSDM_SUERIE_CLSPL_CLSPL_20_unknown_datam.tar.bz2.extracted-test0747,20,6,1
SUERIE_CLSPL::LSDM_SUERIE_CLSPL_CLSPL_20_unknown_datam.tar.bz2.extracted-test0748,20,6,1
SUERIE_CLSPL::LSDM_SUERIE_CLSPL_CLSPL_20_unknown_datam.tar.bz2.extracted-test0749,20,6,1
SUERIE_CLSPL::LSDM_SUERIE_CLSPL_CLSPL_20_unknown_datam.tar.bz2.extracted-test0750,20,6,1
SUERIE_CLSPL::LSDM_SUERIE_CLSPL_CLSPL_20_unknown_datam.tar.bz2.extracted-test0751,20,6,1
SUERIE_CLSPL::LSDM_SUERIE_CLSPL_CLSPL_20_unknown_datam.tar.bz2.extracted-test0752,20,6,1
SUERIE_CLSPL::LSDM_SUERIE_CLSPL_CLSPL_20_unknown_datam.tar.bz2.extracted-test0753,20,6,1
SUERIE_CLSPL::LSDM_SUERIE_CLSPL_CLSPL_20_unknown_datam.tar.bz2.extracted-test0754,20,6,1
SUERIE_CLSPL::LSDM_SUERIE_CLSPL_CLSPL_20_unknown_datam.tar.bz2.extracted-test0755,20,6,1
SUERIE_CLSPL::LSDM_SUERIE_CLSPL_CLSPL_20_unknown_datam.tar.bz2.extracted-test0756,20,6,1
SUERIE_CLSPL::LSDM_SUERIE_CLSPL_CLSPL_20_unknown_datam.tar.bz2.extracted-test0757,20,6,1
SUERIE_CLSPL::LSDM_SUERIE_CLSPL_CLSPL_20_unknown_datam.tar.bz2.extracted-test0758,20,6,1
SUERIE_CLSPL::LSDM_SUERIE_CLSPL_CLSPL_20_unknown_datam.tar.bz2.extracted-test0759,20,6,1
SUERIE_CLSPL::LSDM_SUERIE_CLSPL_CLSPL_20_unknown_datam.tar.bz2.extracted-test0760,20,6,1
SUERIE_CLSPL::LSDM_SUERIE_CLSPL_CLSPL_20_unknown_datam.tar.bz2.extracted-test0761,20,8,1
SUERIE_CLSPL::LSDM_SUERIE_CLSPL_CLSPL_20_unknown_datam.tar.bz2.extracted-test0762,20,8,1
SUERIE_CLSPL::LSDM_SUERIE_CLSPL_CLSPL_20_unknown_datam.tar.bz2.extracted-test0763,20,8,1
SUERIE_CLSPL::LSDM_SUERIE_CLSPL_CLSPL_20_unknown_datam.tar.bz2.extracted-test0764,20,8,1
SUERIE_CLSPL::LSDM_SUERIE_CLSPL_CLSPL_20_unknown_datam.tar.bz2.extracted-test0765,20,8,1
SUERIE_CLSPL::LSDM_SUERIE_CLSPL_CLSPL_20_unknown_datam.tar.bz2.extracted-test0766,20,8,1
SUERIE_CLSPL::LSDM_SUERIE_CLSPL_CLSPL_20_unknown_datam.tar.bz2.extracted-test0767,20,8,1
SUERIE_CLSPL::LSDM_SUERIE_CLSPL_CLSPL_20_unknown_datam.tar.bz2.extracted-test0768,20,8,1
SUERIE_CLSPL::LSDM_SUERIE_CLSPL_CLSPL_20_unknown_datam.tar.bz2.extracted-test0769,20,8,1
SUERIE_CLSPL::LSDM_SUERIE_CLSPL_CLSPL_20_unknown_datam.tar.bz2.extracted-test0770,20,8,1
SUERIE_CLSPL::LSDM_SUERIE_CLSPL_CLSPL_20_unknown_datam.tar.bz2.extracted-test0771,20,8,1
SUERIE_CLSPL::LSDM_SUERIE_CLSPL_CLSPL_20_unknown_datam.tar.bz2.extracted-test0772,20,8,1
SUERIE_CLSPL::LSDM_SUERIE_CLSPL_CLSPL_20_unknown_datam.tar.bz2.extracted-test0773,20,8,1
SUERIE_CLSPL::LSDM_SUERIE_CLSPL_CLSPL_20_unknown_datam.tar.bz2.extracted-test0774,20,8,1
SUERIE_CLSPL::LSDM_SUERIE_CLSPL_CLSPL_20_unknown_datam.tar.bz2.extracted-test0775,20,8,1
SUERIE_CLSPL::LSDM_SUERIE_CLSPL_CLSPL_20_unknown_datam.tar.bz2.extracted-test0776,20,8,1
SUERIE_CLSPL::LSDM_SUERIE_CLSPL_CLSPL_20_unknown_datam.tar.bz2.extracted-test0777,20,8,1
SUERIE_CLSPL::LSDM_SUERIE_CLSPL_CLSPL_20_unknown_datam.tar.bz2.extracted-test0778,20,8,1
SUERIE_CLSPL::LSDM_SUERIE_CLSPL_CLSPL_20_unknown_datam.tar.bz2.extracted-test0779,20,8,1
SUERIE_CLSPL::LSDM_SUERIE_CLSPL_CLSPL_20_unknown_datam.tar.bz2.extracted-test0780,20,8,1
SUERIE_CLSPL::LSDM_SUERIE_CLSPL_CLSPL_20_unknown_datam.tar.bz2.extracted-test0781,20,8,1
SUERIE_CLSPL::LSDM_SUERIE_CLSPL_CLSPL_20_unknown_datam.tar.bz2.extracted-test0782,20,8,1
SUERIE_CLSPL::LSDM_SUERIE_CLSPL_CLSPL_20_unknown_datam.tar.bz2.extracted-test0783,20,8,1
SUERIE_CLSPL::LSDM_SUERIE_CLSPL_CLSPL_20_unknown_datam.tar.bz2.extracted-test0784,20,8,1
SUERIE_CLSPL::LSDM_SUERIE_CLSPL_CLSPL_20_unknown_datam.tar.bz2.extracted-test0785,20,8,1
SUERIE_CLSPL::LSDM_SUERIE_CLSPL_CLSPL_20_unknown_datam.tar.bz2.extracted-test0786,20,8,1
SUERIE_CLSPL::LSDM_SUERIE_CLSPL_CLSPL_20_unknown_datam.tar.bz2.extracted-test0787,20,8,1
SUERIE_CLSPL::LSDM_SUERIE_CLSPL_CLSPL_20_unknown_datam.tar.bz2.extracted-test0788,20,8,1
SUERIE_CLSPL::LSDM_SUERIE_CLSPL_CLSPL_20_unknown_datam.tar.bz2.extracted-test0789,20,8,1
SUERIE_CLSPL::LSDM_SUERIE_CLSPL_CLSPL_20_unknown_datam.tar.bz2.extracted-test0790,20,8,1
SUERIE_CLSPL::LSDM_SUERIE_CLSPL_CLSPL_20_unknown_datam.tar.bz2.extracted-test0791,20,8,1
SUERIE_CLSPL::LSDM_SUERIE_CLSPL_CLSPL_20_unknown_datam.tar.bz2.extracted-test0792,20,8,1
SUERIE_CLSPL::LSDM_SUERIE_CLSPL_CLSPL_20_unknown_datam.tar.bz2.extracted-test0793,20,8,1
SUERIE_CLSPL::LSDM_SUERIE_CLSPL_CLSPL_20_unknown_datam.tar.bz2.extracted-test0794,20,8,1
SUERIE_CLSPL::LSDM_SUERIE_CLSPL_CLSPL_20_unknown_datam.tar.bz2.extracted-test0795,20,8,1
SUERIE_CLSPL::LSDM_SUERIE_CLSPL_CLSPL_20_unknown_datam.tar.bz2.extracted-test0796,20,8,1
SUERIE_CLSPL::LSDM_SUERIE_CLSPL_CLSPL_20_unknown_datam.tar.bz2.extracted-test0797,20,8,1
SUERIE_CLSPL::LSDM_SUERIE_CLSPL_CLSPL_20_unknown_datam.tar.bz2.extracted-test0798,20,8,1
SUERIE_CLSPL::LSDM_SUERIE_CLSPL_CLSPL_20_unknown_datam.tar.bz2.extracted-test0799,20,8,1
SUERIE_CLSPL::LSDM_SUERIE_CLSPL_CLSPL_20_unknown_datam.tar.bz2.extracted-test0800,20,8,1
SUERIE_CLSPL::LSDM_SUERIE_CLSPL_CLSPL_20_unknown_datam.tar.bz2.extracted-test0801,20,8,1
SUERIE_CLSPL::LSDM_SUERIE_CLSPL_CLSPL_20_unknown_datam.tar.bz2.extracted-test0802,20,8,1
SUERIE_CLSPL::LSDM_SUERIE_CLSPL_CLSPL_20_unknown_datam.tar.bz2.extracted-test0803,20,8,1
SUERIE_CLSPL::LSDM_SUERIE_CLSPL_CLSPL_20_unknown_datam.tar.bz2.extracted-test0804,20,8,1
SUERIE_CLSPL::LSDM_SUERIE_CLSPL_CLSPL_20_unknown_datam.tar.bz2.extracted-test0805,20,8,1
SUERIE_CLSPL::LSDM_SUERIE_CLSPL_CLSPL_20_unknown_datam.tar.bz2.extracted-test0806,20,8,1
SUERIE_CLSPL::LSDM_SUERIE_CLSPL_CLSPL_20_unknown_datam.tar.bz2.extracted-test0807,20,8,1
SUERIE_CLSPL::LSDM_SUERIE_CLSPL_CLSPL_20_unknown_datam.tar.bz2.extracted-test0808,20,8,1
SUERIE_CLSPL::LSDM_SUERIE_CLSPL_CLSPL_20_unknown_datam.tar.bz2.extracted-test0809,20,8,1
SUERIE_CLSPL::LSDM_SUERIE_CLSPL_CLSPL_20_unknown_datam.tar.bz2.extracted-test0810,20,8,1
SUERIE_CLSPL::LSDM_SUERIE_CLSPL_CLSPL_20_unknown_datam.tar.bz2.extracted-test0811,20,8,1
SUERIE_CLSPL::LSDM_SUERIE_CLSPL_CLSPL_20_unknown_datam.tar.bz2.extracted-test0812,20,8,1
SUERIE_CLSPL::LSDM_SUERIE_CLSPL_CLSPL_20_unknown_datam.tar.bz2.extracted-test0813,20,8,1
SUERIE_CLSPL::LSDM_SUERIE_CLSPL_CLSPL_20_unknown_datam.tar.bz2.extracted-test0814,20,8,1
SUERIE_CLSPL::LSDM_SUERIE_CLSPL_CLSPL_20_unknown_datam.tar.bz2.extracted-test0815,20,8,1
SUERIE_CLSPL::LSDM_SUERIE_CLSPL_CLSPL_20_unknown_datam.tar.bz2.extracted-test0816,20,8,1
SUERIE_CLSPL::LSDM_SUERIE_CLSPL_CLSPL_20_unknown_datam.tar.bz2.extracted-test0817,20,8,1
SUERIE_CLSPL::LSDM_SUERIE_CLSPL_CLSPL_20_unknown_datam.tar.bz2.extracted-test0818,20,8,1
SUERIE_CLSPL::LSDM_SUERIE_CLSPL_CLSPL_20_unknown_datam.tar.bz2.extracted-test0819,20,8,1
SUERIE_CLSPL::LSDM_SUERIE_CLSPL_CLSPL_20_unknown_datam.tar.bz2.extracted-test0820,20,8,1
SUERIE_CLSPL::LSDM_SUERIE_CLSPL_CLSPL_20_unknown_datam.tar.bz2.extracted-test0821,20,8,1
SUERIE_CLSPL::LSDM_SUERIE_CLSPL_CLSPL_20_unknown_datam.tar.bz2.extracted-test0822,20,8,1
SUERIE_CLSPL::LSDM_SUERIE_CLSPL_CLSPL_20_unknown_datam.tar.bz2.extracted-test0823,20,8,1
SUERIE_CLSPL::LSDM_SUERIE_CLSPL_CLSPL_20_unknown_datam.tar.bz2.extracted-test0824,20,8,1
SUERIE_CLSPL::LSDM_SUERIE_CLSPL_CLSPL_20_unknown_datam.tar.bz2.extracted-test0825,20,8,1
SUERIE_CLSPL::LSDM_SUERIE_CLSPL_CLSPL_20_unknown_datam.tar.bz2.extracted-test0826,20,8,1
SUERIE_CLSPL::LSDM_SUERIE_CLSPL_CLSPL_20_unknown_datam.tar.bz2.extracted-test0827,20,8,1
SUERIE_CLSPL::LSDM_SUERIE_CLSPL_CLSPL_20_unknown_datam.tar.bz2.extracted-test0828,20,8,1
SUERIE_CLSPL::LSDM_SUERIE_CLSPL_CLSPL_20_unknown_datam.tar.bz2.extracted-test0829,20,8,1
SUERIE_CLSPL::LSDM_SUERIE_CLSPL_CLSPL_20_unknown_datam.tar.bz2.extracted-test0830,20,8,1
SUERIE_CLSPL::LSDM_SUERIE_CLSPL_CLSPL_20_unknown_datam.tar.bz2.extracted-test0831,20,8,1
SUERIE_CLSPL::LSDM_SUERIE_CLSPL_CLSPL_20_unknown_datam.tar.bz2.extracted-test0832,20,8,1
SUERIE_CLSPL::LSDM_SUERIE_CLSPL_CLSPL_20_unknown_datam.tar.bz2.extracted-test0833,20,8,1
SUERIE_CLSPL::LSDM_SUERIE_CLSPL_CLSPL_20_unknown_datam.tar.bz2.extracted-test0834,20,8,1
SUERIE_CLSPL::LSDM_SUERIE_CLSPL_CLSPL_20_unknown_datam.tar.bz2.extracted-test0835,20,8,1
SUERIE_CLSPL::LSDM_SUERIE_CLSPL_CLSPL_20_unknown_datam.tar.bz2.extracted-test0836,20,8,1
SUERIE_CLSPL::LSDM_SUERIE_CLSPL_CLSPL_20_unknown_datam.tar.bz2.extracted-test0837,20,8,1
SUERIE_CLSPL::LSDM_SUERIE_CLSPL_CLSPL_20_unknown_datam.tar.bz2.extracted-test0838,20,8,1
SUERIE_CLSPL::LSDM_SUERIE_CLSPL_CLSPL_20_unknown_datam.tar.bz2.extracted-test0839,20,8,1
SUERIE_CLSPL::LSDM_SUERIE_CLSPL_CLSPL_20_unknown_datam.tar.bz2.extracted-test0840,20,8,1
SUERIE_CLSPL::LSDM_SUERIE_CLSPL_CLSPL_20_unknown_datam.tar.bz2.extracted-test0841,20,8,1
SUERIE_CLSPL::LSDM_SUERIE_CLSPL_CLSPL_20_unknown_datam.tar.bz2.extracted-test0842,20,8,1
SUERIE_CLSPL::LSDM_SUERIE_CLSPL_CLSPL_20_unknown_datam.tar.bz2.extracted-test0843,20,8,1
SUERIE_CLSPL::LSDM_SUERIE_CLSPL_CLSPL_20_unknown_datam.tar.bz2.extracted-test0844,20,8,1
SUERIE_CLSPL::LSDM_SUERIE_CLSPL_CLSPL_20_unknown_datam.tar.bz2.extracted-test0845,20,8,1
SUERIE_CLSPL::LSDM_SUERIE_CLSPL_CLSPL_20_unknown_datam.tar.bz2.extracted-test0846,20,8,1
SUERIE_CLSPL::LSDM_SUERIE_CLSPL_CLSPL_20_unknown_datam.tar.bz2.extracted-test0847,20,8,1
SUERIE_CLSPL::LSDM_SUERIE_CLSPL_CLSPL_20_unknown_datam.tar.bz2.extracted-test0848,20,8,1
SUERIE_CLSPL::LSDM_SUERIE_CLSPL_CLSPL_20_unknown_datam.tar.bz2.extracted-test0849,20,8,1
SUERIE_CLSPL::LSDM_SUERIE_CLSPL_CLSPL_20_unknown_datam.tar.bz2.extracted-test0850,20,8,1
SUERIE_CLSPL::LSDM_SUERIE_CLSPL_CLSPL_20_unknown_datam.tar.bz2.extracted-test0851,20,8,1
SUERIE_CLSPL::LSDM_SUERIE_CLSPL_CLSPL_20_unknown_datam.tar.bz2.extracted-test0852,20,8,1
SUERIE_CLSPL::LSDM_SUERIE_CLSPL_CLSPL_20_unknown_datam.tar.bz2.extracted-test0853,20,8,1
SUERIE_CLSPL::LSDM_SUERIE_CLSPL_CLSPL_20_unknown_datam.tar.bz2.extracted-test0854,20,8,1
SUERIE_CLSPL::LSDM_SUERIE_CLSPL_CLSPL_20_unknown_datam.tar.bz2.extracted-test0855,20,8,1
SUERIE_CLSPL::LSDM_SUERIE_CLSPL_CLSPL_20_unknown_datam.tar.bz2.extracted-test0856,20,8,1
SUERIE_CLSPL::LSDM_SUERIE_CLSPL_CLSPL_20_unknown_datam.tar.bz2.extracted-test0857,20,8,1
SUERIE_CLSPL::LSDM_SUERIE_CLSPL_CLSPL_20_unknown_datam.tar.bz2.extracted-test0858,20,8,1
SUERIE_CLSPL::LSDM_SUERIE_CLSPL_CLSPL_20_unknown_datam.tar.bz2.extracted-test0859,20,8,1
SUERIE_CLSPL::LSDM_SUERIE_CLSPL_CLSPL_20_unknown_datam.tar.bz2.extracted-test0860,20,8,1
SUERIE_CLSPL::LSDM_SUERIE_CLSPL_CLSPL_20_unknown_datam.tar.bz2.extracted-test0861,20,8,1
SUERIE_CLSPL::LSDM_SUERIE_CLSPL_CLSPL_20_unknown_datam.tar.bz2.extracted-test0862,20,8,1
SUERIE_CLSPL::LSDM_SUERIE_CLSPL_CLSPL_20_unknown_datam.tar.bz2.extracted-test0863,20,8,1
SUERIE_CLSPL::LSDM_SUERIE_CLSPL_CLSPL_20_unknown_datam.tar.bz2.extracted-test0864,20,8,1
SUERIE_CLSPL::LSDM_SUERIE_CLSPL_CLSPL_20_unknown_datam.tar.bz2.extracted-test0865,20,8,1
SUERIE_CLSPL::LSDM_SUERIE_CLSPL_CLSPL_20_unknown_datam.tar.bz2.extracted-test0866,20,8,1
SUERIE_CLSPL::LSDM_SUERIE_CLSPL_CLSPL_20_unknown_datam.tar.bz2.extracted-test0867,20,8,1
SUERIE_CLSPL::LSDM_SUERIE_CLSPL_CLSPL_20_unknown_datam.tar.bz2.extracted-test0868,20,8,1
SUERIE_CLSPL::LSDM_SUERIE_CLSPL_CLSPL_20_unknown_datam.tar.bz2.extracted-test0869,20,8,1
SUERIE_CLSPL::LSDM_SUERIE_CLSPL_CLSPL_20_unknown_datam.tar.bz2.extracted-test0870,20,8,1
SUERIE_CLSPL::LSDM_SUERIE_CLSPL_CLSPL_20_unknown_datam.tar.bz2.extracted-test0871,20,8,1
SUERIE_CLSPL::LSDM_SUERIE_CLSPL_CLSPL_20_unknown_datam.tar.bz2.extracted-test0872,20,8,1
SUERIE_CLSPL::LSDM_SUERIE_CLSPL_CLSPL_20_unknown_datam.tar.bz2.extracted-test0873,20,8,1
SUERIE_CLSPL::LSDM_SUERIE_CLSPL_CLSPL_20_unknown_datam.tar.bz2.extracted-test0874,20,8,1
SUERIE_CLSPL::LSDM_SUERIE_CLSPL_CLSPL_20_unknown_datam.tar.bz2.extracted-test0875,20,8,1
SUERIE_CLSPL::LSDM_SUERIE_CLSPL_CLSPL_20_unknown_datam.tar.bz2.extracted-test0876,20,8,1
SUERIE_CLSPL::LSDM_SUERIE_CLSPL_CLSPL_20_unknown_datam.tar.bz2.extracted-test0877,20,8,1
SUERIE_CLSPL::LSDM_SUERIE_CLSPL_CLSPL_20_unknown_datam.tar.bz2.extracted-test0878,20,8,1
SUERIE_CLSPL::LSDM_SUERIE_CLSPL_CLSPL_20_unknown_datam.tar.bz2.extracted-test0879,20,8,1
SUERIE_CLSPL::LSDM_SUERIE_CLSPL_CLSPL_20_unknown_datam.tar.bz2.extracted-test0880,20,8,1
SUERIE_CLSPL::LSDM_SUERIE_CLSPL_CLSPL_20_unknown_datam.tar.bz2.extracted-test0881,20,8,1
SUERIE_CLSPL::LSDM_SUERIE_CLSPL_CLSPL_20_unknown_datam.tar.bz2.extracted-test0882,20,8,1
SUERIE_CLSPL::LSDM_SUERIE_CLSPL_CLSPL_20_unknown_datam.tar.bz2.extracted-test0883,20,8,1
SUERIE_CLSPL::LSDM_SUERIE_CLSPL_CLSPL_20_unknown_datam.tar.bz2.extracted-test0884,20,8,1
SUERIE_CLSPL::LSDM_SUERIE_CLSPL_CLSPL_20_unknown_datam.tar.bz2.extracted-test0885,20,8,1
SUERIE_CLSPL::LSDM_SUERIE_CLSPL_CLSPL_20_unknown_datam.tar.bz2.extracted-test0886,20,8,1
SUERIE_CLSPL::LSDM_SUERIE_CLSPL_CLSPL_20_unknown_datam.tar.bz2.extracted-test0887,20,8,1
SUERIE_CLSPL::LSDM_SUERIE_CLSPL_CLSPL_20_unknown_datam.tar.bz2.extracted-test0888,20,8,1
SUERIE_CLSPL::LSDM_SUERIE_CLSPL_CLSPL_20_unknown_datam.tar.bz2.extracted-test0889,20,8,1
SUERIE_CLSPL::LSDM_SUERIE_CLSPL_CLSPL_20_unknown_datam.tar.bz2.extracted-test0890,20,8,1
SUERIE_CLSPL::LSDM_SUERIE_CLSPL_CLSPL_20_unknown_datam.tar.bz2.extracted-test0891,20,8,1
SUERIE_CLSPL::LSDM_SUERIE_CLSPL_CLSPL_20_unknown_datam.tar.bz2.extracted-test0892,20,8,1
SUERIE_CLSPL::LSDM_SUERIE_CLSPL_CLSPL_20_unknown_datam.tar.bz2.extracted-test0893,20,8,1
SUERIE_CLSPL::LSDM_SUERIE_CLSPL_CLSPL_20_unknown_datam.tar.bz2.extracted-test0894,20,8,1
SUERIE_CLSPL::LSDM_SUERIE_CLSPL_CLSPL_20_unknown_datam.tar.bz2.extracted-test0895,20,8,1
SUERIE_CLSPL::LSDM_SUERIE_CLSPL_CLSPL_20_unknown_datam.tar.bz2.extracted-test0896,20,8,1
SUERIE_CLSPL::LSDM_SUERIE_CLSPL_CLSPL_20_unknown_datam.tar.bz2.extracted-test0897,20,8,1
SUERIE_CLSPL::LSDM_SUERIE_CLSPL_CLSPL_20_unknown_datam.tar.bz2.extracted-test0898,20,8,1
SUERIE_CLSPL::LSDM_SUERIE_CLSPL_CLSPL_20_unknown_datam.tar.bz2.extracted-test0899,20,8,1
SUERIE_CLSPL::LSDM_SUERIE_CLSPL_CLSPL_20_unknown_datam.tar.bz2.extracted-test0900,20,8,1
SUERIE_CLSPL::LSDM_SUERIE_CLSPL_CLSPL_20_unknown_datam.tar.bz2.extracted-test0901,20,8,1
SUERIE_CLSPL::LSDM_SUERIE_CLSPL_CLSPL_20_unknown_datam.tar.bz2.extracted-test0902,20,8,1
SUERIE_CLSPL::LSDM_SUERIE_CLSPL_CLSPL_20_unknown_datam.tar.bz2.extracted-test0903,20,8,1
SUERIE_CLSPL::LSDM_SUERIE_CLSPL_CLSPL_20_unknown_datam.tar.bz2.extracted-test0904,20,8,1
SUERIE_CLSPL::LSDM_SUERIE_CLSPL_CLSPL_20_unknown_datam.tar.bz2.extracted-test0905,20,8,1
SUERIE_CLSPL::LSDM_SUERIE_CLSPL_CLSPL_20_unknown_datam.tar.bz2.extracted-test0906,20,8,1
SUERIE_CLSPL::LSDM_SUERIE_CLSPL_CLSPL_20_unknown_datam.tar.bz2.extracted-test0907,20,8,1
SUERIE_CLSPL::LSDM_SUERIE_CLSPL_CLSPL_20_unknown_datam.tar.bz2.extracted-test0908,20,8,1
SUERIE_CLSPL::LSDM_SUERIE_CLSPL_CLSPL_20_unknown_datam.tar.bz2.extracted-test0909,20,8,1
SUERIE_CLSPL::LSDM_SUERIE_CLSPL_CLSPL_20_unknown_datam.tar.bz2.extracted-test0910,20,8,1
SUERIE_CLSPL::LSDM_SUERIE_CLSPL_CLSPL_20_unknown_datam.tar.bz2.extracted-test0911,20,8,1
SUERIE_CLSPL::LSDM_SUERIE_CLSPL_CLSPL_20_unknown_datam.tar.bz2.extracted-test0912,20,8,1
SUERIE_CLSPL::LSDM_SUERIE_CLSPL_CLSPL_20_unknown_datam.tar.bz2.extracted-test0913,20,8,1
SUERIE_CLSPL::LSDM_SUERIE_CLSPL_CLSPL_20_unknown_datam.tar.bz2.extracted-test0914,20,8,1
SUERIE_CLSPL::LSDM_SUERIE_CLSPL_CLSPL_20_unknown_datam.tar.bz2.extracted-test0915,20,8,1
SUERIE_CLSPL::LSDM_SUERIE_CLSPL_CLSPL_20_unknown_datam.tar.bz2.extracted-test0916,20,8,1
SUERIE_CLSPL::LSDM_SUERIE_CLSPL_CLSPL_20_unknown_datam.tar.bz2.extracted-test0917,20,8,1
SUERIE_CLSPL::LSDM_SUERIE_CLSPL_CLSPL_20_unknown_datam.tar.bz2.extracted-test0918,20,8,1
SUERIE_CLSPL::LSDM_SUERIE_CLSPL_CLSPL_20_unknown_datam.tar.bz2.extracted-test0919,20,8,1
SUERIE_CLSPL::LSDM_SUERIE_CLSPL_CLSPL_20_unknown_datam.tar.bz2.extracted-test0920,20,8,1
SUERIE_CLSPL::LSDM_SUERIE_CLSPL_CLSPL_20_unknown_datam.tar.bz2.extracted-test0921,20,8,1
SUERIE_CLSPL::LSDM_SUERIE_CLSPL_CLSPL_20_unknown_datam.tar.bz2.extracted-test0922,20,8,1
SUERIE_CLSPL::LSDM_SUERIE_CLSPL_CLSPL_20_unknown_datam.tar.bz2.extracted-test0923,20,8,1
SUERIE_CLSPL::LSDM_SUERIE_CLSPL_CLSPL_20_unknown_datam.tar.bz2.extracted-test0924,20,8,1
SUERIE_CLSPL::LSDM_SUERIE_CLSPL_CLSPL_20_unknown_datam.tar.bz2.extracted-test0925,20,8,1
SUERIE_CLSPL::LSDM_SUERIE_CLSPL_CLSPL_20_unknown_datam.tar.bz2.extracted-test0926,20,8,1
SUERIE_CLSPL::LSDM_SUERIE_CLSPL_CLSPL_20_unknown_datam.tar.bz2.extracted-test0927,20,8,1
SUERIE_CLSPL::LSDM_SUERIE_CLSPL_CLSPL_20_unknown_datam.tar.bz2.extracted-test0928,20,8,1
SUERIE_CLSPL::LSDM_SUERIE_CLSPL_CLSPL_20_unknown_datam.tar.bz2.extracted-test0929,20,8,1
SUERIE_CLSPL::LSDM_SUERIE_CLSPL_CLSPL_20_unknown_datam.tar.bz2.extracted-test0930,20,8,1
SUERIE_CLSPL::LSDM_SUERIE_CLSPL_CLSPL_20_unknown_datam.tar.bz2.extracted-test0931,20,8,1
SUERIE_CLSPL::LSDM_SUERIE_CLSPL_CLSPL_20_unknown_datam.tar.bz2.extracted-test0932,20,8,1
SUERIE_CLSPL::LSDM_SUERIE_CLSPL_CLSPL_20_unknown_datam.tar.bz2.extracted-test0933,20,8,1
SUERIE_CLSPL::LSDM_SUERIE_CLSPL_CLSPL_20_unknown_datam.tar.bz2.extracted-test0934,20,8,1
SUERIE_CLSPL::LSDM_SUERIE_CLSPL_CLSPL_20_unknown_datam.tar.bz2.extracted-test0935,20,8,1
SUERIE_CLSPL::LSDM_SUERIE_CLSPL_CLSPL_20_unknown_datam.tar.bz2.extracted-test0936,20,8,1
SUERIE_CLSPL::LSDM_SUERIE_CLSPL_CLSPL_20_unknown_datam.tar.bz2.extracted-test0937,20,8,1
SUERIE_CLSPL::LSDM_SUERIE_CLSPL_CLSPL_20_unknown_datam.tar.bz2.extracted-test0938,20,8,1
SUERIE_CLSPL::LSDM_SUERIE_CLSPL_CLSPL_20_unknown_datam.tar.bz2.extracted-test0939,20,8,1
SUERIE_CLSPL::LSDM_SUERIE_CLSPL_CLSPL_20_unknown_datam.tar.bz2.extracted-test0940,20,8,1
SUERIE_CLSPL::LSDM_SUERIE_CLSPL_CLSPL_30_unknown_data.tar.bz2.extracted-test0361,30,6,1
SUERIE_CLSPL::LSDM_SUERIE_CLSPL_CLSPL_30_unknown_data.tar.bz2.extracted-test0362,30,6,1
SUERIE_CLSPL::LSDM_SUERIE_CLSPL_CLSPL_30_unknown_data.tar.bz2.extracted-test0363,30,6,1
SUERIE_CLSPL::LSDM_SUERIE_CLSPL_CLSPL_30_unknown_data.tar.bz2.extracted-test0364,30,6,1
SUERIE_CLSPL::LSDM_SUERIE_CLSPL_CLSPL_30_unknown_data.tar.bz2.extracted-test0365,30,6,1
SUERIE_CLSPL::LSDM_SUERIE_CLSPL_CLSPL_30_unknown_data.tar.bz2.extracted-test0366,30,12,1
SUERIE_CLSPL::LSDM_SUERIE_CLSPL_CLSPL_30_unknown_data.tar.bz2.extracted-test0367,30,12,1
SUERIE_CLSPL::LSDM_SUERIE_CLSPL_CLSPL_30_unknown_data.tar.bz2.extracted-test0368,30,12,1
SUERIE_CLSPL::LSDM_SUERIE_CLSPL_CLSPL_30_unknown_data.tar.bz2.extracted-test0369,30,12,1
SUERIE_CLSPL::LSDM_SUERIE_CLSPL_CLSPL_30_unknown_data.tar.bz2.extracted-test0370,30,12,1
SUERIE_CLSPL::LSDM_SUERIE_CLSPL_CLSPL_30_unknown_data.tar.bz2.extracted-test0371,30,24,1
SUERIE_CLSPL::LSDM_SUERIE_CLSPL_CLSPL_30_unknown_data.tar.bz2.extracted-test0372,30,24,1
SUERIE_CLSPL::LSDM_SUERIE_CLSPL_CLSPL_30_unknown_data.tar.bz2.extracted-test0373,30,24,1
SUERIE_CLSPL::LSDM_SUERIE_CLSPL_CLSPL_30_unknown_data.tar.bz2.extracted-test0374,30,24,1
SUERIE_CLSPL::LSDM_SUERIE_CLSPL_CLSPL_30_unknown_data.tar.bz2.extracted-test0375,30,24,1
TD1996::TD-C100-T16-R10-F15::g0151111,16,100,10
TD1996::TD-C100-T16-R10-F15::g0151121,16,100,10
TD1996::TD-C100-T16-R10-F15::g0151131,16,100,10
TD1996::TD-C100-T16-R10-F15::g0151141,16,100,10
TD1996::TD-C100-T16-R10-F15::g0151151,16,100,10
TD1996::TD-C100-T16-R10-F15::g0151211,16,100,10
TD1996::TD-C100-T16-R10-F15::g0151221,16,100,10
TD1996::TD-C100-T16-R10-F15::g0151231,16,100,10
TD1996::TD-C100-T16-R10-F15::g0151241,16,100,10
TD1996::TD-C100-T16-R10-F15::g0151251,16,100,10
TD1996::TD-C100-T16-R10-F15::g0151311,16,100,10
TD1996::TD-C100-T16-R10-F15::g0151321,16,100,10
TD1996::TD-C100-T16-R10-F15::g0151331,16,100,10
TD1996::TD-C100-T16-R10-F15::g0151341,16,100,10
TD1996::TD-C100-T16-R10-F15::g0151351,16,100,10
TD1996::TD-C100-T16-R10-F15::g0151411,16,100,10
TD1996::TD-C100-T16-R10-F15::g0151421,16,100,10
TD1996::TD-C100-T16-R10-F15::g0151431,16,100,10
TD1996::TD-C100-T16-R10-F15::g0151441,16,100,10
TD1996::TD-C100-T16-R10-F15::g0151451,16,100,10
TD1996::TD-C100-T16-R10-F15::g0151511,16,100,10
TD1996::TD-C100-T16-R10-F15::g0151521,16,100,10
TD1996::TD-C100-T16-R10-F15::g0151531,16,100,10
TD1996::TD-C100-T16-R10-F15::g0151541,16,100,10
TD1996::TD-C100-T16-R10-F15::g0151551,16,100,10
TD1996::TD-C100-T16-R10-F15::g0155111,16,100,10
TD1996::TD-C100-T16-R10-F15::g0155121,16,100,10
TD1996::TD-C100-T16-R10-F15::g0155131,16,100,10
TD1996::TD-C100-T16-R10-F15::g0155141,16,100,10
TD1996::TD-C100-T16-R10-F15::g0155151,16,100,10
TD1996::TD-C100-T16-R10-F15::g0155211,16,100,10
TD1996::TD-C100-T16-R10-F15::g0155221,16,100,10
TD1996::TD-C100-T16-R10-F15::g0155231,16,100,10
TD1996::TD-C100-T16-R10-F15::g0155241,16,100,10
TD1996::TD-C100-T16-R10-F15::g0155251,16,100,10
TD1996::TD-C100-T16-R10-F15::g0155311,16,100,10
TD1996::TD-C100-T16-R10-F15::g0155321,16,100,10
TD1996::TD-C100-T16-R10-F15::g0155331,16,100,10
TD1996::TD-C100-T16-R10-F15::g0155341,16,100,10
TD1996::TD-C100-T16-R10-F15::g0155351,16,100,10
TD1996::TD-C100-T16-R10-F15::g0155411,16,100,10
TD1996::TD-C100-T16-R10-F15::g0155421,16,100,10
TD1996::TD-C100-T16-R10-F15::g0155431,16,100,10
TD1996::TD-C100-T16-R10-F15::g0155441,16,100,10
TD1996::TD-C100-T16-R10-F15::g0155451,16,100,10
TD1996::TD-C100-T16-R10-F15::g0155511,16,100,10
TD1996::TD-C100-T16-R10-F15::g0155521,16,100,10
TD1996::TD-C100-T16-R10-F15::g0155531,16,100,10
TD1996::TD-C100-T16-R10-F15::g0155541,16,100,10
TD1996::TD-C100-T16-R10-F15::g0155551,16,100,10
TD1996::TD-C100-T16-R10-F15::g0159111,16,100,10
TD1996::TD-C100-T16-R10-F15::g0159121,16,100,10
TD1996::TD-C100-T16-R10-F15::g0159131,16,100,10
TD1996::TD-C100-T16-R10-F15::g0159141,16,100,10
TD1996::TD-C100-T16-R10-F15::g0159151,16,100,10
TD1996::TD-C100-T16-R10-F15::g0159211,16,100,10
TD1996::TD-C100-T16-R10-F15::g0159221,16,100,10
TD1996::TD-C100-T16-R10-F15::g0159231,16,100,10
TD1996::TD-C100-T16-R10-F15::g0159241,16,100,10
TD1996::TD-C100-T16-R10-F15::g0159251,16,100,10
TD1996::TD-C100-T16-R10-F15::g0159311,16,100,10
TD1996::TD-C100-T16-R10-F15::g0159321,16,100,10
TD1996::TD-C100-T16-R10-F15::g0159331,16,100,10
TD1996::TD-C100-T16-R10-F15::g0159341,16,100,10
TD1996::TD-C100-T16-R10-F15::g0159351,16,100,10
TD1996::TD-C100-T16-R10-F15::g0159411,16,100,10
TD1996::TD-C100-T16-R10-F15::g0159421,16,100,10
TD1996::TD-C100-T16-R10-F15::g0159431,16,100,10
TD1996::TD-C100-T16-R10-F15::g0159441,16,100,10
TD1996::TD-C100-T16-R10-F15::g0159451,16,100,10
TD1996::TD-C100-T16-R10-F15::g0159511,16,100,10
TD1996::TD-C100-T16-R10-F15::g0159521,16,100,10
TD1996::TD-C100-T16-R10-F15::g0159531,16,100,10
TD1996::TD-C100-T16-R10-F15::g0159541,16,100,10
TD1996::TD-C100-T16-R10-F15::g0159551,16,100,10
TD1996::TD-C100-T16-R10-F15::g8151111,16,100,10
TD1996::TD-C100-T16-R10-F15::g8151121,16,100,10
TD1996::TD-C100-T16-R10-F15::g8151131,16,100,10
TD1996::TD-C100-T16-R10-F15::g8151141,16,100,10
TD1996::TD-C100-T16-R10-F15::g8151151,16,100,10
TD1996::TD-C100-T16-R10-F15::g8151211,16,100,10
TD1996::TD-C100-T16-R10-F15::g8151221,16,100,10
TD1996::TD-C100-T16-R10-F15::g8151231,16,100,10
TD1996::TD-C100-T16-R10-F15::g8151241,16,100,10
TD1996::TD-C100-T16-R10-F15::g8151251,16,100,10
TD1996::TD-C100-T16-R10-F15::g8151311,16,100,10
TD1996::TD-C100-T16-R10-F15::g8151321,16,100,10
TD1996::TD-C100-T16-R10-F15::g8151331,16,100,10
TD1996::TD-C100-T16-R10-F15::g8151341,16,100,10
TD1996::TD-C100-T16-R10-F15::g8151351,16,100,10
TD1996::TD-C100-T16-R10-F15::g8151411,16,100,10
TD1996::TD-C100-T16-R10-F15::g8151421,16,100,10
TD1996::TD-C100-T16-R10-F15::g8151431,16,100,10
TD1996::TD-C100-T16-R10-F15::g8151441,16,100,10
TD1996::TD-C100-T16-R10-F15::g8151451,16,100,10
TD1996::TD-C100-T16-R10-F15::g8151511,16,100,10
TD1996::TD-C100-T16-R10-F15::g8151521,16,100,10
TD1996::TD-C100-T16-R10-F15::g8151531,16,100,10
TD1996::TD-C100-T16-R10-F15::g8151541,16,100,10
TD1996::TD-C100-T16-R10-F15::g8151551,16,100,10
TD1996::TD-C100-T16-R10-F15::g8155111,16,100,10
TD1996::TD-C100-T16-R10-F15::g8155121,16,100,10
TD1996::TD-C100-T16-R10-F15::g8155131,16,100,10
TD1996::TD-C100-T16-R10-F15::g8155141,16,100,10
TD1996::TD-C100-T16-R10-F15::g8155151,16,100,10
TD1996::TD-C100-T16-R10-F15::g8155211,16,100,10
TD1996::TD-C100-T16-R10-F15::g8155221,16,100,10
TD1996::TD-C100-T16-R10-F15::g8155231,16,100,10
TD1996::TD-C100-T16-R10-F15::g8155241,16,100,10
TD1996::TD-C100-T16-R10-F15::g8155251,16,100,10
TD1996::TD-C100-T16-R10-F15::g8155311,16,100,10
TD1996::TD-C100-T16-R10-F15::g8155321,16,100,10
TD1996::TD-C100-T16-R10-F15::g8155331,16,100,10
TD1996::TD-C100-T16-R10-F15::g8155341,16,100,10
TD1996::TD-C100-T16-R10-F15::g8155351,16,100,10
TD1996::TD-C100-T16-R10-F15::g8155411,16,100,10
TD1996::TD-C100-T16-R10-F15::g8155421,16,100,10
TD1996::TD-C100-T16-R10-F15::g8155431,16,100,10
TD1996::TD-C100-T16-R10-F15::g8155441,16,100,10
TD1996::TD-C100-T16-R10-F15::g8155451,16,100,10
TD1996::TD-C100-T16-R10-F15::g8155511,16,100,10
TD1996::TD-C100-T16-R10-F15::g8155521,16,100,10
TD1996::TD-C100-T16-R10-F15::g8155531,16,100,10
TD1996::TD-C100-T16-R10-F15::g8155541,16,100,10
TD1996::TD-C100-T16-R10-F15::g8155551,16,100,10
TD1996::TD-C100-T16-R10-F15::g8159111,16,100,10
TD1996::TD-C100-T16-R10-F15::g8159121,16,100,10
TD1996::TD-C100-T16-R10-F15::g8159131,16,100,10
TD1996::TD-C100-T16-R10-F15::g8159141,16,100,10
TD1996::TD-C100-T16-R10-F15::g8159151,16,100,10
TD1996::TD-C100-T16-R10-F15::g8159211,16,100,10
TD1996::TD-C100-T16-R10-F15::g8159221,16,100,10
TD1996::TD-C100-T16-R10-F15::g8159231,16,100,10
TD1996::TD-C100-T16-R10-F15::g8159241,16,100,10
TD1996::TD-C100-T16-R10-F15::g8159251,16,100,10
TD1996::TD-C100-T16-R10-F15::g8159311,16,100,10
TD1996::TD-C100-T16-R10-F15::g8159321,16,100,10
TD1996::TD-C100-T16-R10-F15::g8159331,16,100,10
TD1996::TD-C100-T16-R10-F15::g8159341,16,100,10
TD1996::TD-C100-T16-R10-F15::g8159351,16,100,10
TD1996::TD-C100-T16-R10-F15::g8159411,16,100,10
TD1996::TD-C100-T16-R10-F15::g8159421,16,100,10
TD1996::TD-C100-T16-R10-F15::g8159431,16,100,10
TD1996::TD-C100-T16-R10-F15::g8159441,16,100,10
TD1996::TD-C100-T16-R10-F15::g8159451,16,100,10
TD1996::TD-C100-T16-R10-F15::g8159511,16,100,10
TD1996::TD-C100-T16-R10-F15::g8159521,16,100,10
TD1996::TD-C100-T16-R10-F15::g8159531,16,100,10
TD1996::TD-C100-T16-R10-F15::g8159541,16,100,10
TD1996::TD-C100-T16-R10-F15::g8159551,16,100,10
TD1996::TD-C10-T4-R3-F1::K0011111,4,10,3
TD1996::TD-C10-T4-R3-F1::K0011112,4,10,3
TD1996::TD-C10-T4-R3-F1::K0011113,4,10,3
TD1996::TD-C10-T4-R3-F1::K0011114,4,10,3
TD1996::TD-C10-T4-R3-F1::K0011115,4,10,3
TD1996::TD-C10-T4-R3-F1::K0011121,4,10,3
TD1996::TD-C10-T4-R3-F1::K0011122,4,10,3
TD1996::TD-C10-T4-R3-F1::K0011123,4,10,3
TD1996::TD-C10-T4-R3-F1::K0011124,4,10,3
TD1996::TD-C10-T4-R3-F1::K0011125,4,10,3
TD1996::TD-C10-T4-R3-F1::K0011131,4,10,3
TD1996::TD-C10-T4-R3-F1::K0011132,4,10,3
TD1996::TD-C10-T4-R3-F1::K0011133,4,10,3
TD1996::TD-C10-T4-R3-F1::K0011134,4,10,3
TD1996::TD-C10-T4-R3-F1::K0011135,4,10,3
TD1996::TD-C10-T4-R3-F1::K0011141,4,10,3
TD1996::TD-C10-T4-R3-F1::K0011142,4,10,3
TD1996::TD-C10-T4-R3-F1::K0011143,4,10,3
TD1996::TD-C10-T4-R3-F1::K0011144,4,10,3
TD1996::TD-C10-T4-R3-F1::K0011145,4,10,3
TD1996::TD-C10-T4-R3-F1::K0011151,4,10,3
TD1996::TD-C10-T4-R3-F1::K0011152,4,10,3
TD1996::TD-C10-T4-R3-F1::K0011153,4,10,3
TD1996::TD-C10-T4-R3-F1::K0011154,4,10,3
TD1996::TD-C10-T4-R3-F1::K0011155,4,10,3
TD1996::TD-C10-T4-R3-F1::K0011211,4,10,3
TD1996::TD-C10-T4-R3-F1::K0011212,4,10,3
TD1996::TD-C10-T4-R3-F1::K0011213,4,10,3
TD1996::TD-C10-T4-R3-F1::K0011214,4,10,3
TD1996::TD-C10-T4-R3-F1::K0011215,4,10,3
TD1996::TD-C10-T4-R3-F1::K0011221,4,10,3
TD1996::TD-C10-T4-R3-F1::K0011222,4,10,3
TD1996::TD-C10-T4-R3-F1::K0011223,4,10,3
TD1996::TD-C10-T4-R3-F1::K0011224,4,10,3
TD1996::TD-C10-T4-R3-F1::K0011225,4,10,3
TD1996::TD-C10-T4-R3-F1::K0011231,4,10,3
TD1996::TD-C10-T4-R3-F1::K0011232,4,10,3
TD1996::TD-C10-T4-R3-F1::K0011233,4,10,3
TD1996::TD-C10-T4-R3-F1::K0011234,4,10,3
TD1996::TD-C10-T4-R3-F1::K0011235,4,10,3
TD1996::TD-C10-T4-R3-F1::K0011241,4,10,3
TD1996::TD-C10-T4-R3-F1::K0011242,4,10,3
TD1996::TD-C10-T4-R3-F1::K0011243,4,10,3
TD1996::TD-C10-T4-R3-F1::K0011244,4,10,3
TD1996::TD-C10-T4-R3-F1::K0011245,4,10,3
TD1996::TD-C10-T4-R3-F1::K0011251,4,10,3
TD1996::TD-C10-T4-R3-F1::K0011252,4,10,3
TD1996::TD-C10-T4-R3-F1::K0011253,4,10,3
TD1996::TD-C10-T4-R3-F1::K0011254,4,10,3
TD1996::TD-C10-T4-R3-F1::K0011255,4,10,3
TD1996::TD-C10-T4-R3-F1::K0011311,4,10,3
TD1996::TD-C10-T4-R3-F1::K0011312,4,10,3
TD1996::TD-C10-T4-R3-F1::K0011313,4,10,3
TD1996::TD-C10-T4-R3-F1::K0011314,4,10,3
TD1996::TD-C10-T4-R3-F1::K0011315,4,10,3
TD1996::TD-C10-T4-R3-F1::K0011321,4,10,3
TD1996::TD-C10-T4-R3-F1::K0011322,4,10,3
TD1996::TD-C10-T4-R3-F1::K0011323,4,10,3
TD1996::TD-C10-T4-R3-F1::K0011324,4,10,3
TD1996::TD-C10-T4-R3-F1::K0011325,4,10,3
TD1996::TD-C10-T4-R3-F1::K0011331,4,10,3
TD1996::TD-C10-T4-R3-F1::K0011332,4,10,3
TD1996::TD-C10-T4-R3-F1::K0011333,4,10,3
TD1996::TD-C10-T4-R3-F1::K0011334,4,10,3
TD1996::TD-C10-T4-R3-F1::K0011335,4,10,3
TD1996::TD-C10-T4-R3-F1::K0011341,4,10,3
TD1996::TD-C10-T4-R3-F1::K0011342,4,10,3
TD1996::TD-C10-T4-R3-F1::K0011343,4,10,3
TD1996::TD-C10-T4-R3-F1::K0011344,4,10,3
TD1996::TD-C10-T4-R3-F1::K0011345,4,10,3
TD1996::TD-C10-T4-R3-F1::K0011351,4,10,3
TD1996::TD-C10-T4-R3-F1::K0011352,4,10,3
TD1996::TD-C10-T4-R3-F1::K0011353,4,10,3
TD1996::TD-C10-T4-R3-F1::K0011354,4,10,3
TD1996::TD-C10-T4-R3-F1::K0011355,4,10,3
TD1996::TD-C10-T4-R3-F1::K0011411,4,10,3
TD1996::TD-C10-T4-R3-F1::K0011412,4,10,3
TD1996::TD-C10-T4-R3-F1::K0011413,4,10,3
TD1996::TD-C10-T4-R3-F1::K0011414,4,10,3
TD1996::TD-C10-T4-R3-F1::K0011415,4,10,3
TD1996::TD-C10-T4-R3-F1::K0011421,4,10,3
TD1996::TD-C10-T4-R3-F1::K0011422,4,10,3
TD1996::TD-C10-T4-R3-F1::K0011423,4,10,3
TD1996::TD-C10-T4-R3-F1::K0011424,4,10,3
TD1996::TD-C10-T4-R3-F1::K0011425,4,10,3
TD1996::TD-C10-T4-R3-F1::K0011431,4,10,3
TD1996::TD-C10-T4-R3-F1::K0011432,4,10,3
TD1996::TD-C10-T4-R3-F1::K0011433,4,10,3
TD1996::TD-C10-T4-R3-F1::K0011434,4,10,3
TD1996::TD-C10-T4-R3-F1::K0011435,4,10,3
TD1996::TD-C10-T4-R3-F1::K0011441,4,10,3
TD1996::TD-C10-T4-R3-F1::K0011442,4,10,3
TD1996::TD-C10-T4-R3-F1::K0011443,4,10,3
TD1996::TD-C10-T4-R3-F1::K0011444,4,10,3
TD1996::TD-C10-T4-R3-F1::K0011445,4,10,3
TD1996::TD-C10-T4-R3-F1::K0011451,4,10,3
TD1996::TD-C10-T4-R3-F1::K0011452,4,10,3
TD1996::TD-C10-T4-R3-F1::K0011453,4,10,3
TD1996::TD-C10-T4-R3-F1::K0011454,4,10,3
TD1996::TD-C10-T4-R3-F1::K0011455,4,10,3
TD1996::TD-C10-T4-R3-F1::K0011511,4,10,3
TD1996::TD-C10-T4-R3-F1::K0011512,4,10,3
TD1996::TD-C10-T4-R3-F1::K0011513,4,10,3
TD1996::TD-C10-T4-R3-F1::K0011514,4,10,3
TD1996::TD-C10-T4-R3-F1::K0011515,4,10,3
TD1996::TD-C10-T4-R3-F1::K0011521,4,10,3
TD1996::TD-C10-T4-R3-F1::K0011522,4,10,3
TD1996::TD-C10-T4-R3-F1::K0011523,4,10,3
TD1996::TD-C10-T4-R3-F1::K0011524,4,10,3
TD1996::TD-C10-T4-R3-F1::K0011525,4,10,3
TD1996::TD-C10-T4-R3-F1::K0011531,4,10,3
TD1996::TD-C10-T4-R3-F1::K0011532,4,10,3
TD1996::TD-C10-T4-R3-F1::K0011533,4,10,3
TD1996::TD-C10-T4-R3-F1::K0011534,4,10,3
TD1996::TD-C10-T4-R3-F1::K0011535,4,10,3
TD1996::TD-C10-T4-R3-F1::K0011541,4,10,3
TD1996::TD-C10-T4-R3-F1::K0011542,4,10,3
TD1996::TD-C10-T4-R3-F1::K0011543,4,10,3
TD1996::TD-C10-T4-R3-F1::K0011544,4,10,3
TD1996::TD-C10-T4-R3-F1::K0011545,4,10,3
TD1996::TD-C10-T4-R3-F1::K0011551,4,10,3
TD1996::TD-C10-T4-R3-F1::K0011552,4,10,3
TD1996::TD-C10-T4-R3-F1::K0011553,4,10,3
TD1996::TD-C10-T4-R3-F1::K0011554,4,10,3
TD1996::TD-C10-T4-R3-F1::K0011555,4,10,3
TD1996::TD-C10-T4-R3-F1::K0014111,4,10,3
TD1996::TD-C10-T4-R3-F1::K0014112,4,10,3
TD1996::TD-C10-T4-R3-F1::K0014113,4,10,3
TD1996::TD-C10-T4-R3-F1::K0014114,4,10,3
TD1996::TD-C10-T4-R3-F1::K0014115,4,10,3
TD1996::TD-C10-T4-R3-F1::K0014121,4,10,3
TD1996::TD-C10-T4-R3-F1::K0014122,4,10,3
TD1996::TD-C10-T4-R3-F1::K0014123,4,10,3
TD1996::TD-C10-T4-R3-F1::K0014124,4,10,3
TD1996::TD-C10-T4-R3-F1::K0014125,4,10,3
TD1996::TD-C10-T4-R3-F1::K0014131,4,10,3
TD1996::TD-C10-T4-R3-F1::K0014132,4,10,3
TD1996::TD-C10-T4-R3-F1::K0014133,4,10,3
TD1996::TD-C10-T4-R3-F1::K0014134,4,10,3
TD1996::TD-C10-T4-R3-F1::K0014135,4,10,3
TD1996::TD-C10-T4-R3-F1::K0014141,4,10,3
TD1996::TD-C10-T4-R3-F1::K0014142,4,10,3
TD1996::TD-C10-T4-R3-F1::K0014143,4,10,3
TD1996::TD-C10-T4-R3-F1::K0014144,4,10,3
TD1996::TD-C10-T4-R3-F1::K0014145,4,10,3
TD1996::TD-C10-T4-R3-F1::K0014151,4,10,3
TD1996::TD-C10-T4-R3-F1::K0014152,4,10,3
TD1996::TD-C10-T4-R3-F1::K0014153,4,10,3
TD1996::TD-C10-T4-R3-F1::K0014154,4,10,3
TD1996::TD-C10-T4-R3-F1::K0014155,4,10,3
TD1996::TD-C10-T4-R3-F1::K0014211,4,10,3
TD1996::TD-C10-T4-R3-F1::K0014212,4,10,3
TD1996::TD-C10-T4-R3-F1::K0014213,4,10,3
TD1996::TD-C10-T4-R3-F1::K0014214,4,10,3
TD1996::TD-C10-T4-R3-F1::K0014215,4,10,3
TD1996::TD-C10-T4-R3-F1::K0014221,4,10,3
TD1996::TD-C10-T4-R3-F1::K0014222,4,10,3
TD1996::TD-C10-T4-R3-F1::K0014223,4,10,3
TD1996::TD-C10-T4-R3-F1::K0014224,4,10,3
TD1996::TD-C10-T4-R3-F1::K0014225,4,10,3
TD1996::TD-C10-T4-R3-F1::K0014231,4,10,3
TD1996::TD-C10-T4-R3-F1::K0014232,4,10,3
TD1996::TD-C10-T4-R3-F1::K0014233,4,10,3
TD1996::TD-C10-T4-R3-F1::K0014234,4,10,3
TD1996::TD-C10-T4-R3-F1::K0014235,4,10,3
TD1996::TD-C10-T4-R3-F1::K0014241,4,10,3
TD1996::TD-C10-T4-R3-F1::K0014242,4,10,3
TD1996::TD-C10-T4-R3-F1::K0014243,4,10,3
TD1996::TD-C10-T4-R3-F1::K0014244,4,10,3
TD1996::TD-C10-T4-R3-F1::K0014245,4,10,3
TD1996::TD-C10-T4-R3-F1::K0014251,4,10,3
TD1996::TD-C10-T4-R3-F1::K0014252,4,10,3
TD1996::TD-C10-T4-R3-F1::K0014253,4,10,3
TD1996::TD-C10-T4-R3-F1::K0014254,4,10,3
TD1996::TD-C10-T4-R3-F1::K0014255,4,10,3
TD1996::TD-C10-T4-R3-F1::K0014311,4,10,3
TD1996::TD-C10-T4-R3-F1::K0014312,4,10,3
TD1996::TD-C10-T4-R3-F1::K0014313,4,10,3
TD1996::TD-C10-T4-R3-F1::K0014314,4,10,3
TD1996::TD-C10-T4-R3-F1::K0014315,4,10,3
TD1996::TD-C10-T4-R3-F1::K0014321,4,10,3
TD1996::TD-C10-T4-R3-F1::K0014322,4,10,3
TD1996::TD-C10-T4-R3-F1::K0014323,4,10,3
TD1996::TD-C10-T4-R3-F1::K0014324,4,10,3
TD1996::TD-C10-T4-R3-F1::K0014325,4,10,3
TD1996::TD-C10-T4-R3-F1::K0014331,4,10,3
TD1996::TD-C10-T4-R3-F1::K0014332,4,10,3
TD1996::TD-C10-T4-R3-F1::K0014333,4,10,3
TD1996::TD-C10-T4-R3-F1::K0014334,4,10,3
TD1996::TD-C10-T4-R3-F1::K0014335,4,10,3
TD1996::TD-C10-T4-R3-F1::K0014341,4,10,3
TD1996::TD-C10-T4-R3-F1::K0014342,4,10,3
TD1996::TD-C10-T4-R3-F1::K0014343,4,10,3
TD1996::TD-C10-T4-R3-F1::K0014344,4,10,3
TD1996::TD-C10-T4-R3-F1::K0014345,4,10,3
TD1996::TD-C10-T4-R3-F1::K0014351,4,10,3
TD1996::TD-C10-T4-R3-F1::K0014352,4,10,3
TD1996::TD-C10-T4-R3-F1::K0014353,4,10,3
TD1996::TD-C10-T4-R3-F1::K0014354,4,10,3
TD1996::TD-C10-T4-R3-F1::K0014355,4,10,3
TD1996::TD-C10-T4-R3-F1::K0014411,4,10,3
TD1996::TD-C10-T4-R3-F1::K0014412,4,10,3
TD1996::TD-C10-T4-R3-F1::K0014413,4,10,3
TD1996::TD-C10-T4-R3-F1::K0014414,4,10,3
TD1996::TD-C10-T4-R3-F1::K0014415,4,10,3
TD1996::TD-C10-T4-R3-F1::K0014421,4,10,3
TD1996::TD-C10-T4-R3-F1::K0014422,4,10,3
TD1996::TD-C10-T4-R3-F1::K0014423,4,10,3
TD1996::TD-C10-T4-R3-F1::K0014424,4,10,3
TD1996::TD-C10-T4-R3-F1::K0014425,4,10,3
TD1996::TD-C10-T4-R3-F1::K0014431,4,10,3
TD1996::TD-C10-T4-R3-F1::K0014432,4,10,3
TD1996::TD-C10-T4-R3-F1::K0014433,4,10,3
TD1996::TD-C10-T4-R3-F1::K0014434,4,10,3
TD1996::TD-C10-T4-R3-F1::K0014435,4,10,3
TD1996::TD-C10-T4-R3-F1::K0014441,4,10,3
TD1996::TD-C10-T4-R3-F1::K0014442,4,10,3
TD1996::TD-C10-T4-R3-F1::K0014443,4,10,3
TD1996::TD-C10-T4-R3-F1::K0014444,4,10,3
TD1996::TD-C10-T4-R3-F1::K0014445,4,10,3
TD1996::TD-C10-T4-R3-F1::K0014451,4,10,3
TD1996::TD-C10-T4-R3-F1::K0014452,4,10,3
TD1996::TD-C10-T4-R3-F1::K0014453,4,10,3
TD1996::TD-C10-T4-R3-F1::K0014454,4,10,3
TD1996::TD-C10-T4-R3-F1::K0014455,4,10,3
TD1996::TD-C10-T4-R3-F1::K0014511,4,10,3
TD1996::TD-C10-T4-R3-F1::K0014512,4,10,3
TD1996::TD-C10-T4-R3-F1::K0014513,4,10,3
TD1996::TD-C10-T4-R3-F1::K0014514,4,10,3
TD1996::TD-C10-T4-R3-F1::K0014515,4,10,3
TD1996::TD-C10-T4-R3-F1::K0014521,4,10,3
TD1996::TD-C10-T4-R3-F1::K0014522,4,10,3
TD1996::TD-C10-T4-R3-F1::K0014523,4,10,3
TD1996::TD-C10-T4-R3-F1::K0014524,4,10,3
TD1996::TD-C10-T4-R3-F1::K0014525,4,10,3
TD1996::TD-C10-T4-R3-F1::K0014531,4,10,3
TD1996::TD-C10-T4-R3-F1::K0014532,4,10,3
TD1996::TD-C10-T4-R3-F1::K0014533,4,10,3
TD1996::TD-C10-T4-R3-F1::K0014534,4,10,3
TD1996::TD-C10-T4-R3-F1::K0014535,4,10,3
TD1996::TD-C10-T4-R3-F1::K0014541,4,10,3
TD1996::TD-C10-T4-R3-F1::K0014542,4,10,3
TD1996::TD-C10-T4-R3-F1::K0014543,4,10,3
TD1996::TD-C10-T4-R3-F1::K0014544,4,10,3
TD1996::TD-C10-T4-R3-F1::K0014545,4,10,3
TD1996::TD-C10-T4-R3-F1::K0014551,4,10,3
TD1996::TD-C10-T4-R3-F1::K0014552,4,10,3
TD1996::TD-C10-T4-R3-F1::K0014553,4,10,3
TD1996::TD-C10-T4-R3-F1::K0014554,4,10,3
TD1996::TD-C10-T4-R3-F1::K0014555,4,10,3
TD1996::TD-C10-T4-R3-F1::K0017111,4,10,3
TD1996::TD-C10-T4-R3-F1::K0017112,4,10,3
TD1996::TD-C10-T4-R3-F1::K0017113,4,10,3
TD1996::TD-C10-T4-R3-F1::K0017114,4,10,3
TD1996::TD-C10-T4-R3-F1::K0017115,4,10,3
TD1996::TD-C10-T4-R3-F1::K0017121,4,10,3
TD1996::TD-C10-T4-R3-F1::K0017122,4,10,3
TD1996::TD-C10-T4-R3-F1::K0017123,4,10,3
TD1996::TD-C10-T4-R3-F1::K0017124,4,10,3
TD1996::TD-C10-T4-R3-F1::K0017125,4,10,3
TD1996::TD-C10-T4-R3-F1::K0017131,4,10,3
TD1996::TD-C10-T4-R3-F1::K0017132,4,10,3
TD1996::TD-C10-T4-R3-F1::K0017133,4,10,3
TD1996::TD-C10-T4-R3-F1::K0017134,4,10,3
TD1996::TD-C10-T4-R3-F1::K0017135,4,10,3
TD1996::TD-C10-T4-R3-F1::K0017141,4,10,3
TD1996::TD-C10-T4-R3-F1::K0017142,4,10,3
TD1996::TD-C10-T4-R3-F1::K0017143,4,10,3
TD1996::TD-C10-T4-R3-F1::K0017144,4,10,3
TD1996::TD-C10-T4-R3-F1::K0017145,4,10,3
TD1996::TD-C10-T4-R3-F1::K0017151,4,10,3
TD1996::TD-C10-T4-R3-F1::K0017152,4,10,3
TD1996::TD-C10-T4-R3-F1::K0017153,4,10,3
TD1996::TD-C10-T4-R3-F1::K0017154,4,10,3
TD1996::TD-C10-T4-R3-F1::K0017155,4,10,3
TD1996::TD-C10-T4-R3-F1::K0017211,4,10,3
TD1996::TD-C10-T4-R3-F1::K0017212,4,10,3
TD1996::TD-C10-T4-R3-F1::K0017213,4,10,3
TD1996::TD-C10-T4-R3-F1::K0017214,4,10,3
TD1996::TD-C10-T4-R3-F1::K0017215,4,10,3
TD1996::TD-C10-T4-R3-F1::K0017221,4,10,3
TD1996::TD-C10-T4-R3-F1::K0017222,4,10,3
TD1996::TD-C10-T4-R3-F1::K0017223,4,10,3
TD1996::TD-C10-T4-R3-F1::K0017224,4,10,3
TD1996::TD-C10-T4-R3-F1::K0017225,4,10,3
TD1996::TD-C10-T4-R3-F1::K0017231,4,10,3
TD1996::TD-C10-T4-R3-F1::K0017232,4,10,3
TD1996::TD-C10-T4-R3-F1::K0017233,4,10,3
TD1996::TD-C10-T4-R3-F1::K0017234,4,10,3
TD1996::TD-C10-T4-R3-F1::K0017235,4,10,3
TD1996::TD-C10-T4-R3-F1::K0017241,4,10,3
TD1996::TD-C10-T4-R3-F1::K0017242,4,10,3
TD1996::TD-C10-T4-R3-F1::K0017243,4,10,3
TD1996::TD-C10-T4-R3-F1::K0017244,4,10,3
TD1996::TD-C10-T4-R3-F1::K0017245,4,10,3
TD1996::TD-C10-T4-R3-F1::K0017251,4,10,3
TD1996::TD-C10-T4-R3-F1::K0017252,4,10,3
TD1996::TD-C10-T4-R3-F1::K0017253,4,10,3
TD1996::TD-C10-T4-R3-F1::K0017254,4,10,3
TD1996::TD-C10-T4-R3-F1::K0017255,4,10,3
TD1996::TD-C10-T4-R3-F1::K0017311,4,10,3
TD1996::TD-C10-T4-R3-F1::K0017312,4,10,3
TD1996::TD-C10-T4-R3-F1::K0017313,4,10,3
TD1996::TD-C10-T4-R3-F1::K0017314,4,10,3
TD1996::TD-C10-T4-R3-F1::K0017315,4,10,3
TD1996::TD-C10-T4-R3-F1::K0017321,4,10,3
TD1996::TD-C10-T4-R3-F1::K0017322,4,10,3
TD1996::TD-C10-T4-R3-F1::K0017323,4,10,3
TD1996::TD-C10-T4-R3-F1::K0017324,4,10,3
TD1996::TD-C10-T4-R3-F1::K0017325,4,10,3
TD1996::TD-C10-T4-R3-F1::K0017331,4,10,3
TD1996::TD-C10-T4-R3-F1::K0017332,4,10,3
TD1996::TD-C10-T4-R3-F1::K0017333,4,10,3
TD1996::TD-C10-T4-R3-F1::K0017334,4,10,3
TD1996::TD-C10-T4-R3-F1::K0017335,4,10,3
TD1996::TD-C10-T4-R3-F1::K0017341,4,10,3
TD1996::TD-C10-T4-R3-F1::K0017342,4,10,3
TD1996::TD-C10-T4-R3-F1::K0017343,4,10,3
TD1996::TD-C10-T4-R3-F1::K0017344,4,10,3
TD1996::TD-C10-T4-R3-F1::K0017345,4,10,3
TD1996::TD-C10-T4-R3-F1::K0017351,4,10,3
TD1996::TD-C10-T4-R3-F1::K0017352,4,10,3
TD1996::TD-C10-T4-R3-F1::K0017353,4,10,3
TD1996::TD-C10-T4-R3-F1::K0017354,4,10,3
TD1996::TD-C10-T4-R3-F1::K0017355,4,10,3
TD1996::TD-C10-T4-R3-F1::K0017411,4,10,3
TD1996::TD-C10-T4-R3-F1::K0017412,4,10,3
TD1996::TD-C10-T4-R3-F1::K0017413,4,10,3
TD1996::TD-C10-T4-R3-F1::K0017414,4,10,3
TD1996::TD-C10-T4-R3-F1::K0017415,4,10,3
TD1996::TD-C10-T4-R3-F1::K0017421,4,10,3
TD1996::TD-C10-T4-R3-F1::K0017422,4,10,3
TD1996::TD-C10-T4-R3-F1::K0017423,4,10,3
TD1996::TD-C10-T4-R3-F1::K0017424,4,10,3
TD1996::TD-C10-T4-R3-F1::K0017425,4,10,3
TD1996::TD-C10-T4-R3-F1::K0017431,4,10,3
TD1996::TD-C10-T4-R3-F1::K0017432,4,10,3
TD1996::TD-C10-T4-R3-F1::K0017433,4,10,3
TD1996::TD-C10-T4-R3-F1::K0017434,4,10,3
TD1996::TD-C10-T4-R3-F1::K0017435,4,10,3
TD1996::TD-C10-T4-R3-F1::K0017441,4,10,3
TD1996::TD-C10-T4-R3-F1::K0017442,4,10,3
TD1996::TD-C10-T4-R3-F1::K0017443,4,10,3
TD1996::TD-C10-T4-R3-F1::K0017444,4,10,3
TD1996::TD-C10-T4-R3-F1::K0017445,4,10,3
TD1996::TD-C10-T4-R3-F1::K0017451,4,10,3
TD1996::TD-C10-T4-R3-F1::K0017452,4,10,3
TD1996::TD-C10-T4-R3-F1::K0017453,4,10,3
TD1996::TD-C10-T4-R3-F1::K0017454,4,10,3
TD1996::TD-C10-T4-R3-F1::K0017455,4,10,3
TD1996::TD-C10-T4-R3-F1::K0017511,4,10,3
TD1996::TD-C10-T4-R3-F1::K0017512,4,10,3
TD1996::TD-C10-T4-R3-F1::K0017513,4,10,3
TD1996::TD-C10-T4-R3-F1::K0017514,4,10,3
TD1996::TD-C10-T4-R3-F1::K0017515,4,10,3
TD1996::TD-C10-T4-R3-F1::K0017521,4,10,3
TD1996::TD-C10-T4-R3-F1::K0017522,4,10,3
TD1996::TD-C10-T4-R3-F1::K0017523,4,10,3
TD1996::TD-C10-T4-R3-F1::K0017524,4,10,3
TD1996::TD-C10-T4-R3-F1::K0017525,4,10,3
TD1996::TD-C10-T4-R3-F1::K0017531,4,10,3
TD1996::TD-C10-T4-R3-F1::K0017532,4,10,3
TD1996::TD-C10-T4-R3-F1::K0017533,4,10,3
TD1996::TD-C10-T4-R3-F1::K0017534,4,10,3
TD1996::TD-C10-T4-R3-F1::K0017535,4,10,3
TD1996::TD-C10-T4-R3-F1::K0017541,4,10,3
TD1996::TD-C10-T4-R3-F1::K0017542,4,10,3
TD1996::TD-C10-T4-R3-F1::K0017543,4,10,3
TD1996::TD-C10-T4-R3-F1::K0017544,4,10,3
TD1996::TD-C10-T4-R3-F1::K0017545,4,10,3
TD1996::TD-C10-T4-R3-F1::K0017551,4,10,3
TD1996::TD-C10-T4-R3-F1::K0017552,4,10,3
TD1996::TD-C10-T4-R3-F1::K0017553,4,10,3
TD1996::TD-C10-T4-R3-F1::K0017554,4,10,3
TD1996::TD-C10-T4-R3-F1::K0017555,4,10,3
TD1996::TD-C10-T4-R3-F1::k0111111,4,10,3
TD1996::TD-C10-T4-R3-F1::k0111121,4,10,3
TD1996::TD-C10-T4-R3-F1::k0111131,4,10,3
TD1996::TD-C10-T4-R3-F1::k0111141,4,10,3
TD1996::TD-C10-T4-R3-F1::k0111151,4,10,3
TD1996::TD-C10-T4-R3-F1::k0111211,4,10,3
TD1996::TD-C10-T4-R3-F1::k0111221,4,10,3
TD1996::TD-C10-T4-R3-F1::k0111231,4,10,3
TD1996::TD-C10-T4-R3-F1::k0111241,4,10,3
TD1996::TD-C10-T4-R3-F1::k0111251,4,10,3
TD1996::TD-C10-T4-R3-F1::k0111311,4,10,3
TD1996::TD-C10-T4-R3-F1::k0111321,4,10,3
TD1996::TD-C10-T4-R3-F1::k0111331,4,10,3
TD1996::TD-C10-T4-R3-F1::k0111341,4,10,3
TD1996::TD-C10-T4-R3-F1::k0111351,4,10,3
TD1996::TD-C10-T4-R3-F1::k0111411,4,10,3
TD1996::TD-C10-T4-R3-F1::k0111421,4,10,3
TD1996::TD-C10-T4-R3-F1::k0111431,4,10,3
TD1996::TD-C10-T4-R3-F1::k0111441,4,10,3
TD1996::TD-C10-T4-R3-F1::k0111451,4,10,3
TD1996::TD-C10-T4-R3-F1::k0111511,4,10,3
TD1996::TD-C10-T4-R3-F1::k0111521,4,10,3
TD1996::TD-C10-T4-R3-F1::k0111531,4,10,3
TD1996::TD-C10-T4-R3-F1::k0111541,4,10,3
TD1996::TD-C10-T4-R3-F1::k0111551,4,10,3
TD1996::TD-C10-T4-R3-F1::k0114111,4,10,3
TD1996::TD-C10-T4-R3-F1::k0114121,4,10,3
TD1996::TD-C10-T4-R3-F1::k0114131,4,10,3
TD1996::TD-C10-T4-R3-F1::k0114141,4,10,3
TD1996::TD-C10-T4-R3-F1::k0114151,4,10,3
TD1996::TD-C10-T4-R3-F1::k0114211,4,10,3
TD1996::TD-C10-T4-R3-F1::k0114221,4,10,3
TD1996::TD-C10-T4-R3-F1::k0114231,4,10,3
TD1996::TD-C10-T4-R3-F1::k0114241,4,10,3
TD1996::TD-C10-T4-R3-F1::k0114251,4,10,3
TD1996::TD-C10-T4-R3-F1::k0114311,4,10,3
TD1996::TD-C10-T4-R3-F1::k0114321,4,10,3
TD1996::TD-C10-T4-R3-F1::k0114331,4,10,3
TD1996::TD-C10-T4-R3-F1::k0114341,4,10,3
TD1996::TD-C10-T4-R3-F1::k0114351,4,10,3
TD1996::TD-C10-T4-R3-F1::k0114411,4,10,3
TD1996::TD-C10-T4-R3-F1::k0114421,4,10,3
TD1996::TD-C10-T4-R3-F1::k0114431,4,10,3
TD1996::TD-C10-T4-R3-F1::k0114441,4,10,3
TD1996::TD-C10-T4-R3-F1::k0114451,4,10,3
TD1996::TD-C10-T4-R3-F1::k0114511,4,10,3
TD1996::TD-C10-T4-R3-F1::k0114521,4,10,3
TD1996::TD-C10-T4-R3-F1::k0114531,4,10,3
TD1996::TD-C10-T4-R3-F1::k0114541,4,10,3
TD1996::TD-C10-T4-R3-F1::k0114551,4,10,3
TD1996::TD-C10-T4-R3-F1::k0117111,4,10,3
TD1996::TD-C10-T4-R3-F1::k0117121,4,10,3
TD1996::TD-C10-T4-R3-F1::k0117131,4,10,3
TD1996::TD-C10-T4-R3-F1::k0117141,4,10,3
TD1996::TD-C10-T4-R3-F1::k0117151,4,10,3
TD1996::TD-C10-T4-R3-F1::k0117211,4,10,3
TD1996::TD-C10-T4-R3-F1::k0117221,4,10,3
TD1996::TD-C10-T4-R3-F1::k0117231,4,10,3
TD1996::TD-C10-T4-R3-F1::k0117241,4,10,3
TD1996::TD-C10-T4-R3-F1::k0117251,4,10,3
TD1996::TD-C10-T4-R3-F1::k0117311,4,10,3
TD1996::TD-C10-T4-R3-F1::k0117321,4,10,3
TD1996::TD-C10-T4-R3-F1::k0117331,4,10,3
TD1996::TD-C10-T4-R3-F1::k0117341,4,10,3
TD1996::TD-C10-T4-R3-F1::k0117351,4,10,3
TD1996::TD-C10-T4-R3-F1::k0117411,4,10,3
TD1996::TD-C10-T4-R3-F1::k0117421,4,10,3
TD1996::TD-C10-T4-R3-F1::k0117431,4,10,3
TD1996::TD-C10-T4-R3-F1::k0117441,4,10,3
TD1996::TD-C10-T4-R3-F1::k0117451,4,10,3
TD1996::TD-C10-T4-R3-F1::k0117511,4,10,3
TD1996::TD-C10-T4-R3-F1::k0117521,4,10,3
TD1996::TD-C10-T4-R3-F1::k0117531,4,10,3
TD1996::TD-C10-T4-R3-F1::k0117541,4,10,3
TD1996::TD-C10-T4-R3-F1::k0117551,4,10,3
TD1996::TD-C10-T4-R3-F1::K0211111,4,10,3
TD1996::TD-C10-T4-R3-F1::K0211121,4,10,3
TD1996::TD-C10-T4-R3-F1::K0211131,4,10,3
TD1996::TD-C10-T4-R3-F1::K0211141,4,10,3
TD1996::TD-C10-T4-R3-F1::K0211151,4,10,3
TD1996::TD-C10-T4-R3-F1::K0211211,4,10,3
TD1996::TD-C10-T4-R3-F1::K0211221,4,10,3
TD1996::TD-C10-T4-R3-F1::K0211231,4,10,3
TD1996::TD-C10-T4-R3-F1::K0211241,4,10,3
TD1996::TD-C10-T4-R3-F1::K0211251,4,10,3
TD1996::TD-C10-T4-R3-F1::K0211311,4,10,3
TD1996::TD-C10-T4-R3-F1::K0211321,4,10,3
TD1996::TD-C10-T4-R3-F1::K0211331,4,10,3
TD1996::TD-C10-T4-R3-F1::K0211341,4,10,3
TD1996::TD-C10-T4-R3-F1::K0211351,4,10,3
TD1996::TD-C10-T4-R3-F1::K0211411,4,10,3
TD1996::TD-C10-T4-R3-F1::K0211421,4,10,3
TD1996::TD-C10-T4-R3-F1::K0211431,4,10,3
TD1996::TD-C10-T4-R3-F1::K0211441,4,10,3
TD1996::TD-C10-T4-R3-F1::K0211451,4,10,3
TD1996::TD-C10-T4-R3-F1::K0211511,4,10,3
TD1996::TD-C10-T4-R3-F1::K0211521,4,10,3
TD1996::TD-C10-T4-R3-F1::K0211531,4,10,3
TD1996::TD-C10-T4-R3-F1::K0211541,4,10,3
TD1996::TD-C10-T4-R3-F1::K0211551,4,10,3
TD1996::TD-C10-T4-R3-F1::K0214111,4,10,3
TD1996::TD-C10-T4-R3-F1::K0214121,4,10,3
TD1996::TD-C10-T4-R3-F1::K0214131,4,10,3
TD1996::TD-C10-T4-R3-F1::K0214141,4,10,3
TD1996::TD-C10-T4-R3-F1::K0214151,4,10,3
TD1996::TD-C10-T4-R3-F1::K0214211,4,10,3
TD1996::TD-C10-T4-R3-F1::K0214221,4,10,3
TD1996::TD-C10-T4-R3-F1::K0214231,4,10,3
TD1996::TD-C10-T4-R3-F1::K0214241,4,10,3
TD1996::TD-C10-T4-R3-F1::K0214251,4,10,3
TD1996::TD-C10-T4-R3-F1::K0214311,4,10,3
TD1996::TD-C10-T4-R3-F1::K0214321,4,10,3
TD1996::TD-C10-T4-R3-F1::K0214331,4,10,3
TD1996::TD-C10-T4-R3-F1::K0214341,4,10,3
TD1996::TD-C10-T4-R3-F1::K0214351,4,10,3
TD1996::TD-C10-T4-R3-F1::K0214411,4,10,3
TD1996::TD-C10-T4-R3-F1::K0214421,4,10,3
TD1996::TD-C10-T4-R3-F1::K0214431,4,10,3
TD1996::TD-C10-T4-R3-F1::K0214441,4,10,3
TD1996::TD-C10-T4-R3-F1::K0214451,4,10,3
TD1996::TD-C10-T4-R3-F1::K0214511,4,10,3
TD1996::TD-C10-T4-R3-F1::K0214521,4,10,3
TD1996::TD-C10-T4-R3-F1::K0214531,4,10,3
TD1996::TD-C10-T4-R3-F1::K0214541,4,10,3
TD1996::TD-C10-T4-R3-F1::K0214551,4,10,3
TD1996::TD-C10-T4-R3-F1::K0217111,4,10,3
TD1996::TD-C10-T4-R3-F1::K0217121,4,10,3
TD1996::TD-C10-T4-R3-F1::K0217131,4,10,3
TD1996::TD-C10-T4-R3-F1::K0217141,4,10,3
TD1996::TD-C10-T4-R3-F1::K0217151,4,10,3
TD1996::TD-C10-T4-R3-F1::K0217211,4,10,3
TD1996::TD-C10-T4-R3-F1::K0217221,4,10,3
TD1996::TD-C10-T4-R3-F1::K0217231,4,10,3
TD1996::TD-C10-T4-R3-F1::K0217241,4,10,3
TD1996::TD-C10-T4-R3-F1::K0217251,4,10,3
TD1996::TD-C10-T4-R3-F1::K0217311,4,10,3
TD1996::TD-C10-T4-R3-F1::K0217321,4,10,3
TD1996::TD-C10-T4-R3-F1::K0217331,4,10,3
TD1996::TD-C10-T4-R3-F1::K0217341,4,10,3
TD1996::TD-C10-T4-R3-F1::K0217351,4,10,3
TD1996::TD-C10-T4-R3-F1::K0217411,4,10,3
TD1996::TD-C10-T4-R3-F1::K0217421,4,10,3
TD1996::TD-C10-T4-R3-F1::K0217431,4,10,3
TD1996::TD-C10-T4-R3-F1::K0217441,4,10,3
TD1996::TD-C10-T4-R3-F1::K0217451,4,10,3
TD1996::TD-C10-T4-R3-F1::K0217511,4,10,3
TD1996::TD-C10-T4-R3-F1::K0217521,4,10,3
TD1996::TD-C10-T4-R3-F1::K0217531,4,10,3
TD1996::TD-C10-T4-R3-F1::K0217541,4,10,3
TD1996::TD-C10-T4-R3-F1::K0217551,4,10,3
TD1996::TD-C10-T4-R3-F1::K5011111,4,10,3
TD1996::TD-C10-T4-R3-F1::K5011112,4,10,3
TD1996::TD-C10-T4-R3-F1::K5011113,4,10,3
TD1996::TD-C10-T4-R3-F1::K5011114,4,10,3
TD1996::TD-C10-T4-R3-F1::K5011115,4,10,3
TD1996::TD-C10-T4-R3-F1::K5011121,4,10,3
TD1996::TD-C10-T4-R3-F1::K5011122,4,10,3
TD1996::TD-C10-T4-R3-F1::K5011123,4,10,3
TD1996::TD-C10-T4-R3-F1::K5011124,4,10,3
TD1996::TD-C10-T4-R3-F1::K5011125,4,10,3
TD1996::TD-C10-T4-R3-F1::K5011131,4,10,3
TD1996::TD-C10-T4-R3-F1::K5011132,4,10,3
TD1996::TD-C10-T4-R3-F1::K5011133,4,10,3
TD1996::TD-C10-T4-R3-F1::K5011134,4,10,3
TD1996::TD-C10-T4-R3-F1::K5011135,4,10,3
TD1996::TD-C10-T4-R3-F1::K5011141,4,10,3
TD1996::TD-C10-T4-R3-F1::K5011142,4,10,3
TD1996::TD-C10-T4-R3-F1::K5011143,4,10,3
TD1996::TD-C10-T4-R3-F1::K5011144,4,10,3
TD1996::TD-C10-T4-R3-F1::K5011145,4,10,3
TD1996::TD-C10-T4-R3-F1::K5011151,4,10,3
TD1996::TD-C10-T4-R3-F1::K5011152,4,10,3
TD1996::TD-C10-T4-R3-F1::K5011153,4,10,3
TD1996::TD-C10-T4-R3-F1::K5011154,4,10,3
TD1996::TD-C10-T4-R3-F1::K5011155,4,10,3
TD1996::TD-C10-T4-R3-F1::K5011211,4,10,3
TD1996::TD-C10-T4-R3-F1::K5011212,4,10,3
TD1996::TD-C10-T4-R3-F1::K5011213,4,10,3
TD1996::TD-C10-T4-R3-F1::K5011214,4,10,3
TD1996::TD-C10-T4-R3-F1::K5011215,4,10,3
TD1996::TD-C10-T4-R3-F1::K5011221,4,10,3
TD1996::TD-C10-T4-R3-F1::K5011222,4,10,3
TD1996::TD-C10-T4-R3-F1::K5011223,4,10,3
TD1996::TD-C10-T4-R3-F1::K5011224,4,10,3
TD1996::TD-C10-T4-R3-F1::K5011225,4,10,3
TD1996::TD-C10-T4-R3-F1::K5011231,4,10,3
TD1996::TD-C10-T4-R3-F1::K5011232,4,10,3
TD1996::TD-C10-T4-R3-F1::K5011233,4,10,3
TD1996::TD-C10-T4-R3-F1::K5011234,4,10,3
TD1996::TD-C10-T4-R3-F1::K5011235,4,10,3
TD1996::TD-C10-T4-R3-F1::K5011241,4,10,3
TD1996::TD-C10-T4-R3-F1::K5011242,4,10,3
TD1996::TD-C10-T4-R3-F1::K5011243,4,10,3
TD1996::TD-C10-T4-R3-F1::K5011244,4,10,3
TD1996::TD-C10-T4-R3-F1::K5011245,4,10,3
TD1996::TD-C10-T4-R3-F1::K5011251,4,10,3
TD1996::TD-C10-T4-R3-F1::K5011252,4,10,3
TD1996::TD-C10-T4-R3-F1::K5011253,4,10,3
TD1996::TD-C10-T4-R3-F1::K5011254,4,10,3
TD1996::TD-C10-T4-R3-F1::K5011255,4,10,3
TD1996::TD-C10-T4-R3-F1::K5011311,4,10,3
TD1996::TD-C10-T4-R3-F1::K5011312,4,10,3
TD1996::TD-C10-T4-R3-F1::K5011313,4,10,3
TD1996::TD-C10-T4-R3-F1::K5011314,4,10,3
TD1996::TD-C10-T4-R3-F1::K5011315,4,10,3
TD1996::TD-C10-T4-R3-F1::K5011321,4,10,3
TD1996::TD-C10-T4-R3-F1::K5011322,4,10,3
TD1996::TD-C10-T4-R3-F1::K5011323,4,10,3
TD1996::TD-C10-T4-R3-F1::K5011324,4,10,3
TD1996::TD-C10-T4-R3-F1::K5011325,4,10,3
TD1996::TD-C10-T4-R3-F1::K5011331,4,10,3
TD1996::TD-C10-T4-R3-F1::K5011332,4,10,3
TD1996::TD-C10-T4-R3-F1::K5011333,4,10,3
TD1996::TD-C10-T4-R3-F1::K5011334,4,10,3
TD1996::TD-C10-T4-R3-F1::K5011335,4,10,3
TD1996::TD-C10-T4-R3-F1::K5011341,4,10,3
TD1996::TD-C10-T4-R3-F1::K5011342,4,10,3
TD1996::TD-C10-T4-R3-F1::K5011343,4,10,3
TD1996::TD-C10-T4-R3-F1::K5011344,4,10,3
TD1996::TD-C10-T4-R3-F1::K5011345,4,10,3
TD1996::TD-C10-T4-R3-F1::K5011351,4,10,3
TD1996::TD-C10-T4-R3-F1::K5011352,4,10,3
TD1996::TD-C10-T4-R3-F1::K5011353,4,10,3
TD1996::TD-C10-T4-R3-F1::K5011354,4,10,3
TD1996::TD-C10-T4-R3-F1::K5011355,4,10,3
TD1996::TD-C10-T4-R3-F1::K5011411,4,10,3
TD1996::TD-C10-T4-R3-F1::K5011412,4,10,3
TD1996::TD-C10-T4-R3-F1::K5011413,4,10,3
TD1996::TD-C10-T4-R3-F1::K5011414,4,10,3
TD1996::TD-C10-T4-R3-F1::K5011415,4,10,3
TD1996::TD-C10-T4-R3-F1::K5011421,4,10,3
TD1996::TD-C10-T4-R3-F1::K5011422,4,10,3
TD1996::TD-C10-T4-R3-F1::K5011423,4,10,3
TD1996::TD-C10-T4-R3-F1::K5011424,4,10,3
TD1996::TD-C10-T4-R3-F1::K5011425,4,10,3
TD1996::TD-C10-T4-R3-F1::K5011431,4,10,3
TD1996::TD-C10-T4-R3-F1::K5011432,4,10,3
TD1996::TD-C10-T4-R3-F1::K5011433,4,10,3
TD1996::TD-C10-T4-R3-F1::K5011434,4,10,3
TD1996::TD-C10-T4-R3-F1::K5011435,4,10,3
TD1996::TD-C10-T4-R3-F1::K5011441,4,10,3
TD1996::TD-C10-T4-R3-F1::K5011442,4,10,3
TD1996::TD-C10-T4-R3-F1::K5011443,4,10,3
TD1996::TD-C10-T4-R3-F1::K5011444,4,10,3
TD1996::TD-C10-T4-R3-F1::K5011445,4,10,3
TD1996::TD-C10-T4-R3-F1::K5011451,4,10,3
TD1996::TD-C10-T4-R3-F1::K5011452,4,10,3
TD1996::TD-C10-T4-R3-F1::K5011453,4,10,3
TD1996::TD-C10-T4-R3-F1::K5011454,4,10,3
TD1996::TD-C10-T4-R3-F1::K5011455,4,10,3
TD1996::TD-C10-T4-R3-F1::K5011511,4,10,3
TD1996::TD-C10-T4-R3-F1::K5011512,4,10,3
TD1996::TD-C10-T4-R3-F1::K5011513,4,10,3
TD1996::TD-C10-T4-R3-F1::K5011514,4,10,3
TD1996::TD-C10-T4-R3-F1::K5011515,4,10,3
TD1996::TD-C10-T4-R3-F1::K5011521,4,10,3
TD1996::TD-C10-T4-R3-F1::K5011522,4,10,3
TD1996::TD-C10-T4-R3-F1::K5011523,4,10,3
TD1996::TD-C10-T4-R3-F1::K5011524,4,10,3
TD1996::TD-C10-T4-R3-F1::K5011525,4,10,3
TD1996::TD-C10-T4-R3-F1::K5011531,4,10,3
TD1996::TD-C10-T4-R3-F1::K5011532,4,10,3
TD1996::TD-C10-T4-R3-F1::K5011533,4,10,3
TD1996::TD-C10-T4-R3-F1::K5011534,4,10,3
TD1996::TD-C10-T4-R3-F1::K5011535,4,10,3
TD1996::TD-C10-T4-R3-F1::K5011541,4,10,3
TD1996::TD-C10-T4-R3-F1::K5011542,4,10,3
TD1996::TD-C10-T4-R3-F1::K5011543,4,10,3
TD1996::TD-C10-T4-R3-F1::K5011544,4,10,3
TD1996::TD-C10-T4-R3-F1::K5011545,4,10,3
TD1996::TD-C10-T4-R3-F1::K5011551,4,10,3
TD1996::TD-C10-T4-R3-F1::K5011552,4,10,3
TD1996::TD-C10-T4-R3-F1::K5011553,4,10,3
TD1996::TD-C10-T4-R3-F1::K5011554,4,10,3
TD1996::TD-C10-T4-R3-F1::K5011555,4,10,3
TD1996::TD-C10-T4-R3-F1::K5014111,4,10,3
TD1996::TD-C10-T4-R3-F1::K5014112,4,10,3
TD1996::TD-C10-T4-R3-F1::K5014113,4,10,3
TD1996::TD-C10-T4-R3-F1::K5014114,4,10,3
TD1996::TD-C10-T4-R3-F1::K5014115,4,10,3
TD1996::TD-C10-T4-R3-F1::K5014121,4,10,3
TD1996::TD-C10-T4-R3-F1::K5014122,4,10,3
TD1996::TD-C10-T4-R3-F1::K5014123,4,10,3
TD1996::TD-C10-T4-R3-F1::K5014124,4,10,3
TD1996::TD-C10-T4-R3-F1::K5014125,4,10,3
TD1996::TD-C10-T4-R3-F1::K5014131,4,10,3
TD1996::TD-C10-T4-R3-F1::K5014132,4,10,3
TD1996::TD-C10-T4-R3-F1::K5014133,4,10,3
TD1996::TD-C10-T4-R3-F1::K5014134,4,10,3
TD1996::TD-C10-T4-R3-F1::K5014135,4,10,3
TD1996::TD-C10-T4-R3-F1::K5014141,4,10,3
TD1996::TD-C10-T4-R3-F1::K5014142,4,10,3
TD1996::TD-C10-T4-R3-F1::K5014143,4,10,3
TD1996::TD-C10-T4-R3-F1::K5014144,4,10,3
TD1996::TD-C10-T4-R3-F1::K5014145,4,10,3
TD1996::TD-C10-T4-R3-F1::K5014151,4,10,3
TD1996::TD-C10-T4-R3-F1::K5014152,4,10,3
TD1996::TD-C10-T4-R3-F1::K5014153,4,10,3
TD1996::TD-C10-T4-R3-F1::K5014154,4,10,3
TD1996::TD-C10-T4-R3-F1::K5014155,4,10,3
TD1996::TD-C10-T4-R3-F1::K5014211,4,10,3
TD1996::TD-C10-T4-R3-F1::K5014212,4,10,3
TD1996::TD-C10-T4-R3-F1::K5014213,4,10,3
TD1996::TD-C10-T4-R3-F1::K5014214,4,10,3
TD1996::TD-C10-T4-R3-F1::K5014215,4,10,3
TD1996::TD-C10-T4-R3-F1::K5014221,4,10,3
TD1996::TD-C10-T4-R3-F1::K5014222,4,10,3
TD1996::TD-C10-T4-R3-F1::K5014223,4,10,3
TD1996::TD-C10-T4-R3-F1::K5014224,4,10,3
TD1996::TD-C10-T4-R3-F1::K5014225,4,10,3
TD1996::TD-C10-T4-R3-F1::K5014231,4,10,3
TD1996::TD-C10-T4-R3-F1::K5014232,4,10,3
TD1996::TD-C10-T4-R3-F1::K5014233,4,10,3
TD1996::TD-C10-T4-R3-F1::K5014234,4,10,3
TD1996::TD-C10-T4-R3-F1::K5014235,4,10,3
TD1996::TD-C10-T4-R3-F1::K5014241,4,10,3
TD1996::TD-C10-T4-R3-F1::K5014242,4,10,3
TD1996::TD-C10-T4-R3-F1::K5014243,4,10,3
TD1996::TD-C10-T4-R3-F1::K5014244,4,10,3
TD1996::TD-C10-T4-R3-F1::K5014245,4,10,3
TD1996::TD-C10-T4-R3-F1::K5014251,4,10,3
TD1996::TD-C10-T4-R3-F1::K5014252,4,10,3
TD1996::TD-C10-T4-R3-F1::K5014253,4,10,3
TD1996::TD-C10-T4-R3-F1::K5014254,4,10,3
TD1996::TD-C10-T4-R3-F1::K5014255,4,10,3
TD1996::TD-C10-T4-R3-F1::K5014311,4,10,3
TD1996::TD-C10-T4-R3-F1::K5014312,4,10,3
TD1996::TD-C10-T4-R3-F1::K5014313,4,10,3
TD1996::TD-C10-T4-R3-F1::K5014314,4,10,3
TD1996::TD-C10-T4-R3-F1::K5014315,4,10,3
TD1996::TD-C10-T4-R3-F1::K5014321,4,10,3
TD1996::TD-C10-T4-R3-F1::K5014322,4,10,3
TD1996::TD-C10-T4-R3-F1::K5014323,4,10,3
TD1996::TD-C10-T4-R3-F1::K5014324,4,10,3
TD1996::TD-C10-T4-R3-F1::K5014325,4,10,3
TD1996::TD-C10-T4-R3-F1::K5014331,4,10,3
TD1996::TD-C10-T4-R3-F1::K5014332,4,10,3
TD1996::TD-C10-T4-R3-F1::K5014333,4,10,3
TD1996::TD-C10-T4-R3-F1::K5014334,4,10,3
TD1996::TD-C10-T4-R3-F1::K5014335,4,10,3
TD1996::TD-C10-T4-R3-F1::K5014341,4,10,3
TD1996::TD-C10-T4-R3-F1::K5014342,4,10,3
TD1996::TD-C10-T4-R3-F1::K5014343,4,10,3
TD1996::TD-C10-T4-R3-F1::K5014344,4,10,3
TD1996::TD-C10-T4-R3-F1::K5014345,4,10,3
TD1996::TD-C10-T4-R3-F1::K5014351,4,10,3
TD1996::TD-C10-T4-R3-F1::K5014352,4,10,3
TD1996::TD-C10-T4-R3-F1::K5014353,4,10,3
TD1996::TD-C10-T4-R3-F1::K5014354,4,10,3
TD1996::TD-C10-T4-R3-F1::K5014355,4,10,3
TD1996::TD-C10-T4-R3-F1::K5014411,4,10,3
TD1996::TD-C10-T4-R3-F1::K5014412,4,10,3
TD1996::TD-C10-T4-R3-F1::K5014413,4,10,3
TD1996::TD-C10-T4-R3-F1::K5014414,4,10,3
TD1996::TD-C10-T4-R3-F1::K5014415,4,10,3
TD1996::TD-C10-T4-R3-F1::K5014421,4,10,3
TD1996::TD-C10-T4-R3-F1::K5014422,4,10,3
TD1996::TD-C10-T4-R3-F1::K5014423,4,10,3
TD1996::TD-C10-T4-R3-F1::K5014424,4,10,3
TD1996::TD-C10-T4-R3-F1::K5014425,4,10,3
TD1996::TD-C10-T4-R3-F1::K5014431,4,10,3
TD1996::TD-C10-T4-R3-F1::K5014432,4,10,3
TD1996::TD-C10-T4-R3-F1::K5014433,4,10,3
TD1996::TD-C10-T4-R3-F1::K5014434,4,10,3
TD1996::TD-C10-T4-R3-F1::K5014435,4,10,3
TD1996::TD-C10-T4-R3-F1::K5014441,4,10,3
TD1996::TD-C10-T4-R3-F1::K5014442,4,10,3
TD1996::TD-C10-T4-R3-F1::K5014443,4,10,3
TD1996::TD-C10-T4-R3-F1::K5014444,4,10,3
TD1996::TD-C10-T4-R3-F1::K5014445,4,10,3
TD1996::TD-C10-T4-R3-F1::K5014451,4,10,3
TD1996::TD-C10-T4-R3-F1::K5014452,4,10,3
TD1996::TD-C10-T4-R3-F1::K5014453,4,10,3
TD1996::TD-C10-T4-R3-F1::K5014454,4,10,3
TD1996::TD-C10-T4-R3-F1::K5014455,4,10,3
TD1996::TD-C10-T4-R3-F1::K5014511,4,10,3
TD1996::TD-C10-T4-R3-F1::K5014512,4,10,3
TD1996::TD-C10-T4-R3-F1::K5014513,4,10,3
TD1996::TD-C10-T4-R3-F1::K5014514,4,10,3
TD1996::TD-C10-T4-R3-F1::K5014515,4,10,3
TD1996::TD-C10-T4-R3-F1::K5014521,4,10,3
TD1996::TD-C10-T4-R3-F1::K5014522,4,10,3
TD1996::TD-C10-T4-R3-F1::K5014523,4,10,3
TD1996::TD-C10-T4-R3-F1::K5014524,4,10,3
TD1996::TD-C10-T4-R3-F1::K5014525,4,10,3
TD1996::TD-C10-T4-R3-F1::K5014531,4,10,3
TD1996::TD-C10-T4-R3-F1::K5014532,4,10,3
TD1996::TD-C10-T4-R3-F1::K5014533,4,10,3
TD1996::TD-C10-T4-R3-F1::K5014534,4,10,3
TD1996::TD-C10-T4-R3-F1::K5014535,4,10,3
TD1996::TD-C10-T4-R3-F1::K5014541,4,10,3
TD1996::TD-C10-T4-R3-F1::K5014542,4,10,3
TD1996::TD-C10-T4-R3-F1::K5014543,4,10,3
TD1996::TD-C10-T4-R3-F1::K5014544,4,10,3
TD1996::TD-C10-T4-R3-F1::K5014545,4,10,3
TD1996::TD-C10-T4-R3-F1::K5014551,4,10,3
TD1996::TD-C10-T4-R3-F1::K5014552,4,10,3
TD1996::TD-C10-T4-R3-F1::K5014553,4,10,3
TD1996::TD-C10-T4-R3-F1::K5014554,4,10,3
TD1996::TD-C10-T4-R3-F1::K5014555,4,10,3
TD1996::TD-C10-T4-R3-F1::K5017111,4,10,3
TD1996::TD-C10-T4-R3-F1::K5017112,4,10,3
TD1996::TD-C10-T4-R3-F1::K5017113,4,10,3
TD1996::TD-C10-T4-R3-F1::K5017114,4,10,3
TD1996::TD-C10-T4-R3-F1::K5017115,4,10,3
TD1996::TD-C10-T4-R3-F1::K5017121,4,10,3
TD1996::TD-C10-T4-R3-F1::K5017122,4,10,3
TD1996::TD-C10-T4-R3-F1::K5017123,4,10,3
TD1996::TD-C10-T4-R3-F1::K5017124,4,10,3
TD1996::TD-C10-T4-R3-F1::K5017125,4,10,3
TD1996::TD-C10-T4-R3-F1::K5017131,4,10,3
TD1996::TD-C10-T4-R3-F1::K5017132,4,10,3
TD1996::TD-C10-T4-R3-F1::K5017133,4,10,3
TD1996::TD-C10-T4-R3-F1::K5017134,4,10,3
TD1996::TD-C10-T4-R3-F1::K5017135,4,10,3
TD1996::TD-C10-T4-R3-F1::K5017141,4,10,3
TD1996::TD-C10-T4-R3-F1::K5017142,4,10,3
TD1996::TD-C10-T4-R3-F1::K5017143,4,10,3
TD1996::TD-C10-T4-R3-F1::K5017144,4,10,3
TD1996::TD-C10-T4-R3-F1::K5017145,4,10,3
TD1996::TD-C10-T4-R3-F1::K5017151,4,10,3
TD1996::TD-C10-T4-R3-F1::K5017152,4,10,3
TD1996::TD-C10-T4-R3-F1::K5017153,4,10,3
TD1996::TD-C10-T4-R3-F1::K5017154,4,10,3
TD1996::TD-C10-T4-R3-F1::K5017155,4,10,3
TD1996::TD-C10-T4-R3-F1::K5017211,4,10,3
TD1996::TD-C10-T4-R3-F1::K5017212,4,10,3
TD1996::TD-C10-T4-R3-F1::K5017213,4,10,3
TD1996::TD-C10-T4-R3-F1::K5017214,4,10,3
TD1996::TD-C10-T4-R3-F1::K5017215,4,10,3
TD1996::TD-C10-T4-R3-F1::K5017221,4,10,3
TD1996::TD-C10-T4-R3-F1::K5017222,4,10,3
TD1996::TD-C10-T4-R3-F1::K5017223,4,10,3
TD1996::TD-C10-T4-R3-F1::K5017224,4,10,3
TD1996::TD-C10-T4-R3-F1::K5017225,4,10,3
TD1996::TD-C10-T4-R3-F1::K5017231,4,10,3
TD1996::TD-C10-T4-R3-F1::K5017232,4,10,3
TD1996::TD-C10-T4-R3-F1::K5017233,4,10,3
TD1996::TD-C10-T4-R3-F1::K5017234,4,10,3
TD1996::TD-C10-T4-R3-F1::K5017235,4,10,3
TD1996::TD-C10-T4-R3-F1::K5017241,4,10,3
TD1996::TD-C10-T4-R3-F1::K5017242,4,10,3
TD1996::TD-C10-T4-R3-F1::K5017243,4,10,3
TD1996::TD-C10-T4-R3-F1::K5017244,4,10,3
TD1996::TD-C10-T4-R3-F1::K5017245,4,10,3
TD1996::TD-C10-T4-R3-F1::K5017251,4,10,3
TD1996::TD-C10-T4-R3-F1::K5017252,4,10,3
TD1996::TD-C10-T4-R3-F1::K5017253,4,10,3
TD1996::TD-C10-T4-R3-F1::K5017254,4,10,3
TD1996::TD-C10-T4-R3-F1::K5017255,4,10,3
TD1996::TD-C10-T4-R3-F1::K5017311,4,10,3
TD1996::TD-C10-T4-R3-F1::K5017312,4,10,3
TD1996::TD-C10-T4-R3-F1::K5017313,4,10,3
TD1996::TD-C10-T4-R3-F1::K5017314,4,10,3
TD1996::TD-C10-T4-R3-F1::K5017315,4,10,3
TD1996::TD-C10-T4-R3-F1::K5017321,4,10,3
TD1996::TD-C10-T4-R3-F1::K5017322,4,10,3
TD1996::TD-C10-T4-R3-F1::K5017323,4,10,3
TD1996::TD-C10-T4-R3-F1::K5017324,4,10,3
TD1996::TD-C10-T4-R3-F1::K5017325,4,10,3
TD1996::TD-C10-T4-R3-F1::K5017331,4,10,3
TD1996::TD-C10-T4-R3-F1::K5017332,4,10,3
TD1996::TD-C10-T4-R3-F1::K5017333,4,10,3
TD1996::TD-C10-T4-R3-F1::K5017334,4,10,3
TD1996::TD-C10-T4-R3-F1::K5017335,4,10,3
TD1996::TD-C10-T4-R3-F1::K5017341,4,10,3
TD1996::TD-C10-T4-R3-F1::K5017342,4,10,3
TD1996::TD-C10-T4-R3-F1::K5017343,4,10,3
TD1996::TD-C10-T4-R3-F1::K5017344,4,10,3
TD1996::TD-C10-T4-R3-F1::K5017345,4,10,3
TD1996::TD-C10-T4-R3-F1::K5017351,4,10,3
TD1996::TD-C10-T4-R3-F1::K5017352,4,10,3
TD1996::TD-C10-T4-R3-F1::K5017353,4,10,3
TD1996::TD-C10-T4-R3-F1::K5017354,4,10,3
TD1996::TD-C10-T4-R3-F1::K5017355,4,10,3
TD1996::TD-C10-T4-R3-F1::K5017411,4,10,3
TD1996::TD-C10-T4-R3-F1::K5017412,4,10,3
TD1996::TD-C10-T4-R3-F1::K5017413,4,10,3
TD1996::TD-C10-T4-R3-F1::K5017414,4,10,3
TD1996::TD-C10-T4-R3-F1::K5017415,4,10,3
TD1996::TD-C10-T4-R3-F1::K5017421,4,10,3
TD1996::TD-C10-T4-R3-F1::K5017422,4,10,3
TD1996::TD-C10-T4-R3-F1::K5017423,4,10,3
TD1996::TD-C10-T4-R3-F1::K5017424,4,10,3
TD1996::TD-C10-T4-R3-F1::K5017425,4,10,3
TD1996::TD-C10-T4-R3-F1::K5017431,4,10,3
TD1996::TD-C10-T4-R3-F1::K5017432,4,10,3
TD1996::TD-C10-T4-R3-F1::K5017433,4,10,3
TD1996::TD-C10-T4-R3-F1::K5017434,4,10,3
TD1996::TD-C10-T4-R3-F1::K5017435,4,10,3
TD1996::TD-C10-T4-R3-F1::K5017441,4,10,3
TD1996::TD-C10-T4-R3-F1::K5017442,4,10,3
TD1996::TD-C10-T4-R3-F1::K5017443,4,10,3
TD1996::TD-C10-T4-R3-F1::K5017444,4,10,3
TD1996::TD-C10-T4-R3-F1::K5017445,4,10,3
TD1996::TD-C10-T4-R3-F1::K5017451,4,10,3
TD1996::TD-C10-T4-R3-F1::K5017452,4,10,3
TD1996::TD-C10-T4-R3-F1::K5017453,4,10,3
TD1996::TD-C10-T4-R3-F1::K5017454,4,10,3
TD1996::TD-C10-T4-R3-F1::K5017455,4,10,3
TD1996::TD-C10-T4-R3-F1::K5017511,4,10,3
TD1996::TD-C10-T4-R3-F1::K5017512,4,10,3
TD1996::TD-C10-T4-R3-F1::K5017513,4,10,3
TD1996::TD-C10-T4-R3-F1::K5017514,4,10,3
TD1996::TD-C10-T4-R3-F1::K5017515,4,10,3
TD1996::TD-C10-T4-R3-F1::K5017521,4,10,3
TD1996::TD-C10-T4-R3-F1::K5017522,4,10,3
TD1996::TD-C10-T4-R3-F1::K5017523,4,10,3
TD1996::TD-C10-T4-R3-F1::K5017524,4,10,3
TD1996::TD-C10-T4-R3-F1::K5017525,4,10,3
TD1996::TD-C10-T4-R3-F1::K5017531,4,10,3
TD1996::TD-C10-T4-R3-F1::K5017532,4,10,3
TD1996::TD-C10-T4-R3-F1::K5017533,4,10,3
TD1996::TD-C10-T4-R3-F1::K5017534,4,10,3
TD1996::TD-C10-T4-R3-F1::K5017535,4,10,3
TD1996::TD-C10-T4-R3-F1::K5017541,4,10,3
TD1996::TD-C10-T4-R3-F1::K5017542,4,10,3
TD1996::TD-C10-T4-R3-F1::K5017543,4,10,3
TD1996::TD-C10-T4-R3-F1::K5017544,4,10,3
TD1996::TD-C10-T4-R3-F1::K5017545,4,10,3
TD1996::TD-C10-T4-R3-F1::K5017551,4,10,3
TD1996::TD-C10-T4-R3-F1::K5017552,4,10,3
TD1996::TD-C10-T4-R3-F1::K5017553,4,10,3
TD1996::TD-C10-T4-R3-F1::K5017554,4,10,3
TD1996::TD-C10-T4-R3-F1::K5017555,4,10,3
TD1996::TD-C10-T4-R3-F1::k5111111,4,10,3
TD1996::TD-C10-T4-R3-F1::k5111121,4,10,3
TD1996::TD-C10-T4-R3-F1::k5111131,4,10,3
TD1996::TD-C10-T4-R3-F1::k5111141,4,10,3
TD1996::TD-C10-T4-R3-F1::k5111151,4,10,3
TD1996::TD-C10-T4-R3-F1::k5111211,4,10,3
TD1996::TD-C10-T4-R3-F1::k5111221,4,10,3
TD1996::TD-C10-T4-R3-F1::k5111231,4,10,3
TD1996::TD-C10-T4-R3-F1::k5111241,4,10,3
TD1996::TD-C10-T4-R3-F1::k5111251,4,10,3
TD1996::TD-C10-T4-R3-F1::k5111311,4,10,3
TD1996::TD-C10-T4-R3-F1::k5111321,4,10,3
TD1996::TD-C10-T4-R3-F1::k5111331,4,10,3
TD1996::TD-C10-T4-R3-F1::k5111341,4,10,3
TD1996::TD-C10-T4-R3-F1::k5111351,4,10,3
TD1996::TD-C10-T4-R3-F1::k5111411,4,10,3
TD1996::TD-C10-T4-R3-F1::k5111421,4,10,3
TD1996::TD-C10-T4-R3-F1::k5111431,4,10,3
TD1996::TD-C10-T4-R3-F1::k5111441,4,10,3
TD1996::TD-C10-T4-R3-F1::k5111451,4,10,3
TD1996::TD-C10-T4-R3-F1::k5111511,4,10,3
TD1996::TD-C10-T4-R3-F1::k5111521,4,10,3
TD1996::TD-C10-T4-R3-F1::k5111531,4,10,3
TD1996::TD-C10-T4-R3-F1::k5111541,4,10,3
TD1996::TD-C10-T4-R3-F1::k5111551,4,10,3
TD1996::TD-C10-T4-R3-F1::k5114111,4,10,3
TD1996::TD-C10-T4-R3-F1::k5114121,4,10,3
TD1996::TD-C10-T4-R3-F1::k5114131,4,10,3
TD1996::TD-C10-T4-R3-F1::k5114141,4,10,3
TD1996::TD-C10-T4-R3-F1::k5114151,4,10,3
TD1996::TD-C10-T4-R3-F1::k5114211,4,10,3
TD1996::TD-C10-T4-R3-F1::k5114221,4,10,3
TD1996::TD-C10-T4-R3-F1::k5114231,4,10,3
TD1996::TD-C10-T4-R3-F1::k5114241,4,10,3
TD1996::TD-C10-T4-R3-F1::k5114251,4,10,3
TD1996::TD-C10-T4-R3-F1::k5114311,4,10,3
TD1996::TD-C10-T4-R3-F1::k5114321,4,10,3
TD1996::TD-C10-T4-R3-F1::k5114331,4,10,3
TD1996::TD-C10-T4-R3-F1::k5114341,4,10,3
TD1996::TD-C10-T4-R3-F1::k5114351,4,10,3
TD1996::TD-C10-T4-R3-F1::k5114411,4,10,3
TD1996::TD-C10-T4-R3-F1::k5114421,4,10,3
TD1996::TD-C10-T4-R3-F1::k5114431,4,10,3
TD1996::TD-C10-T4-R3-F1::k5114441,4,10,3
TD1996::TD-C10-T4-R3-F1::k5114451,4,10,3
TD1996::TD-C10-T4-R3-F1::k5114511,4,10,3
TD1996::TD-C10-T4-R3-F1::k5114521,4,10,3
TD1996::TD-C10-T4-R3-F1::k5114531,4,10,3
TD1996::TD-C10-T4-R3-F1::k5114541,4,10,3
TD1996::TD-C10-T4-R3-F1::k5114551,4,10,3
TD1996::TD-C10-T4-R3-F1::k5117111,4,10,3
TD1996::TD-C10-T4-R3-F1::k5117121,4,10,3
TD1996::TD-C10-T4-R3-F1::k5117131,4,10,3
TD1996::TD-C10-T4-R3-F1::k5117141,4,10,3
TD1996::TD-C10-T4-R3-F1::k5117151,4,10,3
TD1996::TD-C10-T4-R3-F1::k5117211,4,10,3
TD1996::TD-C10-T4-R3-F1::k5117221,4,10,3
TD1996::TD-C10-T4-R3-F1::k5117231,4,10,3
TD1996::TD-C10-T4-R3-F1::k5117241,4,10,3
TD1996::TD-C10-T4-R3-F1::k5117251,4,10,3
TD1996::TD-C10-T4-R3-F1::k5117311,4,10,3
TD1996::TD-C10-T4-R3-F1::k5117321,4,10,3
TD1996::TD-C10-T4-R3-F1::k5117331,4,10,3
TD1996::TD-C10-T4-R3-F1::k5117341,4,10,3
TD1996::TD-C10-T4-R3-F1::k5117351,4,10,3
TD1996::TD-C10-T4-R3-F1::k5117411,4,10,3
TD1996::TD-C10-T4-R3-F1::k5117421,4,10,3
TD1996::TD-C10-T4-R3-F1::k5117431,4,10,3
TD1996::TD-C10-T4-R3-F1::k5117441,4,10,3
TD1996::TD-C10-T4-R3-F1::k5117451,4,10,3
TD1996::TD-C10-T4-R3-F1::k5117511,4,10,3
TD1996::TD-C10-T4-R3-F1::k5117521,4,10,3
TD1996::TD-C10-T4-R3-F1::k5117531,4,10,3
TD1996::TD-C10-T4-R3-F1::k5117541,4,10,3
TD1996::TD-C10-T4-R3-F1::k5117551,4,10,3
TD1996::TD-C10-T4-R3-F1::K5211111,4,10,3
TD1996::TD-C10-T4-R3-F1::K5211121,4,10,3
TD1996::TD-C10-T4-R3-F1::K5211131,4,10,3
TD1996::TD-C10-T4-R3-F1::K5211141,4,10,3
TD1996::TD-C10-T4-R3-F1::K5211151,4,10,3
TD1996::TD-C10-T4-R3-F1::K5211211,4,10,3
TD1996::TD-C10-T4-R3-F1::K5211221,4,10,3
TD1996::TD-C10-T4-R3-F1::K5211231,4,10,3
TD1996::TD-C10-T4-R3-F1::K5211241,4,10,3
TD1996::TD-C10-T4-R3-F1::K5211251,4,10,3
TD1996::TD-C10-T4-R3-F1::K5211311,4,10,3
TD1996::TD-C10-T4-R3-F1::K5211321,4,10,3
TD1996::TD-C10-T4-R3-F1::K5211331,4,10,3
TD1996::TD-C10-T4-R3-F1::K5211341,4,10,3
TD1996::TD-C10-T4-R3-F1::K5211351,4,10,3
TD1996::TD-C10-T4-R3-F1::K5211411,4,10,3
TD1996::TD-C10-T4-R3-F1::K5211421,4,10,3
TD1996::TD-C10-T4-R3-F1::K5211431,4,10,3
TD1996::TD-C10-T4-R3-F1::K5211441,4,10,3
TD1996::TD-C10-T4-R3-F1::K5211451,4,10,3
TD1996::TD-C10-T4-R3-F1::K5211511,4,10,3
TD1996::TD-C10-T4-R3-F1::K5211521,4,10,3
TD1996::TD-C10-T4-R3-F1::K5211531,4,10,3
TD1996::TD-C10-T4-R3-F1::K5211541,4,10,3
TD1996::TD-C10-T4-R3-F1::K5211551,4,10,3
TD1996::TD-C10-T4-R3-F1::K5214111,4,10,3
TD1996::TD-C10-T4-R3-F1::K5214121,4,10,3
TD1996::TD-C10-T4-R3-F1::K5214131,4,10,3
TD1996::TD-C10-T4-R3-F1::K5214141,4,10,3
TD1996::TD-C10-T4-R3-F1::K5214151,4,10,3
TD1996::TD-C10-T4-R3-F1::K5214211,4,10,3
TD1996::TD-C10-T4-R3-F1::K5214221,4,10,3
TD1996::TD-C10-T4-R3-F1::K5214231,4,10,3
TD1996::TD-C10-T4-R3-F1::K5214241,4,10,3
TD1996::TD-C10-T4-R3-F1::K5214251,4,10,3
TD1996::TD-C10-T4-R3-F1::K5214311,4,10,3
TD1996::TD-C10-T4-R3-F1::K5214321,4,10,3
TD1996::TD-C10-T4-R3-F1::K5214331,4,10,3
TD1996::TD-C10-T4-R3-F1::K5214341,4,10,3
TD1996::TD-C10-T4-R3-F1::K5214351,4,10,3
TD1996::TD-C10-T4-R3-F1::K5214411,4,10,3
TD1996::TD-C10-T4-R3-F1::K5214421,4,10,3
TD1996::TD-C10-T4-R3-F1::K5214431,4,10,3
TD1996::TD-C10-T4-R3-F1::K5214441,4,10,3
TD1996::TD-C10-T4-R3-F1::K5214451,4,10,3
TD1996::TD-C10-T4-R3-F1::K5214511,4,10,3
TD1996::TD-C10-T4-R3-F1::K5214521,4,10,3
TD1996::TD-C10-T4-R3-F1::K5214531,4,10,3
TD1996::TD-C10-T4-R3-F1::K5214541,4,10,3
TD1996::TD-C10-T4-R3-F1::K5214551,4,10,3
TD1996::TD-C10-T4-R3-F1::K5217111,4,10,3
TD1996::TD-C10-T4-R3-F1::K5217121,4,10,3
TD1996::TD-C10-T4-R3-F1::K5217131,4,10,3
TD1996::TD-C10-T4-R3-F1::K5217141,4,10,3
TD1996::TD-C10-T4-R3-F1::K5217151,4,10,3
TD1996::TD-C10-T4-R3-F1::K5217211,4,10,3
TD1996::TD-C10-T4-R3-F1::K5217221,4,10,3
TD1996::TD-C10-T4-R3-F1::K5217231,4,10,3
TD1996::TD-C10-T4-R3-F1::K5217241,4,10,3
TD1996::TD-C10-T4-R3-F1::K5217251,4,10,3
TD1996::TD-C10-T4-R3-F1::K5217311,4,10,3
TD1996::TD-C10-T4-R3-F1::K5217321,4,10,3
TD1996::TD-C10-T4-R3-F1::K5217331,4,10,3
TD1996::TD-C10-T4-R3-F1::K5217341,4,10,3
TD1996::TD-C10-T4-R3-F1::K5217351,4,10,3
TD1996::TD-C10-T4-R3-F1::K5217411,4,10,3
TD1996::TD-C10-T4-R3-F1::K5217421,4,10,3
TD1996::TD-C10-T4-R3-F1::K5217431,4,10,3
TD1996::TD-C10-T4-R3-F1::K5217441,4,10,3
TD1996::TD-C10-T4-R3-F1::K5217451,4,10,3
TD1996::TD-C10-T4-R3-F1::K5217511,4,10,3
TD1996::TD-C10-T4-R3-F1::K5217521,4,10,3
TD1996::TD-C10-T4-R3-F1::K5217531,4,10,3
TD1996::TD-C10-T4-R3-F1::K5217541,4,10,3
TD1996::TD-C10-T4-R3-F1::K5217551,4,10,3
TD1996::TD-C10-T4-R3-F4::G0041111,4,10,3
TD1996::TD-C10-T4-R3-F4::G0041112,4,10,3
TD1996::TD-C10-T4-R3-F4::G0041113,4,10,3
TD1996::TD-C10-T4-R3-F4::G0041114,4,10,3
TD1996::TD-C10-T4-R3-F4::G0041115,4,10,3
TD1996::TD-C10-T4-R3-F4::G0041121,4,10,3
TD1996::TD-C10-T4-R3-F4::G0041122,4,10,3
TD1996::TD-C10-T4-R3-F4::G0041123,4,10,3
TD1996::TD-C10-T4-R3-F4::G0041124,4,10,3
TD1996::TD-C10-T4-R3-F4::G0041125,4,10,3
TD1996::TD-C10-T4-R3-F4::G0041131,4,10,3
TD1996::TD-C10-T4-R3-F4::G0041132,4,10,3
TD1996::TD-C10-T4-R3-F4::G0041133,4,10,3
TD1996::TD-C10-T4-R3-F4::G0041134,4,10,3
TD1996::TD-C10-T4-R3-F4::G0041135,4,10,3
TD1996::TD-C10-T4-R3-F4::G0041141,4,10,3
TD1996::TD-C10-T4-R3-F4::G0041142,4,10,3
TD1996::TD-C10-T4-R3-F4::G0041143,4,10,3
TD1996::TD-C10-T4-R3-F4::G0041144,4,10,3
TD1996::TD-C10-T4-R3-F4::G0041145,4,10,3
TD1996::TD-C10-T4-R3-F4::G0041151,4,10,3
TD1996::TD-C10-T4-R3-F4::G0041152,4,10,3
TD1996::TD-C10-T4-R3-F4::G0041153,4,10,3
TD1996::TD-C10-T4-R3-F4::G0041154,4,10,3
TD1996::TD-C10-T4-R3-F4::G0041155,4,10,3
TD1996::TD-C10-T4-R3-F4::G0041211,4,10,3
TD1996::TD-C10-T4-R3-F4::G0041212,4,10,3
TD1996::TD-C10-T4-R3-F4::G0041213,4,10,3
TD1996::TD-C10-T4-R3-F4::G0041214,4,10,3
TD1996::TD-C10-T4-R3-F4::G0041215,4,10,3
TD1996::TD-C10-T4-R3-F4::G0041221,4,10,3
TD1996::TD-C10-T4-R3-F4::G0041222,4,10,3
TD1996::TD-C10-T4-R3-F4::G0041223,4,10,3
TD1996::TD-C10-T4-R3-F4::G0041224,4,10,3
TD1996::TD-C10-T4-R3-F4::G0041225,4,10,3
TD1996::TD-C10-T4-R3-F4::G0041231,4,10,3
TD1996::TD-C10-T4-R3-F4::G0041232,4,10,3
TD1996::TD-C10-T4-R3-F4::G0041233,4,10,3
TD1996::TD-C10-T4-R3-F4::G0041234,4,10,3
TD1996::TD-C10-T4-R3-F4::G0041235,4,10,3
TD1996::TD-C10-T4-R3-F4::G0041241,4,10,3
TD1996::TD-C10-T4-R3-F4::G0041242,4,10,3
TD1996::TD-C10-T4-R3-F4::G0041243,4,10,3
TD1996::TD-C10-T4-R3-F4::G0041244,4,10,3
TD1996::TD-C10-T4-R3-F4::G0041245,4,10,3
TD1996::TD-C10-T4-R3-F4::G0041251,4,10,3
TD1996::TD-C10-T4-R3-F4::G0041252,4,10,3
TD1996::TD-C10-T4-R3-F4::G0041253,4,10,3
TD1996::TD-C10-T4-R3-F4::G0041254,4,10,3
TD1996::TD-C10-T4-R3-F4::G0041255,4,10,3
TD1996::TD-C10-T4-R3-F4::G0041311,4,10,3
TD1996::TD-C10-T4-R3-F4::G0041312,4,10,3
TD1996::TD-C10-T4-R3-F4::G0041313,4,10,3
TD1996::TD-C10-T4-R3-F4::G0041314,4,10,3
TD1996::TD-C10-T4-R3-F4::G0041315,4,10,3
TD1996::TD-C10-T4-R3-F4::G0041321,4,10,3
TD1996::TD-C10-T4-R3-F4::G0041322,4,10,3
TD1996::TD-C10-T4-R3-F4::G0041323,4,10,3
TD1996::TD-C10-T4-R3-F4::G0041324,4,10,3
TD1996::TD-C10-T4-R3-F4::G0041325,4,10,3
TD1996::TD-C10-T4-R3-F4::G0041331,4,10,3
TD1996::TD-C10-T4-R3-F4::G0041332,4,10,3
TD1996::TD-C10-T4-R3-F4::G0041333,4,10,3
TD1996::TD-C10-T4-R3-F4::G0041334,4,10,3
TD1996::TD-C10-T4-R3-F4::G0041335,4,10,3
TD1996::TD-C10-T4-R3-F4::G0041341,4,10,3
TD1996::TD-C10-T4-R3-F4::G0041342,4,10,3
TD1996::TD-C10-T4-R3-F4::G0041343,4,10,3
TD1996::TD-C10-T4-R3-F4::G0041344,4,10,3
TD1996::TD-C10-T4-R3-F4::G0041345,4,10,3
TD1996::TD-C10-T4-R3-F4::G0041351,4,10,3
TD1996::TD-C10-T4-R3-F4::G0041352,4,10,3
TD1996::TD-C10-T4-R3-F4::G0041353,4,10,3
TD1996::TD-C10-T4-R3-F4::G0041354,4,10,3
TD1996::TD-C10-T4-R3-F4::G0041355,4,10,3
TD1996::TD-C10-T4-R3-F4::G0041411,4,10,3
TD1996::TD-C10-T4-R3-F4::G0041412,4,10,3
TD1996::TD-C10-T4-R3-F4::G0041413,4,10,3
TD1996::TD-C10-T4-R3-F4::G0041414,4,10,3
TD1996::TD-C10-T4-R3-F4::G0041415,4,10,3
TD1996::TD-C10-T4-R3-F4::G0041421,4,10,3
TD1996::TD-C10-T4-R3-F4::G0041422,4,10,3
TD1996::TD-C10-T4-R3-F4::G0041423,4,10,3
TD1996::TD-C10-T4-R3-F4::G0041424,4,10,3
TD1996::TD-C10-T4-R3-F4::G0041425,4,10,3
TD1996::TD-C10-T4-R3-F4::G0041431,4,10,3
TD1996::TD-C10-T4-R3-F4::G0041432,4,10,3
TD1996::TD-C10-T4-R3-F4::G0041433,4,10,3
TD1996::TD-C10-T4-R3-F4::G0041434,4,10,3
TD1996::TD-C10-T4-R3-F4::G0041435,4,10,3
TD1996::TD-C10-T4-R3-F4::G0041441,4,10,3
TD1996::TD-C10-T4-R3-F4::G0041442,4,10,3
TD1996::TD-C10-T4-R3-F4::G0041443,4,10,3
TD1996::TD-C10-T4-R3-F4::G0041444,4,10,3
TD1996::TD-C10-T4-R3-F4::G0041445,4,10,3
TD1996::TD-C10-T4-R3-F4::G0041451,4,10,3
TD1996::TD-C10-T4-R3-F4::G0041452,4,10,3
TD1996::TD-C10-T4-R3-F4::G0041453,4,10,3
TD1996::TD-C10-T4-R3-F4::G0041454,4,10,3
TD1996::TD-C10-T4-R3-F4::G0041455,4,10,3
TD1996::TD-C10-T4-R3-F4::G0041511,4,10,3
TD1996::TD-C10-T4-R3-F4::G0041512,4,10,3
TD1996::TD-C10-T4-R3-F4::G0041513,4,10,3
TD1996::TD-C10-T4-R3-F4::G0041514,4,10,3
TD1996::TD-C10-T4-R3-F4::G0041515,4,10,3
TD1996::TD-C10-T4-R3-F4::G0041521,4,10,3
TD1996::TD-C10-T4-R3-F4::G0041522,4,10,3
TD1996::TD-C10-T4-R3-F4::G0041523,4,10,3
TD1996::TD-C10-T4-R3-F4::G0041524,4,10,3
TD1996::TD-C10-T4-R3-F4::G0041525,4,10,3
TD1996::TD-C10-T4-R3-F4::G0041531,4,10,3
TD1996::TD-C10-T4-R3-F4::G0041532,4,10,3
TD1996::TD-C10-T4-R3-F4::G0041533,4,10,3
TD1996::TD-C10-T4-R3-F4::G0041534,4,10,3
TD1996::TD-C10-T4-R3-F4::G0041535,4,10,3
TD1996::TD-C10-T4-R3-F4::G0041541,4,10,3
TD1996::TD-C10-T4-R3-F4::G0041542,4,10,3
TD1996::TD-C10-T4-R3-F4::G0041543,4,10,3
TD1996::TD-C10-T4-R3-F4::G0041544,4,10,3
TD1996::TD-C10-T4-R3-F4::G0041545,4,10,3
TD1996::TD-C10-T4-R3-F4::G0041551,4,10,3
TD1996::TD-C10-T4-R3-F4::G0041552,4,10,3
TD1996::TD-C10-T4-R3-F4::G0041553,4,10,3
TD1996::TD-C10-T4-R3-F4::G0041554,4,10,3
TD1996::TD-C10-T4-R3-F4::G0041555,4,10,3
TD1996::TD-C10-T4-R3-F4::G0044111,4,10,3
TD1996::TD-C10-T4-R3-F4::G0044112,4,10,3
TD1996::TD-C10-T4-R3-F4::G0044113,4,10,3
TD1996::TD-C10-T4-R3-F4::G0044114,4,10,3
TD1996::TD-C10-T4-R3-F4::G0044115,4,10,3
TD1996::TD-C10-T4-R3-F4::G0044121,4,10,3
TD1996::TD-C10-T4-R3-F4::G0044122,4,10,3
TD1996::TD-C10-T4-R3-F4::G0044123,4,10,3
TD1996::TD-C10-T4-R3-F4::G0044124,4,10,3
TD1996::TD-C10-T4-R3-F4::G0044125,4,10,3
TD1996::TD-C10-T4-R3-F4::G0044131,4,10,3
TD1996::TD-C10-T4-R3-F4::G0044132,4,10,3
TD1996::TD-C10-T4-R3-F4::G0044133,4,10,3
TD1996::TD-C10-T4-R3-F4::G0044134,4,10,3
TD1996::TD-C10-T4-R3-F4::G0044135,4,10,3
TD1996::TD-C10-T4-R3-F4::G0044141,4,10,3
TD1996::TD-C10-T4-R3-F4::G0044142,4,10,3
TD1996::TD-C10-T4-R3-F4::G0044143,4,10,3
TD1996::TD-C10-T4-R3-F4::G0044144,4,10,3
TD1996::TD-C10-T4-R3-F4::G0044145,4,10,3
TD1996::TD-C10-T4-R3-F4::G0044151,4,10,3
TD1996::TD-C10-T4-R3-F4::G0044152,4,10,3
TD1996::TD-C10-T4-R3-F4::G0044153,4,10,3
TD1996::TD-C10-T4-R3-F4::G0044154,4,10,3
TD1996::TD-C10-T4-R3-F4::G0044155,4,10,3
TD1996::TD-C10-T4-R3-F4::G0044211,4,10,3
TD1996::TD-C10-T4-R3-F4::G0044212,4,10,3
TD1996::TD-C10-T4-R3-F4::G0044213,4,10,3
TD1996::TD-C10-T4-R3-F4::G0044214,4,10,3
TD1996::TD-C10-T4-R3-F4::G0044215,4,10,3
TD1996::TD-C10-T4-R3-F4::G0044221,4,10,3
TD1996::TD-C10-T4-R3-F4::G0044222,4,10,3
TD1996::TD-C10-T4-R3-F4::G0044223,4,10,3
TD1996::TD-C10-T4-R3-F4::G0044224,4,10,3
TD1996::TD-C10-T4-R3-F4::G0044225,4,10,3
TD1996::TD-C10-T4-R3-F4::G0044231,4,10,3
TD1996::TD-C10-T4-R3-F4::G0044232,4,10,3
TD1996::TD-C10-T4-R3-F4::G0044233,4,10,3
TD1996::TD-C10-T4-R3-F4::G0044234,4,10,3
TD1996::TD-C10-T4-R3-F4::G0044235,4,10,3
TD1996::TD-C10-T4-R3-F4::G0044241,4,10,3
TD1996::TD-C10-T4-R3-F4::G0044242,4,10,3
TD1996::TD-C10-T4-R3-F4::G0044243,4,10,3
TD1996::TD-C10-T4-R3-F4::G0044244,4,10,3
TD1996::TD-C10-T4-R3-F4::G0044245,4,10,3
TD1996::TD-C10-T4-R3-F4::G0044251,4,10,3
TD1996::TD-C10-T4-R3-F4::G0044252,4,10,3
TD1996::TD-C10-T4-R3-F4::G0044253,4,10,3
TD1996::TD-C10-T4-R3-F4::G0044254,4,10,3
TD1996::TD-C10-T4-R3-F4::G0044255,4,10,3
TD1996::TD-C10-T4-R3-F4::G0044311,4,10,3
TD1996::TD-C10-T4-R3-F4::G0044312,4,10,3
TD1996::TD-C10-T4-R3-F4::G0044313,4,10,3
TD1996::TD-C10-T4-R3-F4::G0044314,4,10,3
TD1996::TD-C10-T4-R3-F4::G0044315,4,10,3
TD1996::TD-C10-T4-R3-F4::G0044321,4,10,3
TD1996::TD-C10-T4-R3-F4::G0044322,4,10,3
TD1996::TD-C10-T4-R3-F4::G0044323,4,10,3
TD1996::TD-C10-T4-R3-F4::G0044324,4,10,3
TD1996::TD-C10-T4-R3-F4::G0044325,4,10,3
TD1996::TD-C10-T4-R3-F4::G0044331,4,10,3
TD1996::TD-C10-T4-R3-F4::G0044332,4,10,3
TD1996::TD-C10-T4-R3-F4::G0044333,4,10,3
TD1996::TD-C10-T4-R3-F4::G0044334,4,10,3
TD1996::TD-C10-T4-R3-F4::G0044335,4,10,3
TD1996::TD-C10-T4-R3-F4::G0044341,4,10,3
TD1996::TD-C10-T4-R3-F4::G0044342,4,10,3
TD1996::TD-C10-T4-R3-F4::G0044343,4,10,3
TD1996::TD-C10-T4-R3-F4::G0044344,4,10,3
TD1996::TD-C10-T4-R3-F4::G0044345,4,10,3
TD1996::TD-C10-T4-R3-F4::G0044351,4,10,3
TD1996::TD-C10-T4-R3-F4::G0044352,4,10,3
TD1996::TD-C10-T4-R3-F4::G0044353,4,10,3
TD1996::TD-C10-T4-R3-F4::G0044354,4,10,3
TD1996::TD-C10-T4-R3-F4::G0044355,4,10,3
TD1996::TD-C10-T4-R3-F4::G0044411,4,10,3
TD1996::TD-C10-T4-R3-F4::G0044412,4,10,3
TD1996::TD-C10-T4-R3-F4::G0044413,4,10,3
TD1996::TD-C10-T4-R3-F4::G0044414,4,10,3
TD1996::TD-C10-T4-R3-F4::G0044415,4,10,3
TD1996::TD-C10-T4-R3-F4::G0044421,4,10,3
TD1996::TD-C10-T4-R3-F4::G0044422,4,10,3
TD1996::TD-C10-T4-R3-F4::G0044423,4,10,3
TD1996::TD-C10-T4-R3-F4::G0044424,4,10,3
TD1996::TD-C10-T4-R3-F4::G0044425,4,10,3
TD1996::TD-C10-T4-R3-F4::G0044431,4,10,3
TD1996::TD-C10-T4-R3-F4::G0044432,4,10,3
TD1996::TD-C10-T4-R3-F4::G0044433,4,10,3
TD1996::TD-C10-T4-R3-F4::G0044434,4,10,3
TD1996::TD-C10-T4-R3-F4::G0044435,4,10,3
TD1996::TD-C10-T4-R3-F4::G0044441,4,10,3
TD1996::TD-C10-T4-R3-F4::G0044442,4,10,3
TD1996::TD-C10-T4-R3-F4::G0044443,4,10,3
TD1996::TD-C10-T4-R3-F4::G0044444,4,10,3
TD1996::TD-C10-T4-R3-F4::G0044445,4,10,3
TD1996::TD-C10-T4-R3-F4::G0044451,4,10,3
TD1996::TD-C10-T4-R3-F4::G0044452,4,10,3
TD1996::TD-C10-T4-R3-F4::G0044453,4,10,3
TD1996::TD-C10-T4-R3-F4::G0044454,4,10,3
TD1996::TD-C10-T4-R3-F4::G0044455,4,10,3
TD1996::TD-C10-T4-R3-F4::G0044511,4,10,3
TD1996::TD-C10-T4-R3-F4::G0044512,4,10,3
TD1996::TD-C10-T4-R3-F4::G0044513,4,10,3
TD1996::TD-C10-T4-R3-F4::G0044514,4,10,3
TD1996::TD-C10-T4-R3-F4::G0044515,4,10,3
TD1996::TD-C10-T4-R3-F4::G0044521,4,10,3
TD1996::TD-C10-T4-R3-F4::G0044522,4,10,3
TD1996::TD-C10-T4-R3-F4::G0044523,4,10,3
TD1996::TD-C10-T4-R3-F4::G0044524,4,10,3
TD1996::TD-C10-T4-R3-F4::G0044525,4,10,3
TD1996::TD-C10-T4-R3-F4::G0044531,4,10,3
TD1996::TD-C10-T4-R3-F4::G0044532,4,10,3
TD1996::TD-C10-T4-R3-F4::G0044533,4,10,3
TD1996::TD-C10-T4-R3-F4::G0044534,4,10,3
TD1996::TD-C10-T4-R3-F4::G0044535,4,10,3
TD1996::TD-C10-T4-R3-F4::G0044541,4,10,3
TD1996::TD-C10-T4-R3-F4::G0044542,4,10,3
TD1996::TD-C10-T4-R3-F4::G0044543,4,10,3
TD1996::TD-C10-T4-R3-F4::G0044544,4,10,3
TD1996::TD-C10-T4-R3-F4::G0044545,4,10,3
TD1996::TD-C10-T4-R3-F4::G0044551,4,10,3
TD1996::TD-C10-T4-R3-F4::G0044552,4,10,3
TD1996::TD-C10-T4-R3-F4::G0044553,4,10,3
TD1996::TD-C10-T4-R3-F4::G0044554,4,10,3
TD1996::TD-C10-T4-R3-F4::G0044555,4,10,3
TD1996::TD-C10-T4-R3-F4::G0047111,4,10,3
TD1996::TD-C10-T4-R3-F4::G0047112,4,10,3
TD1996::TD-C10-T4-R3-F4::G0047113,4,10,3
TD1996::TD-C10-T4-R3-F4::G0047114,4,10,3
TD1996::TD-C10-T4-R3-F4::G0047115,4,10,3
TD1996::TD-C10-T4-R3-F4::G0047121,4,10,3
TD1996::TD-C10-T4-R3-F4::G0047122,4,10,3
TD1996::TD-C10-T4-R3-F4::G0047123,4,10,3
TD1996::TD-C10-T4-R3-F4::G0047124,4,10,3
TD1996::TD-C10-T4-R3-F4::G0047125,4,10,3
TD1996::TD-C10-T4-R3-F4::G0047131,4,10,3
TD1996::TD-C10-T4-R3-F4::G0047132,4,10,3
TD1996::TD-C10-T4-R3-F4::G0047133,4,10,3
TD1996::TD-C10-T4-R3-F4::G0047134,4,10,3
TD1996::TD-C10-T4-R3-F4::G0047135,4,10,3
TD1996::TD-C10-T4-R3-F4::G0047141,4,10,3
TD1996::TD-C10-T4-R3-F4::G0047142,4,10,3
TD1996::TD-C10-T4-R3-F4::G0047143,4,10,3
TD1996::TD-C10-T4-R3-F4::G0047144,4,10,3
TD1996::TD-C10-T4-R3-F4::G0047145,4,10,3
TD1996::TD-C10-T4-R3-F4::G0047151,4,10,3
TD1996::TD-C10-T4-R3-F4::G0047152,4,10,3
TD1996::TD-C10-T4-R3-F4::G0047153,4,10,3
TD1996::TD-C10-T4-R3-F4::G0047154,4,10,3
TD1996::TD-C10-T4-R3-F4::G0047155,4,10,3
TD1996::TD-C10-T4-R3-F4::G0047211,4,10,3
TD1996::TD-C10-T4-R3-F4::G0047212,4,10,3
TD1996::TD-C10-T4-R3-F4::G0047213,4,10,3
TD1996::TD-C10-T4-R3-F4::G0047214,4,10,3
TD1996::TD-C10-T4-R3-F4::G0047215,4,10,3
TD1996::TD-C10-T4-R3-F4::G0047221,4,10,3
TD1996::TD-C10-T4-R3-F4::G0047222,4,10,3
TD1996::TD-C10-T4-R3-F4::G0047223,4,10,3
TD1996::TD-C10-T4-R3-F4::G0047224,4,10,3
TD1996::TD-C10-T4-R3-F4::G0047225,4,10,3
TD1996::TD-C10-T4-R3-F4::G0047231,4,10,3
TD1996::TD-C10-T4-R3-F4::G0047232,4,10,3
TD1996::TD-C10-T4-R3-F4::G0047233,4,10,3
TD1996::TD-C10-T4-R3-F4::G0047234,4,10,3
TD1996::TD-C10-T4-R3-F4::G0047235,4,10,3
TD1996::TD-C10-T4-R3-F4::G0047241,4,10,3
TD1996::TD-C10-T4-R3-F4::G0047242,4,10,3
TD1996::TD-C10-T4-R3-F4::G0047243,4,10,3
TD1996::TD-C10-T4-R3-F4::G0047244,4,10,3
TD1996::TD-C10-T4-R3-F4::G0047245,4,10,3
TD1996::TD-C10-T4-R3-F4::G0047251,4,10,3
TD1996::TD-C10-T4-R3-F4::G0047252,4,10,3
TD1996::TD-C10-T4-R3-F4::G0047253,4,10,3
TD1996::TD-C10-T4-R3-F4::G0047254,4,10,3
TD1996::TD-C10-T4-R3-F4::G0047255,4,10,3
TD1996::TD-C10-T4-R3-F4::G0047311,4,10,3
TD1996::TD-C10-T4-R3-F4::G0047312,4,10,3
TD1996::TD-C10-T4-R3-F4::G0047313,4,10,3
TD1996::TD-C10-T4-R3-F4::G0047314,4,10,3
TD1996::TD-C10-T4-R3-F4::G0047315,4,10,3
TD1996::TD-C10-T4-R3-F4::G0047321,4,10,3
TD1996::TD-C10-T4-R3-F4::G0047322,4,10,3
TD1996::TD-C10-T4-R3-F4::G0047323,4,10,3
TD1996::TD-C10-T4-R3-F4::G0047324,4,10,3
TD1996::TD-C10-T4-R3-F4::G0047325,4,10,3
TD1996::TD-C10-T4-R3-F4::G0047331,4,10,3
TD1996::TD-C10-T4-R3-F4::G0047332,4,10,3
TD1996::TD-C10-T4-R3-F4::G0047333,4,10,3
TD1996::TD-C10-T4-R3-F4::G0047334,4,10,3
TD1996::TD-C10-T4-R3-F4::G0047335,4,10,3
TD1996::TD-C10-T4-R3-F4::G0047341,4,10,3
TD1996::TD-C10-T4-R3-F4::G0047342,4,10,3
TD1996::TD-C10-T4-R3-F4::G0047343,4,10,3
TD1996::TD-C10-T4-R3-F4::G0047344,4,10,3
TD1996::TD-C10-T4-R3-F4::G0047345,4,10,3
TD1996::TD-C10-T4-R3-F4::G0047351,4,10,3
TD1996::TD-C10-T4-R3-F4::G0047352,4,10,3
TD1996::TD-C10-T4-R3-F4::G0047353,4,10,3
TD1996::TD-C10-T4-R3-F4::G0047354,4,10,3
TD1996::TD-C10-T4-R3-F4::G0047355,4,10,3
TD1996::TD-C10-T4-R3-F4::G0047411,4,10,3
TD1996::TD-C10-T4-R3-F4::G0047412,4,10,3
TD1996::TD-C10-T4-R3-F4::G0047413,4,10,3
TD1996::TD-C10-T4-R3-F4::G0047414,4,10,3
TD1996::TD-C10-T4-R3-F4::G0047415,4,10,3
TD1996::TD-C10-T4-R3-F4::G0047421,4,10,3
TD1996::TD-C10-T4-R3-F4::G0047422,4,10,3
TD1996::TD-C10-T4-R3-F4::G0047423,4,10,3
TD1996::TD-C10-T4-R3-F4::G0047424,4,10,3
TD1996::TD-C10-T4-R3-F4::G0047425,4,10,3
TD1996::TD-C10-T4-R3-F4::G0047431,4,10,3
TD1996::TD-C10-T4-R3-F4::G0047432,4,10,3
TD1996::TD-C10-T4-R3-F4::G0047433,4,10,3
TD1996::TD-C10-T4-R3-F4::G0047434,4,10,3
TD1996::TD-C10-T4-R3-F4::G0047435,4,10,3
TD1996::TD-C10-T4-R3-F4::G0047441,4,10,3
TD1996::TD-C10-T4-R3-F4::G0047442,4,10,3
TD1996::TD-C10-T4-R3-F4::G0047443,4,10,3
TD1996::TD-C10-T4-R3-F4::G0047444,4,10,3
TD1996::TD-C10-T4-R3-F4::G0047445,4,10,3
TD1996::TD-C10-T4-R3-F4::G0047451,4,10,3
TD1996::TD-C10-T4-R3-F4::G0047452,4,10,3
TD1996::TD-C10-T4-R3-F4::G0047453,4,10,3
TD1996::TD-C10-T4-R3-F4::G0047454,4,10,3
TD1996::TD-C10-T4-R3-F4::G0047455,4,10,3
TD1996::TD-C10-T4-R3-F4::G0047511,4,10,3
TD1996::TD-C10-T4-R3-F4::G0047512,4,10,3
TD1996::TD-C10-T4-R3-F4::G0047513,4,10,3
TD1996::TD-C10-T4-R3-F4::G0047514,4,10,3
TD1996::TD-C10-T4-R3-F4::G0047515,4,10,3
TD1996::TD-C10-T4-R3-F4::G0047521,4,10,3
TD1996::TD-C10-T4-R3-F4::G0047522,4,10,3
TD1996::TD-C10-T4-R3-F4::G0047523,4,10,3
TD1996::TD-C10-T4-R3-F4::G0047524,4,10,3
TD1996::TD-C10-T4-R3-F4::G0047525,4,10,3
TD1996::TD-C10-T4-R3-F4::G0047531,4,10,3
TD1996::TD-C10-T4-R3-F4::G0047532,4,10,3
TD1996::TD-C10-T4-R3-F4::G0047533,4,10,3
TD1996::TD-C10-T4-R3-F4::G0047534,4,10,3
TD1996::TD-C10-T4-R3-F4::G0047535,4,10,3
TD1996::TD-C10-T4-R3-F4::G0047541,4,10,3
TD1996::TD-C10-T4-R3-F4::G0047542,4,10,3
TD1996::TD-C10-T4-R3-F4::G0047543,4,10,3
TD1996::TD-C10-T4-R3-F4::G0047544,4,10,3
TD1996::TD-C10-T4-R3-F4::G0047545,4,10,3
TD1996::TD-C10-T4-R3-F4::G0047551,4,10,3
TD1996::TD-C10-T4-R3-F4::G0047552,4,10,3
TD1996::TD-C10-T4-R3-F4::G0047553,4,10,3
TD1996::TD-C10-T4-R3-F4::G0047554,4,10,3
TD1996::TD-C10-T4-R3-F4::G0047555,4,10,3
TD1996::TD-C10-T4-R3-F4::g0141111,4,10,3
TD1996::TD-C10-T4-R3-F4::g0141121,4,10,3
TD1996::TD-C10-T4-R3-F4::g0141131,4,10,3
TD1996::TD-C10-T4-R3-F4::g0141141,4,10,3
TD1996::TD-C10-T4-R3-F4::g0141151,4,10,3
TD1996::TD-C10-T4-R3-F4::g0141211,4,10,3
TD1996::TD-C10-T4-R3-F4::g0141221,4,10,3
TD1996::TD-C10-T4-R3-F4::g0141231,4,10,3
TD1996::TD-C10-T4-R3-F4::g0141241,4,10,3
TD1996::TD-C10-T4-R3-F4::g0141251,4,10,3
TD1996::TD-C10-T4-R3-F4::g0141311,4,10,3
TD1996::TD-C10-T4-R3-F4::g0141321,4,10,3
TD1996::TD-C10-T4-R3-F4::g0141331,4,10,3
TD1996::TD-C10-T4-R3-F4::g0141341,4,10,3
TD1996::TD-C10-T4-R3-F4::g0141351,4,10,3
TD1996::TD-C10-T4-R3-F4::g0141411,4,10,3
TD1996::TD-C10-T4-R3-F4::g0141421,4,10,3
TD1996::TD-C10-T4-R3-F4::g0141431,4,10,3
TD1996::TD-C10-T4-R3-F4::g0141441,4,10,3
TD1996::TD-C10-T4-R3-F4::g0141451,4,10,3
TD1996::TD-C10-T4-R3-F4::g0141511,4,10,3
TD1996::TD-C10-T4-R3-F4::g0141521,4,10,3
TD1996::TD-C10-T4-R3-F4::g0141531,4,10,3
TD1996::TD-C10-T4-R3-F4::g0141541,4,10,3
TD1996::TD-C10-T4-R3-F4::g0141551,4,10,3
TD1996::TD-C10-T4-R3-F4::g0144111,4,10,3
TD1996::TD-C10-T4-R3-F4::g0144121,4,10,3
TD1996::TD-C10-T4-R3-F4::g0144131,4,10,3
TD1996::TD-C10-T4-R3-F4::g0144141,4,10,3
TD1996::TD-C10-T4-R3-F4::g0144151,4,10,3
TD1996::TD-C10-T4-R3-F4::g0144211,4,10,3
TD1996::TD-C10-T4-R3-F4::g0144221,4,10,3
TD1996::TD-C10-T4-R3-F4::g0144231,4,10,3
TD1996::TD-C10-T4-R3-F4::g0144241,4,10,3
TD1996::TD-C10-T4-R3-F4::g0144251,4,10,3
TD1996::TD-C10-T4-R3-F4::g0144311,4,10,3
TD1996::TD-C10-T4-R3-F4::g0144321,4,10,3
TD1996::TD-C10-T4-R3-F4::g0144331,4,10,3
TD1996::TD-C10-T4-R3-F4::g0144341,4,10,3
TD1996::TD-C10-T4-R3-F4::g0144351,4,10,3
TD1996::TD-C10-T4-R3-F4::g0144411,4,10,3
TD1996::TD-C10-T4-R3-F4::g0144421,4,10,3
TD1996::TD-C10-T4-R3-F4::g0144431,4,10,3
TD1996::TD-C10-T4-R3-F4::g0144441,4,10,3
TD1996::TD-C10-T4-R3-F4::g0144451,4,10,3
TD1996::TD-C10-T4-R3-F4::g0144511,4,10,3
TD1996::TD-C10-T4-R3-F4::g0144521,4,10,3
TD1996::TD-C10-T4-R3-F4::g0144531,4,10,3
TD1996::TD-C10-T4-R3-F4::g0144541,4,10,3
TD1996::TD-C10-T4-R3-F4::g0144551,4,10,3
TD1996::TD-C10-T4-R3-F4::g0147111,4,10,3
TD1996::TD-C10-T4-R3-F4::g0147121,4,10,3
TD1996::TD-C10-T4-R3-F4::g0147131,4,10,3
TD1996::TD-C10-T4-R3-F4::g0147141,4,10,3
TD1996::TD-C10-T4-R3-F4::g0147151,4,10,3
TD1996::TD-C10-T4-R3-F4::g0147211,4,10,3
TD1996::TD-C10-T4-R3-F4::g0147221,4,10,3
TD1996::TD-C10-T4-R3-F4::g0147231,4,10,3
TD1996::TD-C10-T4-R3-F4::g0147241,4,10,3
TD1996::TD-C10-T4-R3-F4::g0147251,4,10,3
TD1996::TD-C10-T4-R3-F4::g0147311,4,10,3
TD1996::TD-C10-T4-R3-F4::g0147321,4,10,3
TD1996::TD-C10-T4-R3-F4::g0147331,4,10,3
TD1996::TD-C10-T4-R3-F4::g0147341,4,10,3
TD1996::TD-C10-T4-R3-F4::g0147351,4,10,3
TD1996::TD-C10-T4-R3-F4::g0147411,4,10,3
TD1996::TD-C10-T4-R3-F4::g0147421,4,10,3
TD1996::TD-C10-T4-R3-F4::g0147431,4,10,3
TD1996::TD-C10-T4-R3-F4::g0147441,4,10,3
TD1996::TD-C10-T4-R3-F4::g0147451,4,10,3
TD1996::TD-C10-T4-R3-F4::g0147511,4,10,3
TD1996::TD-C10-T4-R3-F4::g0147521,4,10,3
TD1996::TD-C10-T4-R3-F4::g0147531,4,10,3
TD1996::TD-C10-T4-R3-F4::g0147541,4,10,3
TD1996::TD-C10-T4-R3-F4::g0147551,4,10,3
TD1996::TD-C10-T4-R3-F4::G0241111,4,10,3
TD1996::TD-C10-T4-R3-F4::G0241121,4,10,3
TD1996::TD-C10-T4-R3-F4::G0241131,4,10,3
TD1996::TD-C10-T4-R3-F4::G0241141,4,10,3
TD1996::TD-C10-T4-R3-F4::G0241151,4,10,3
TD1996::TD-C10-T4-R3-F4::G0241211,4,10,3
TD1996::TD-C10-T4-R3-F4::G0241221,4,10,3
TD1996::TD-C10-T4-R3-F4::G0241231,4,10,3
TD1996::TD-C10-T4-R3-F4::G0241241,4,10,3
TD1996::TD-C10-T4-R3-F4::G0241251,4,10,3
TD1996::TD-C10-T4-R3-F4::G0241311,4,10,3
TD1996::TD-C10-T4-R3-F4::G0241321,4,10,3
TD1996::TD-C10-T4-R3-F4::G0241331,4,10,3
TD1996::TD-C10-T4-R3-F4::G0241341,4,10,3
TD1996::TD-C10-T4-R3-F4::G0241351,4,10,3
TD1996::TD-C10-T4-R3-F4::G0241411,4,10,3
TD1996::TD-C10-T4-R3-F4::G0241421,4,10,3
TD1996::TD-C10-T4-R3-F4::G0241431,4,10,3
TD1996::TD-C10-T4-R3-F4::G0241441,4,10,3
TD1996::TD-C10-T4-R3-F4::G0241451,4,10,3
TD1996::TD-C10-T4-R3-F4::G0241511,4,10,3
TD1996::TD-C10-T4-R3-F4::G0241521,4,10,3
TD1996::TD-C10-T4-R3-F4::G0241531,4,10,3
TD1996::TD-C10-T4-R3-F4::G0241541,4,10,3
TD1996::TD-C10-T4-R3-F4::G0241551,4,10,3
TD1996::TD-C10-T4-R3-F4::G0244111,4,10,3
TD1996::TD-C10-T4-R3-F4::G0244121,4,10,3
TD1996::TD-C10-T4-R3-F4::G0244131,4,10,3
TD1996::TD-C10-T4-R3-F4::G0244141,4,10,3
TD1996::TD-C10-T4-R3-F4::G0244151,4,10,3
TD1996::TD-C10-T4-R3-F4::G0244211,4,10,3
TD1996::TD-C10-T4-R3-F4::G0244221,4,10,3
TD1996::TD-C10-T4-R3-F4::G0244231,4,10,3
TD1996::TD-C10-T4-R3-F4::G0244241,4,10,3
TD1996::TD-C10-T4-R3-F4::G0244251,4,10,3
TD1996::TD-C10-T4-R3-F4::G0244311,4,10,3
TD1996::TD-C10-T4-R3-F4::G0244321,4,10,3
TD1996::TD-C10-T4-R3-F4::G0244331,4,10,3
TD1996::TD-C10-T4-R3-F4::G0244341,4,10,3
TD1996::TD-C10-T4-R3-F4::G0244351,4,10,3
TD1996::TD-C10-T4-R3-F4::G0244411,4,10,3
TD1996::TD-C10-T4-R3-F4::G0244421,4,10,3
TD1996::TD-C10-T4-R3-F4::G0244431,4,10,3
TD1996::TD-C10-T4-R3-F4::G0244441,4,10,3
TD1996::TD-C10-T4-R3-F4::G0244451,4,10,3
TD1996::TD-C10-T4-R3-F4::G0244511,4,10,3
TD1996::TD-C10-T4-R3-F4::G0244521,4,10,3
TD1996::TD-C10-T4-R3-F4::G0244531,4,10,3
TD1996::TD-C10-T4-R3-F4::G0244541,4,10,3
TD1996::TD-C10-T4-R3-F4::G0244551,4,10,3
TD1996::TD-C10-T4-R3-F4::G0247111,4,10,3
TD1996::TD-C10-T4-R3-F4::G0247121,4,10,3
TD1996::TD-C10-T4-R3-F4::G0247131,4,10,3
TD1996::TD-C10-T4-R3-F4::G0247141,4,10,3
TD1996::TD-C10-T4-R3-F4::G0247151,4,10,3
TD1996::TD-C10-T4-R3-F4::G0247211,4,10,3
TD1996::TD-C10-T4-R3-F4::G0247221,4,10,3
TD1996::TD-C10-T4-R3-F4::G0247231,4,10,3
TD1996::TD-C10-T4-R3-F4::G0247241,4,10,3
TD1996::TD-C10-T4-R3-F4::G0247251,4,10,3
TD1996::TD-C10-T4-R3-F4::G0247311,4,10,3
TD1996::TD-C10-T4-R3-F4::G0247321,4,10,3
TD1996::TD-C10-T4-R3-F4::G0247331,4,10,3
TD1996::TD-C10-T4-R3-F4::G0247341,4,10,3
TD1996::TD-C10-T4-R3-F4::G0247351,4,10,3
TD1996::TD-C10-T4-R3-F4::G0247411,4,10,3
TD1996::TD-C10-T4-R3-F4::G0247421,4,10,3
TD1996::TD-C10-T4-R3-F4::G0247431,4,10,3
TD1996::TD-C10-T4-R3-F4::G0247441,4,10,3
TD1996::TD-C10-T4-R3-F4::G0247451,4,10,3
TD1996::TD-C10-T4-R3-F4::G0247511,4,10,3
TD1996::TD-C10-T4-R3-F4::G0247521,4,10,3
TD1996::TD-C10-T4-R3-F4::G0247531,4,10,3
TD1996::TD-C10-T4-R3-F4::G0247541,4,10,3
TD1996::TD-C10-T4-R3-F4::G0247551,4,10,3
TD1996::TD-C10-T4-R3-F4::G5041111,4,10,3
TD1996::TD-C10-T4-R3-F4::G5041112,4,10,3
TD1996::TD-C10-T4-R3-F4::G5041113,4,10,3
TD1996::TD-C10-T4-R3-F4::G5041114,4,10,3
TD1996::TD-C10-T4-R3-F4::G5041115,4,10,3
TD1996::TD-C10-T4-R3-F4::G5041121,4,10,3
TD1996::TD-C10-T4-R3-F4::G5041122,4,10,3
TD1996::TD-C10-T4-R3-F4::G5041123,4,10,3
TD1996::TD-C10-T4-R3-F4::G5041124,4,10,3
TD1996::TD-C10-T4-R3-F4::G5041125,4,10,3
TD1996::TD-C10-T4-R3-F4::G5041131,4,10,3
TD1996::TD-C10-T4-R3-F4::G5041132,4,10,3
TD1996::TD-C10-T4-R3-F4::G5041133,4,10,3
TD1996::TD-C10-T4-R3-F4::G5041134,4,10,3
TD1996::TD-C10-T4-R3-F4::G5041135,4,10,3
TD1996::TD-C10-T4-R3-F4::G5041141,4,10,3
TD1996::TD-C10-T4-R3-F4::G5041142,4,10,3
TD1996::TD-C10-T4-R3-F4::G5041143,4,10,3
TD1996::TD-C10-T4-R3-F4::G5041144,4,10,3
TD1996::TD-C10-T4-R3-F4::G5041145,4,10,3
TD1996::TD-C10-T4-R3-F4::G5041151,4,10,3
TD1996::TD-C10-T4-R3-F4::G5041152,4,10,3
TD1996::TD-C10-T4-R3-F4::G5041153,4,10,3
TD1996::TD-C10-T4-R3-F4::G5041154,4,10,3
TD1996::TD-C10-T4-R3-F4::G5041155,4,10,3
TD1996::TD-C10-T4-R3-F4::G5041211,4,10,3
TD1996::TD-C10-T4-R3-F4::G5041212,4,10,3
TD1996::TD-C10-T4-R3-F4::G5041213,4,10,3
TD1996::TD-C10-T4-R3-F4::G5041214,4,10,3
TD1996::TD-C10-T4-R3-F4::G5041215,4,10,3
TD1996::TD-C10-T4-R3-F4::G5041221,4,10,3
TD1996::TD-C10-T4-R3-F4::G5041222,4,10,3
TD1996::TD-C10-T4-R3-F4::G5041223,4,10,3
TD1996::TD-C10-T4-R3-F4::G5041224,4,10,3
TD1996::TD-C10-T4-R3-F4::G5041225,4,10,3
TD1996::TD-C10-T4-R3-F4::G5041231,4,10,3
TD1996::TD-C10-T4-R3-F4::G5041232,4,10,3
TD1996::TD-C10-T4-R3-F4::G5041233,4,10,3
TD1996::TD-C10-T4-R3-F4::G5041234,4,10,3
TD1996::TD-C10-T4-R3-F4::G5041235,4,10,3
TD1996::TD-C10-T4-R3-F4::G5041241,4,10,3
TD1996::TD-C10-T4-R3-F4::G5041242,4,10,3
TD1996::TD-C10-T4-R3-F4::G5041243,4,10,3
TD1996::TD-C10-T4-R3-F4::G5041244,4,10,3
TD1996::TD-C10-T4-R3-F4::G5041245,4,10,3
TD1996::TD-C10-T4-R3-F4::G5041251,4,10,3
TD1996::TD-C10-T4-R3-F4::G5041252,4,10,3
TD1996::TD-C10-T4-R3-F4::G5041253,4,10,3
TD1996::TD-C10-T4-R3-F4::G5041254,4,10,3
TD1996::TD-C10-T4-R3-F4::G5041255,4,10,3
TD1996::TD-C10-T4-R3-F4::G5041311,4,10,3
TD1996::TD-C10-T4-R3-F4::G5041312,4,10,3
TD1996::TD-C10-T4-R3-F4::G5041313,4,10,3
TD1996::TD-C10-T4-R3-F4::G5041314,4,10,3
TD1996::TD-C10-T4-R3-F4::G5041315,4,10,3
TD1996::TD-C10-T4-R3-F4::G5041321,4,10,3
TD1996::TD-C10-T4-R3-F4::G5041322,4,10,3
TD1996::TD-C10-T4-R3-F4::G5041323,4,10,3
TD1996::TD-C10-T4-R3-F4::G5041324,4,10,3
TD1996::TD-C10-T4-R3-F4::G5041325,4,10,3
TD1996::TD-C10-T4-R3-F4::G5041331,4,10,3
TD1996::TD-C10-T4-R3-F4::G5041332,4,10,3
TD1996::TD-C10-T4-R3-F4::G5041333,4,10,3
TD1996::TD-C10-T4-R3-F4::G5041334,4,10,3
TD1996::TD-C10-T4-R3-F4::G5041335,4,10,3
TD1996::TD-C10-T4-R3-F4::G5041341,4,10,3
TD1996::TD-C10-T4-R3-F4::G5041342,4,10,3
TD1996::TD-C10-T4-R3-F4::G5041343,4,10,3
TD1996::TD-C10-T4-R3-F4::G5041344,4,10,3
TD1996::TD-C10-T4-R3-F4::G5041345,4,10,3
TD1996::TD-C10-T4-R3-F4::G5041351,4,10,3
TD1996::TD-C10-T4-R3-F4::G5041352,4,10,3
TD1996::TD-C10-T4-R3-F4::G5041353,4,10,3
TD1996::TD-C10-T4-R3-F4::G5041354,4,10,3
TD1996::TD-C10-T4-R3-F4::G5041355,4,10,3
TD1996::TD-C10-T4-R3-F4::G5041411,4,10,3
TD1996::TD-C10-T4-R3-F4::G5041412,4,10,3
TD1996::TD-C10-T4-R3-F4::G5041413,4,10,3
TD1996::TD-C10-T4-R3-F4::G5041414,4,10,3
TD1996::TD-C10-T4-R3-F4::G5041415,4,10,3
TD1996::TD-C10-T4-R3-F4::G5041421,4,10,3
TD1996::TD-C10-T4-R3-F4::G5041422,4,10,3
TD1996::TD-C10-T4-R3-F4::G5041423,4,10,3
TD1996::TD-C10-T4-R3-F4::G5041424,4,10,3
TD1996::TD-C10-T4-R3-F4::G5041425,4,10,3
TD1996::TD-C10-T4-R3-F4::G5041431,4,10,3
TD1996::TD-C10-T4-R3-F4::G5041432,4,10,3
TD1996::TD-C10-T4-R3-F4::G5041433,4,10,3
TD1996::TD-C10-T4-R3-F4::G5041434,4,10,3
TD1996::TD-C10-T4-R3-F4::G5041435,4,10,3
TD1996::TD-C10-T4-R3-F4::G5041441,4,10,3
TD1996::TD-C10-T4-R3-F4::G5041442,4,10,3
TD1996::TD-C10-T4-R3-F4::G5041443,4,10,3
TD1996::TD-C10-T4-R3-F4::G5041444,4,10,3
TD1996::TD-C10-T4-R3-F4::G5041445,4,10,3
TD1996::TD-C10-T4-R3-F4::G5041451,4,10,3
TD1996::TD-C10-T4-R3-F4::G5041452,4,10,3
TD1996::TD-C10-T4-R3-F4::G5041453,4,10,3
TD1996::TD-C10-T4-R3-F4::G5041454,4,10,3
TD1996::TD-C10-T4-R3-F4::G5041455,4,10,3
TD1996::TD-C10-T4-R3-F4::G5041511,4,10,3
TD1996::TD-C10-T4-R3-F4::G5041512,4,10,3
TD1996::TD-C10-T4-R3-F4::G5041513,4,10,3
TD1996::TD-C10-T4-R3-F4::G5041514,4,10,3
TD1996::TD-C10-T4-R3-F4::G5041515,4,10,3
TD1996::TD-C10-T4-R3-F4::G5041521,4,10,3
TD1996::TD-C10-T4-R3-F4::G5041522,4,10,3
TD1996::TD-C10-T4-R3-F4::G5041523,4,10,3
TD1996::TD-C10-T4-R3-F4::G5041524,4,10,3
TD1996::TD-C10-T4-R3-F4::G5041525,4,10,3
TD1996::TD-C10-T4-R3-F4::G5041531,4,10,3
TD1996::TD-C10-T4-R3-F4::G5041532,4,10,3
TD1996::TD-C10-T4-R3-F4::G5041533,4,10,3
TD1996::TD-C10-T4-R3-F4::G5041534,4,10,3
TD1996::TD-C10-T4-R3-F4::G5041535,4,10,3
TD1996::TD-C10-T4-R3-F4::G5041541,4,10,3
TD1996::TD-C10-T4-R3-F4::G5041542,4,10,3
TD1996::TD-C10-T4-R3-F4::G5041543,4,10,3
TD1996::TD-C10-T4-R3-F4::G5041544,4,10,3
TD1996::TD-C10-T4-R3-F4::G5041545,4,10,3
TD1996::TD-C10-T4-R3-F4::G5041551,4,10,3
TD1996::TD-C10-T4-R3-F4::G5041552,4,10,3
TD1996::TD-C10-T4-R3-F4::G5041553,4,10,3
TD1996::TD-C10-T4-R3-F4::G5041554,4,10,3
TD1996::TD-C10-T4-R3-F4::G5041555,4,10,3
TD1996::TD-C10-T4-R3-F4::G5044111,4,10,3
TD1996::TD-C10-T4-R3-F4::G5044112,4,10,3
TD1996::TD-C10-T4-R3-F4::G5044113,4,10,3
TD1996::TD-C10-T4-R3-F4::G5044114,4,10,3
TD1996::TD-C10-T4-R3-F4::G5044115,4,10,3
TD1996::TD-C10-T4-R3-F4::G5044121,4,10,3
TD1996::TD-C10-T4-R3-F4::G5044122,4,10,3
TD1996::TD-C10-T4-R3-F4::G5044123,4,10,3
TD1996::TD-C10-T4-R3-F4::G5044124,4,10,3
TD1996::TD-C10-T4-R3-F4::G5044125,4,10,3
TD1996::TD-C10-T4-R3-F4::G5044131,4,10,3
TD1996::TD-C10-T4-R3-F4::G5044132,4,10,3
TD1996::TD-C10-T4-R3-F4::G5044133,4,10,3
TD1996::TD-C10-T4-R3-F4::G5044134,4,10,3
TD1996::TD-C10-T4-R3-F4::G5044135,4,10,3
TD1996::TD-C10-T4-R3-F4::G5044141,4,10,3
TD1996::TD-C10-T4-R3-F4::G5044142,4,10,3
TD1996::TD-C10-T4-R3-F4::G5044143,4,10,3
TD1996::TD-C10-T4-R3-F4::G5044144,4,10,3
TD1996::TD-C10-T4-R3-F4::G5044145,4,10,3
TD1996::TD-C10-T4-R3-F4::G5044151,4,10,3
TD1996::TD-C10-T4-R3-F4::G5044152,4,10,3
TD1996::TD-C10-T4-R3-F4::G5044153,4,10,3
TD1996::TD-C10-T4-R3-F4::G5044154,4,10,3
TD1996::TD-C10-T4-R3-F4::G5044155,4,10,3
TD1996::TD-C10-T4-R3-F4::G5044211,4,10,3
TD1996::TD-C10-T4-R3-F4::G5044212,4,10,3
TD1996::TD-C10-T4-R3-F4::G5044213,4,10,3
TD1996::TD-C10-T4-R3-F4::G5044214,4,10,3
TD1996::TD-C10-T4-R3-F4::G5044215,4,10,3
TD1996::TD-C10-T4-R3-F4::G5044221,4,10,3
TD1996::TD-C10-T4-R3-F4::G5044222,4,10,3
TD1996::TD-C10-T4-R3-F4::G5044223,4,10,3
TD1996::TD-C10-T4-R3-F4::G5044224,4,10,3
TD1996::TD-C10-T4-R3-F4::G5044225,4,10,3
TD1996::TD-C10-T4-R3-F4::G5044231,4,10,3
TD1996::TD-C10-T4-R3-F4::G5044232,4,10,3
TD1996::TD-C10-T4-R3-F4::G5044233,4,10,3
TD1996::TD-C10-T4-R3-F4::G5044234,4,10,3
TD1996::TD-C10-T4-R3-F4::G5044235,4,10,3
TD1996::TD-C10-T4-R3-F4::G5044241,4,10,3
TD1996::TD-C10-T4-R3-F4::G5044242,4,10,3
TD1996::TD-C10-T4-R3-F4::G5044243,4,10,3
TD1996::TD-C10-T4-R3-F4::G5044244,4,10,3
TD1996::TD-C10-T4-R3-F4::G5044245,4,10,3
TD1996::TD-C10-T4-R3-F4::G5044251,4,10,3
TD1996::TD-C10-T4-R3-F4::G5044252,4,10,3
TD1996::TD-C10-T4-R3-F4::G5044253,4,10,3
TD1996::TD-C10-T4-R3-F4::G5044254,4,10,3
TD1996::TD-C10-T4-R3-F4::G5044255,4,10,3
TD1996::TD-C10-T4-R3-F4::G5044311,4,10,3
TD1996::TD-C10-T4-R3-F4::G5044312,4,10,3
TD1996::TD-C10-T4-R3-F4::G5044313,4,10,3
TD1996::TD-C10-T4-R3-F4::G5044314,4,10,3
TD1996::TD-C10-T4-R3-F4::G5044315,4,10,3
TD1996::TD-C10-T4-R3-F4::G5044321,4,10,3
TD1996::TD-C10-T4-R3-F4::G5044322,4,10,3
TD1996::TD-C10-T4-R3-F4::G5044323,4,10,3
TD1996::TD-C10-T4-R3-F4::G5044324,4,10,3
TD1996::TD-C10-T4-R3-F4::G5044325,4,10,3
TD1996::TD-C10-T4-R3-F4::G5044331,4,10,3
TD1996::TD-C10-T4-R3-F4::G5044332,4,10,3
TD1996::TD-C10-T4-R3-F4::G5044333,4,10,3
TD1996::TD-C10-T4-R3-F4::G5044334,4,10,3
TD1996::TD-C10-T4-R3-F4::G5044335,4,10,3
TD1996::TD-C10-T4-R3-F4::G5044341,4,10,3
TD1996::TD-C10-T4-R3-F4::G5044342,4,10,3
TD1996::TD-C10-T4-R3-F4::G5044343,4,10,3
TD1996::TD-C10-T4-R3-F4::G5044344,4,10,3
TD1996::TD-C10-T4-R3-F4::G5044345,4,10,3
TD1996::TD-C10-T4-R3-F4::G5044351,4,10,3
TD1996::TD-C10-T4-R3-F4::G5044352,4,10,3
TD1996::TD-C10-T4-R3-F4::G5044353,4,10,3
TD1996::TD-C10-T4-R3-F4::G5044354,4,10,3
TD1996::TD-C10-T4-R3-F4::G5044355,4,10,3
TD1996::TD-C10-T4-R3-F4::G5044411,4,10,3
TD1996::TD-C10-T4-R3-F4::G5044412,4,10,3
TD1996::TD-C10-T4-R3-F4::G5044413,4,10,3
TD1996::TD-C10-T4-R3-F4::G5044414,4,10,3
TD1996::TD-C10-T4-R3-F4::G5044415,4,10,3
TD1996::TD-C10-T4-R3-F4::G5044421,4,10,3
TD1996::TD-C10-T4-R3-F4::G5044422,4,10,3
TD1996::TD-C10-T4-R3-F4::G5044423,4,10,3
TD1996::TD-C10-T4-R3-F4::G5044424,4,10,3
TD1996::TD-C10-T4-R3-F4::G5044425,4,10,3
TD1996::TD-C10-T4-R3-F4::G5044431,4,10,3
TD1996::TD-C10-T4-R3-F4::G5044432,4,10,3
TD1996::TD-C10-T4-R3-F4::G5044433,4,10,3
TD1996::TD-C10-T4-R3-F4::G5044434,4,10,3
TD1996::TD-C10-T4-R3-F4::G5044435,4,10,3
TD1996::TD-C10-T4-R3-F4::G5044441,4,10,3
TD1996::TD-C10-T4-R3-F4::G5044442,4,10,3
TD1996::TD-C10-T4-R3-F4::G5044443,4,10,3
TD1996::TD-C10-T4-R3-F4::G5044444,4,10,3
TD1996::TD-C10-T4-R3-F4::G5044445,4,10,3
TD1996::TD-C10-T4-R3-F4::G5044451,4,10,3
TD1996::TD-C10-T4-R3-F4::G5044452,4,10,3
TD1996::TD-C10-T4-R3-F4::G5044453,4,10,3
TD1996::TD-C10-T4-R3-F4::G5044454,4,10,3
TD1996::TD-C10-T4-R3-F4::G5044455,4,10,3
TD1996::TD-C10-T4-R3-F4::G5044511,4,10,3
TD1996::TD-C10-T4-R3-F4::G5044512,4,10,3
TD1996::TD-C10-T4-R3-F4::G5044513,4,10,3
TD1996::TD-C10-T4-R3-F4::G5044514,4,10,3
TD1996::TD-C10-T4-R3-F4::G5044515,4,10,3
TD1996::TD-C10-T4-R3-F4::G5044521,4,10,3
TD1996::TD-C10-T4-R3-F4::G5044522,4,10,3
TD1996::TD-C10-T4-R3-F4::G5044523,4,10,3
TD1996::TD-C10-T4-R3-F4::G5044524,4,10,3
TD1996::TD-C10-T4-R3-F4::G5044525,4,10,3
TD1996::TD-C10-T4-R3-F4::G5044531,4,10,3
TD1996::TD-C10-T4-R3-F4::G5044532,4,10,3
TD1996::TD-C10-T4-R3-F4::G5044533,4,10,3
TD1996::TD-C10-T4-R3-F4::G5044534,4,10,3
TD1996::TD-C10-T4-R3-F4::G5044535,4,10,3
TD1996::TD-C10-T4-R3-F4::G5044541,4,10,3
TD1996::TD-C10-T4-R3-F4::G5044542,4,10,3
TD1996::TD-C10-T4-R3-F4::G5044543,4,10,3
TD1996::TD-C10-T4-R3-F4::G5044544,4,10,3
TD1996::TD-C10-T4-R3-F4::G5044545,4,10,3
TD1996::TD-C10-T4-R3-F4::G5044551,4,10,3
TD1996::TD-C10-T4-R3-F4::G5044552,4,10,3
TD1996::TD-C10-T4-R3-F4::G5044553,4,10,3
TD1996::TD-C10-T4-R3-F4::G5044554,4,10,3
TD1996::TD-C10-T4-R3-F4::G5044555,4,10,3
TD1996::TD-C10-T4-R3-F4::G5047111,4,10,3
TD1996::TD-C10-T4-R3-F4::G5047112,4,10,3
TD1996::TD-C10-T4-R3-F4::G5047113,4,10,3
TD1996::TD-C10-T4-R3-F4::G5047114,4,10,3
TD1996::TD-C10-T4-R3-F4::G5047115,4,10,3
TD1996::TD-C10-T4-R3-F4::G5047121,4,10,3
TD1996::TD-C10-T4-R3-F4::G5047122,4,10,3
TD1996::TD-C10-T4-R3-F4::G5047123,4,10,3
TD1996::TD-C10-T4-R3-F4::G5047124,4,10,3
TD1996::TD-C10-T4-R3-F4::G5047125,4,10,3
TD1996::TD-C10-T4-R3-F4::G5047131,4,10,3
TD1996::TD-C10-T4-R3-F4::G5047132,4,10,3
TD1996::TD-C10-T4-R3-F4::G5047133,4,10,3
TD1996::TD-C10-T4-R3-F4::G5047134,4,10,3
TD1996::TD-C10-T4-R3-F4::G5047135,4,10,3
TD1996::TD-C10-T4-R3-F4::G5047141,4,10,3
TD1996::TD-C10-T4-R3-F4::G5047142,4,10,3
TD1996::TD-C10-T4-R3-F4::G5047143,4,10,3
TD1996::TD-C10-T4-R3-F4::G5047144,4,10,3
TD1996::TD-C10-T4-R3-F4::G5047145,4,10,3
TD1996::TD-C10-T4-R3-F4::G5047151,4,10,3
TD1996::TD-C10-T4-R3-F4::G5047152,4,10,3
TD1996::TD-C10-T4-R3-F4::G5047153,4,10,3
TD1996::TD-C10-T4-R3-F4::G5047154,4,10,3
TD1996::TD-C10-T4-R3-F4::G5047155,4,10,3
TD1996::TD-C10-T4-R3-F4::G5047211,4,10,3
TD1996::TD-C10-T4-R3-F4::G5047212,4,10,3
TD1996::TD-C10-T4-R3-F4::G5047213,4,10,3
TD1996::TD-C10-T4-R3-F4::G5047214,4,10,3
TD1996::TD-C10-T4-R3-F4::G5047215,4,10,3
TD1996::TD-C10-T4-R3-F4::G5047221,4,10,3
TD1996::TD-C10-T4-R3-F4::G5047222,4,10,3
TD1996::TD-C10-T4-R3-F4::G5047223,4,10,3
TD1996::TD-C10-T4-R3-F4::G5047224,4,10,3
TD1996::TD-C10-T4-R3-F4::G5047225,4,10,3
TD1996::TD-C10-T4-R3-F4::G5047231,4,10,3
TD1996::TD-C10-T4-R3-F4::G5047232,4,10,3
TD1996::TD-C10-T4-R3-F4::G5047233,4,10,3
TD1996::TD-C10-T4-R3-F4::G5047234,4,10,3
TD1996::TD-C10-T4-R3-F4::G5047235,4,10,3
TD1996::TD-C10-T4-R3-F4::G5047241,4,10,3
TD1996::TD-C10-T4-R3-F4::G5047242,4,10,3
TD1996::TD-C10-T4-R3-F4::G5047243,4,10,3
TD1996::TD-C10-T4-R3-F4::G5047244,4,10,3
TD1996::TD-C10-T4-R3-F4::G5047245,4,10,3
TD1996::TD-C10-T4-R3-F4::G5047251,4,10,3
TD1996::TD-C10-T4-R3-F4::G5047252,4,10,3
TD1996::TD-C10-T4-R3-F4::G5047253,4,10,3
TD1996::TD-C10-T4-R3-F4::G5047254,4,10,3
TD1996::TD-C10-T4-R3-F4::G5047255,4,10,3
TD1996::TD-C10-T4-R3-F4::G5047311,4,10,3
TD1996::TD-C10-T4-R3-F4::G5047312,4,10,3
TD1996::TD-C10-T4-R3-F4::G5047313,4,10,3
TD1996::TD-C10-T4-R3-F4::G5047314,4,10,3
TD1996::TD-C10-T4-R3-F4::G5047315,4,10,3
TD1996::TD-C10-T4-R3-F4::G5047321,4,10,3
TD1996::TD-C10-T4-R3-F4::G5047322,4,10,3
TD1996::TD-C10-T4-R3-F4::G5047323,4,10,3
TD1996::TD-C10-T4-R3-F4::G5047324,4,10,3
TD1996::TD-C10-T4-R3-F4::G5047325,4,10,3
TD1996::TD-C10-T4-R3-F4::G5047331,4,10,3
TD1996::TD-C10-T4-R3-F4::G5047332,4,10,3
TD1996::TD-C10-T4-R3-F4::G5047333,4,10,3
TD1996::TD-C10-T4-R3-F4::G5047334,4,10,3
TD1996::TD-C10-T4-R3-F4::G5047335,4,10,3
TD1996::TD-C10-T4-R3-F4::G5047341,4,10,3
TD1996::TD-C10-T4-R3-F4::G5047342,4,10,3
TD1996::TD-C10-T4-R3-F4::G5047343,4,10,3
TD1996::TD-C10-T4-R3-F4::G5047344,4,10,3
TD1996::TD-C10-T4-R3-F4::G5047345,4,10,3
TD1996::TD-C10-T4-R3-F4::G5047351,4,10,3
TD1996::TD-C10-T4-R3-F4::G5047352,4,10,3
TD1996::TD-C10-T4-R3-F4::G5047353,4,10,3
TD1996::TD-C10-T4-R3-F4::G5047354,4,10,3
TD1996::TD-C10-T4-R3-F4::G5047355,4,10,3
TD1996::TD-C10-T4-R3-F4::G5047411,4,10,3
TD1996::TD-C10-T4-R3-F4::G5047412,4,10,3
TD1996::TD-C10-T4-R3-F4::G5047413,4,10,3
TD1996::TD-C10-T4-R3-F4::G5047414,4,10,3
TD1996::TD-C10-T4-R3-F4::G5047415,4,10,3
TD1996::TD-C10-T4-R3-F4::G5047421,4,10,3
TD1996::TD-C10-T4-R3-F4::G5047422,4,10,3
TD1996::TD-C10-T4-R3-F4::G5047423,4,10,3
TD1996::TD-C10-T4-R3-F4::G5047424,4,10,3
TD1996::TD-C10-T4-R3-F4::G5047425,4,10,3
TD1996::TD-C10-T4-R3-F4::G5047431,4,10,3
TD1996::TD-C10-T4-R3-F4::G5047432,4,10,3
TD1996::TD-C10-T4-R3-F4::G5047433,4,10,3
TD1996::TD-C10-T4-R3-F4::G5047434,4,10,3
TD1996::TD-C10-T4-R3-F4::G5047435,4,10,3
TD1996::TD-C10-T4-R3-F4::G5047441,4,10,3
TD1996::TD-C10-T4-R3-F4::G5047442,4,10,3
TD1996::TD-C10-T4-R3-F4::G5047443,4,10,3
TD1996::TD-C10-T4-R3-F4::G5047444,4,10,3
TD1996::TD-C10-T4-R3-F4::G5047445,4,10,3
TD1996::TD-C10-T4-R3-F4::G5047451,4,10,3
TD1996::TD-C10-T4-R3-F4::G5047452,4,10,3
TD1996::TD-C10-T4-R3-F4::G5047453,4,10,3
TD1996::TD-C10-T4-R3-F4::G5047454,4,10,3
TD1996::TD-C10-T4-R3-F4::G5047455,4,10,3
TD1996::TD-C10-T4-R3-F4::G5047511,4,10,3
TD1996::TD-C10-T4-R3-F4::G5047512,4,10,3
TD1996::TD-C10-T4-R3-F4::G5047513,4,10,3
TD1996::TD-C10-T4-R3-F4::G5047514,4,10,3
TD1996::TD-C10-T4-R3-F4::G5047515,4,10,3
TD1996::TD-C10-T4-R3-F4::G5047521,4,10,3
TD1996::TD-C10-T4-R3-F4::G5047522,4,10,3
TD1996::TD-C10-T4-R3-F4::G5047523,4,10,3
TD1996::TD-C10-T4-R3-F4::G5047524,4,10,3
TD1996::TD-C10-T4-R3-F4::G5047525,4,10,3
TD1996::TD-C10-T4-R3-F4::G5047531,4,10,3
TD1996::TD-C10-T4-R3-F4::G5047532,4,10,3
TD1996::TD-C10-T4-R3-F4::G5047533,4,10,3
TD1996::TD-C10-T4-R3-F4::G5047534,4,10,3
TD1996::TD-C10-T4-R3-F4::G5047535,4,10,3
TD1996::TD-C10-T4-R3-F4::G5047541,4,10,3
TD1996::TD-C10-T4-R3-F4::G5047542,4,10,3
TD1996::TD-C10-T4-R3-F4::G5047543,4,10,3
TD1996::TD-C10-T4-R3-F4::G5047544,4,10,3
TD1996::TD-C10-T4-R3-F4::G5047545,4,10,3
TD1996::TD-C10-T4-R3-F4::G5047551,4,10,3
TD1996::TD-C10-T4-R3-F4::G5047552,4,10,3
TD1996::TD-C10-T4-R3-F4::G5047553,4,10,3
TD1996::TD-C10-T4-R3-F4::G5047554,4,10,3
TD1996::TD-C10-T4-R3-F4::G5047555,4,10,3
TD1996::TD-C10-T4-R3-F4::g5141111,4,10,3
TD1996::TD-C10-T4-R3-F4::g5141121,4,10,3
TD1996::TD-C10-T4-R3-F4::g5141131,4,10,3
TD1996::TD-C10-T4-R3-F4::g5141141,4,10,3
TD1996::TD-C10-T4-R3-F4::g5141151,4,10,3
TD1996::TD-C10-T4-R3-F4::g5141211,4,10,3
TD1996::TD-C10-T4-R3-F4::g5141221,4,10,3
TD1996::TD-C10-T4-R3-F4::g5141231,4,10,3
TD1996::TD-C10-T4-R3-F4::g5141241,4,10,3
TD1996::TD-C10-T4-R3-F4::g5141251,4,10,3
TD1996::TD-C10-T4-R3-F4::g5141311,4,10,3
TD1996::TD-C10-T4-R3-F4::g5141321,4,10,3
TD1996::TD-C10-T4-R3-F4::g5141331,4,10,3
TD1996::TD-C10-T4-R3-F4::g5141341,4,10,3
TD1996::TD-C10-T4-R3-F4::g5141351,4,10,3
TD1996::TD-C10-T4-R3-F4::g5141411,4,10,3
TD1996::TD-C10-T4-R3-F4::g5141421,4,10,3
TD1996::TD-C10-T4-R3-F4::g5141431,4,10,3
TD1996::TD-C10-T4-R3-F4::g5141441,4,10,3
TD1996::TD-C10-T4-R3-F4::g5141451,4,10,3
TD1996::TD-C10-T4-R3-F4::g5141511,4,10,3
TD1996::TD-C10-T4-R3-F4::g5141521,4,10,3
TD1996::TD-C10-T4-R3-F4::g5141531,4,10,3
TD1996::TD-C10-T4-R3-F4::g5141541,4,10,3
TD1996::TD-C10-T4-R3-F4::g5141551,4,10,3
TD1996::TD-C10-T4-R3-F4::g5144111,4,10,3
TD1996::TD-C10-T4-R3-F4::g5144121,4,10,3
TD1996::TD-C10-T4-R3-F4::g5144131,4,10,3
TD1996::TD-C10-T4-R3-F4::g5144141,4,10,3
TD1996::TD-C10-T4-R3-F4::g5144151,4,10,3
TD1996::TD-C10-T4-R3-F4::g5144211,4,10,3
TD1996::TD-C10-T4-R3-F4::g5144221,4,10,3
TD1996::TD-C10-T4-R3-F4::g5144231,4,10,3
TD1996::TD-C10-T4-R3-F4::g5144241,4,10,3
TD1996::TD-C10-T4-R3-F4::g5144251,4,10,3
TD1996::TD-C10-T4-R3-F4::g5144311,4,10,3
TD1996::TD-C10-T4-R3-F4::g5144321,4,10,3
TD1996::TD-C10-T4-R3-F4::g5144331,4,10,3
TD1996::TD-C10-T4-R3-F4::g5144341,4,10,3
TD1996::TD-C10-T4-R3-F4::g5144351,4,10,3
TD1996::TD-C10-T4-R3-F4::g5144411,4,10,3
TD1996::TD-C10-T4-R3-F4::g5144421,4,10,3
TD1996::TD-C10-T4-R3-F4::g5144431,4,10,3
TD1996::TD-C10-T4-R3-F4::g5144441,4,10,3
TD1996::TD-C10-T4-R3-F4::g5144451,4,10,3
TD1996::TD-C10-T4-R3-F4::g5144511,4,10,3
TD1996::TD-C10-T4-R3-F4::g5144521,4,10,3
TD1996::TD-C10-T4-R3-F4::g5144531,4,10,3
TD1996::TD-C10-T4-R3-F4::g5144541,4,10,3
TD1996::TD-C10-T4-R3-F4::g5144551,4,10,3
TD1996::TD-C10-T4-R3-F4::g5147111,4,10,3
TD1996::TD-C10-T4-R3-F4::g5147121,4,10,3
TD1996::TD-C10-T4-R3-F4::g5147131,4,10,3
TD1996::TD-C10-T4-R3-F4::g5147141,4,10,3
TD1996::TD-C10-T4-R3-F4::g5147151,4,10,3
TD1996::TD-C10-T4-R3-F4::g5147211,4,10,3
TD1996::TD-C10-T4-R3-F4::g5147221,4,10,3
TD1996::TD-C10-T4-R3-F4::g5147231,4,10,3
TD1996::TD-C10-T4-R3-F4::g5147241,4,10,3
TD1996::TD-C10-T4-R3-F4::g5147251,4,10,3
TD1996::TD-C10-T4-R3-F4::g5147311,4,10,3
TD1996::TD-C10-T4-R3-F4::g5147321,4,10,3
TD1996::TD-C10-T4-R3-F4::g5147331,4,10,3
TD1996::TD-C10-T4-R3-F4::g5147341,4,10,3
TD1996::TD-C10-T4-R3-F4::g5147351,4,10,3
TD1996::TD-C10-T4-R3-F4::g5147411,4,10,3
TD1996::TD-C10-T4-R3-F4::g5147421,4,10,3
TD1996::TD-C10-T4-R3-F4::g5147431,4,10,3
TD1996::TD-C10-T4-R3-F4::g5147441,4,10,3
TD1996::TD-C10-T4-R3-F4::g5147451,4,10,3
TD1996::TD-C10-T4-R3-F4::g5147511,4,10,3
TD1996::TD-C10-T4-R3-F4::g5147521,4,10,3
TD1996::TD-C10-T4-R3-F4::g5147531,4,10,3
TD1996::TD-C10-T4-R3-F4::g5147541,4,10,3
TD1996::TD-C10-T4-R3-F4::g5147551,4,10,3
TD1996::TD-C10-T4-R3-F4::G5241111,4,10,3
TD1996::TD-C10-T4-R3-F4::G5241121,4,10,3
TD1996::TD-C10-T4-R3-F4::G5241131,4,10,3
TD1996::TD-C10-T4-R3-F4::G5241141,4,10,3
TD1996::TD-C10-T4-R3-F4::G5241151,4,10,3
TD1996::TD-C10-T4-R3-F4::G5241211,4,10,3
TD1996::TD-C10-T4-R3-F4::G5241221,4,10,3
TD1996::TD-C10-T4-R3-F4::G5241231,4,10,3
TD1996::TD-C10-T4-R3-F4::G5241241,4,10,3
TD1996::TD-C10-T4-R3-F4::G5241251,4,10,3
TD1996::TD-C10-T4-R3-F4::G5241311,4,10,3
TD1996::TD-C10-T4-R3-F4::G5241321,4,10,3
TD1996::TD-C10-T4-R3-F4::G5241331,4,10,3
TD1996::TD-C10-T4-R3-F4::G5241341,4,10,3
TD1996::TD-C10-T4-R3-F4::G5241351,4,10,3
TD1996::TD-C10-T4-R3-F4::G5241411,4,10,3
TD1996::TD-C10-T4-R3-F4::G5241421,4,10,3
TD1996::TD-C10-T4-R3-F4::G5241431,4,10,3
TD1996::TD-C10-T4-R3-F4::G5241441,4,10,3
TD1996::TD-C10-T4-R3-F4::G5241451,4,10,3
TD1996::TD-C10-T4-R3-F4::G5241511,4,10,3
TD1996::TD-C10-T4-R3-F4::G5241521,4,10,3
TD1996::TD-C10-T4-R3-F4::G5241531,4,10,3
TD1996::TD-C10-T4-R3-F4::G5241541,4,10,3
TD1996::TD-C10-T4-R3-F4::G5241551,4,10,3
TD1996::TD-C10-T4-R3-F4::G5244111,4,10,3
TD1996::TD-C10-T4-R3-F4::G5244121,4,10,3
TD1996::TD-C10-T4-R3-F4::G5244131,4,10,3
TD1996::TD-C10-T4-R3-F4::G5244141,4,10,3
TD1996::TD-C10-T4-R3-F4::G5244151,4,10,3
TD1996::TD-C10-T4-R3-F4::G5244211,4,10,3
TD1996::TD-C10-T4-R3-F4::G5244221,4,10,3
TD1996::TD-C10-T4-R3-F4::G5244231,4,10,3
TD1996::TD-C10-T4-R3-F4::G5244241,4,10,3
TD1996::TD-C10-T4-R3-F4::G5244251,4,10,3
TD1996::TD-C10-T4-R3-F4::G5244311,4,10,3
TD1996::TD-C10-T4-R3-F4::G5244321,4,10,3
TD1996::TD-C10-T4-R3-F4::G5244331,4,10,3
TD1996::TD-C10-T4-R3-F4::G5244341,4,10,3
TD1996::TD-C10-T4-R3-F4::G5244351,4,10,3
TD1996::TD-C10-T4-R3-F4::G5244411,4,10,3
TD1996::TD-C10-T4-R3-F4::G5244421,4,10,3
TD1996::TD-C10-T4-R3-F4::G5244431,4,10,3
TD1996::TD-C10-T4-R3-F4::G5244441,4,10,3
TD1996::TD-C10-T4-R3-F4::G5244451,4,10,3
TD1996::TD-C10-T4-R3-F4::G5244511,4,10,3
TD1996::TD-C10-T4-R3-F4::G5244521,4,10,3
TD1996::TD-C10-T4-R3-F4::G5244531,4,10,3
TD1996::TD-C10-T4-R3-F4::G5244541,4,10,3
TD1996::TD-C10-T4-R3-F4::G5244551,4,10,3
TD1996::TD-C10-T4-R3-F4::G5247111,4,10,3
TD1996::TD-C10-T4-R3-F4::G5247121,4,10,3
TD1996::TD-C10-T4-R3-F4::G5247131,4,10,3
TD1996::TD-C10-T4-R3-F4::G5247141,4,10,3
TD1996::TD-C10-T4-R3-F4::G5247151,4,10,3
TD1996::TD-C10-T4-R3-F4::G5247211,4,10,3
TD1996::TD-C10-T4-R3-F4::G5247221,4,10,3
TD1996::TD-C10-T4-R3-F4::G5247231,4,10,3
TD1996::TD-C10-T4-R3-F4::G5247241,4,10,3
TD1996::TD-C10-T4-R3-F4::G5247251,4,10,3
TD1996::TD-C10-T4-R3-F4::G5247311,4,10,3
TD1996::TD-C10-T4-R3-F4::G5247321,4,10,3
TD1996::TD-C10-T4-R3-F4::G5247331,4,10,3
TD1996::TD-C10-T4-R3-F4::G5247341,4,10,3
TD1996::TD-C10-T4-R3-F4::G5247351,4,10,3
TD1996::TD-C10-T4-R3-F4::G5247411,4,10,3
TD1996::TD-C10-T4-R3-F4::G5247421,4,10,3
TD1996::TD-C10-T4-R3-F4::G5247431,4,10,3
TD1996::TD-C10-T4-R3-F4::G5247441,4,10,3
TD1996::TD-C10-T4-R3-F4::G5247451,4,10,3
TD1996::TD-C10-T4-R3-F4::G5247511,4,10,3
TD1996::TD-C10-T4-R3-F4::G5247521,4,10,3
TD1996::TD-C10-T4-R3-F4::G5247531,4,10,3
TD1996::TD-C10-T4-R3-F4::G5247541,4,10,3
TD1996::TD-C10-T4-R3-F4::G5247551,4,10,3
TD1996::TD-C40-T16-R6-F2::k0021111,16,40,6
TD1996::TD-C40-T16-R6-F2::k0021112,16,40,6
TD1996::TD-C40-T16-R6-F2::k0021121,16,40,6
TD1996::TD-C40-T16-R6-F2::k0021122,16,40,6
TD1996::TD-C40-T16-R6-F2::k0021131,16,40,6
TD1996::TD-C40-T16-R6-F2::k0021132,16,40,6
TD1996::TD-C40-T16-R6-F2::k0021141,16,40,6
TD1996::TD-C40-T16-R6-F2::k0021142,16,40,6
TD1996::TD-C40-T16-R6-F2::k0021151,16,40,6
TD1996::TD-C40-T16-R6-F2::k0021152,16,40,6
TD1996::TD-C40-T16-R6-F2::k0021211,16,40,6
TD1996::TD-C40-T16-R6-F2::k0021212,16,40,6
TD1996::TD-C40-T16-R6-F2::k0021221,16,40,6
TD1996::TD-C40-T16-R6-F2::k0021222,16,40,6
TD1996::TD-C40-T16-R6-F2::k0021231,16,40,6
TD1996::TD-C40-T16-R6-F2::k0021232,16,40,6
TD1996::TD-C40-T16-R6-F2::k0021241,16,40,6
TD1996::TD-C40-T16-R6-F2::k0021242,16,40,6
TD1996::TD-C40-T16-R6-F2::k0021251,16,40,6
TD1996::TD-C40-T16-R6-F2::k0021252,16,40,6
TD1996::TD-C40-T16-R6-F2::k0021311,16,40,6
TD1996::TD-C40-T16-R6-F2::k0021312,16,40,6
TD1996::TD-C40-T16-R6-F2::k0021321,16,40,6
TD1996::TD-C40-T16-R6-F2::k0021322,16,40,6
TD1996::TD-C40-T16-R6-F2::k0021331,16,40,6
TD1996::TD-C40-T16-R6-F2::k0021332,16,40,6
TD1996::TD-C40-T16-R6-F2::k0021341,16,40,6
TD1996::TD-C40-T16-R6-F2::k0021342,16,40,6
TD1996::TD-C40-T16-R6-F2::k0021351,16,40,6
TD1996::TD-C40-T16-R6-F2::k0021352,16,40,6
TD1996::TD-C40-T16-R6-F2::k0021411,16,40,6
TD1996::TD-C40-T16-R6-F2::k0021412,16,40,6
TD1996::TD-C40-T16-R6-F2::k0021421,16,40,6
TD1996::TD-C40-T16-R6-F2::k0021422,16,40,6
TD1996::TD-C40-T16-R6-F2::k0021431,16,40,6
TD1996::TD-C40-T16-R6-F2::k0021432,16,40,6
TD1996::TD-C40-T16-R6-F2::k0021441,16,40,6
TD1996::TD-C40-T16-R6-F2::k0021442,16,40,6
TD1996::TD-C40-T16-R6-F2::k0021451,16,40,6
TD1996::TD-C40-T16-R6-F2::k0021452,16,40,6
TD1996::TD-C40-T16-R6-F2::k0021511,16,40,6
TD1996::TD-C40-T16-R6-F2::k0021512,16,40,6
TD1996::TD-C40-T16-R6-F2::k0021521,16,40,6
TD1996::TD-C40-T16-R6-F2::k0021522,16,40,6
TD1996::TD-C40-T16-R6-F2::k0021531,16,40,6
TD1996::TD-C40-T16-R6-F2::k0021532,16,40,6
TD1996::TD-C40-T16-R6-F2::k0021541,16,40,6
TD1996::TD-C40-T16-R6-F2::k0021542,16,40,6
TD1996::TD-C40-T16-R6-F2::k0021551,16,40,6
TD1996::TD-C40-T16-R6-F2::k0021552,16,40,6
TD1996::TD-C40-T16-R6-F2::k0025111,16,40,6
TD1996::TD-C40-T16-R6-F2::k0025112,16,40,6
TD1996::TD-C40-T16-R6-F2::k0025121,16,40,6
TD1996::TD-C40-T16-R6-F2::k0025122,16,40,6
TD1996::TD-C40-T16-R6-F2::k0025131,16,40,6
TD1996::TD-C40-T16-R6-F2::k0025132,16,40,6
TD1996::TD-C40-T16-R6-F2::k0025141,16,40,6
TD1996::TD-C40-T16-R6-F2::k0025142,16,40,6
TD1996::TD-C40-T16-R6-F2::k0025151,16,40,6
TD1996::TD-C40-T16-R6-F2::k0025152,16,40,6
TD1996::TD-C40-T16-R6-F2::k0025211,16,40,6
TD1996::TD-C40-T16-R6-F2::k0025212,16,40,6
TD1996::TD-C40-T16-R6-F2::k0025221,16,40,6
TD1996::TD-C40-T16-R6-F2::k0025222,16,40,6
TD1996::TD-C40-T16-R6-F2::k0025231,16,40,6
TD1996::TD-C40-T16-R6-F2::k0025232,16,40,6
TD1996::TD-C40-T16-R6-F2::k0025241,16,40,6
TD1996::TD-C40-T16-R6-F2::k0025242,16,40,6
TD1996::TD-C40-T16-R6-F2::k0025251,16,40,6
TD1996::TD-C40-T16-R6-F2::k0025252,16,40,6
TD1996::TD-C40-T16-R6-F2::k0025311,16,40,6
TD1996::TD-C40-T16-R6-F2::k0025312,16,40,6
TD1996::TD-C40-T16-R6-F2::k0025321,16,40,6
TD1996::TD-C40-T16-R6-F2::k0025322,16,40,6
TD1996::TD-C40-T16-R6-F2::k0025331,16,40,6
TD1996::TD-C40-T16-R6-F2::k0025332,16,40,6
TD1996::TD-C40-T16-R6-F2::k0025341,16,40,6
TD1996::TD-C40-T16-R6-F2::k0025342,16,40,6
TD1996::TD-C40-T16-R6-F2::k0025351,16,40,6
TD1996::TD-C40-T16-R6-F2::k0025352,16,40,6
TD1996::TD-C40-T16-R6-F2::k0025411,16,40,6
TD1996::TD-C40-T16-R6-F2::k0025412,16,40,6
TD1996::TD-C40-T16-R6-F2::k0025421,16,40,6
TD1996::TD-C40-T16-R6-F2::k0025422,16,40,6
TD1996::TD-C40-T16-R6-F2::k0025431,16,40,6
TD1996::TD-C40-T16-R6-F2::k0025432,16,40,6
TD1996::TD-C40-T16-R6-F2::k0025441,16,40,6
TD1996::TD-C40-T16-R6-F2::k0025442,16,40,6
TD1996::TD-C40-T16-R6-F2::k0025451,16,40,6
TD1996::TD-C40-T16-R6-F2::k0025452,16,40,6
TD1996::TD-C40-T16-R6-F2::k0025511,16,40,6
TD1996::TD-C40-T16-R6-F2::k0025512,16,40,6
TD1996::TD-C40-T16-R6-F2::k0025521,16,40,6
TD1996::TD-C40-T16-R6-F2::k0025522,16,40,6
TD1996::TD-C40-T16-R6-F2::k0025531,16,40,6
TD1996::TD-C40-T16-R6-F2::k0025532,16,40,6
TD1996::TD-C40-T16-R6-F2::k0025541,16,40,6
TD1996::TD-C40-T16-R6-F2::k0025542,16,40,6
TD1996::TD-C40-T16-R6-F2::k0025551,16,40,6
TD1996::TD-C40-T16-R6-F2::k0025552,16,40,6
TD1996::TD-C40-T16-R6-F2::k0029111,16,40,6
TD1996::TD-C40-T16-R6-F2::k0029112,16,40,6
TD1996::TD-C40-T16-R6-F2::k0029121,16,40,6
TD1996::TD-C40-T16-R6-F2::k0029122,16,40,6
TD1996::TD-C40-T16-R6-F2::k0029131,16,40,6
TD1996::TD-C40-T16-R6-F2::k0029132,16,40,6
TD1996::TD-C40-T16-R6-F2::k0029141,16,40,6
TD1996::TD-C40-T16-R6-F2::k0029142,16,40,6
TD1996::TD-C40-T16-R6-F2::k0029151,16,40,6
TD1996::TD-C40-T16-R6-F2::k0029152,16,40,6
TD1996::TD-C40-T16-R6-F2::k0029211,16,40,6
TD1996::TD-C40-T16-R6-F2::k0029212,16,40,6
TD1996::TD-C40-T16-R6-F2::k0029221,16,40,6
TD1996::TD-C40-T16-R6-F2::k0029222,16,40,6
TD1996::TD-C40-T16-R6-F2::k0029231,16,40,6
TD1996::TD-C40-T16-R6-F2::k0029232,16,40,6
TD1996::TD-C40-T16-R6-F2::k0029241,16,40,6
TD1996::TD-C40-T16-R6-F2::k0029242,16,40,6
TD1996::TD-C40-T16-R6-F2::k0029251,16,40,6
TD1996::TD-C40-T16-R6-F2::k0029252,16,40,6
TD1996::TD-C40-T16-R6-F2::k0029311,16,40,6
TD1996::TD-C40-T16-R6-F2::k0029312,16,40,6
TD1996::TD-C40-T16-R6-F2::k0029321,16,40,6
TD1996::TD-C40-T16-R6-F2::k0029322,16,40,6
TD1996::TD-C40-T16-R6-F2::k0029331,16,40,6
TD1996::TD-C40-T16-R6-F2::k0029332,16,40,6
TD1996::TD-C40-T16-R6-F2::k0029341,16,40,6
TD1996::TD-C40-T16-R6-F2::k0029342,16,40,6
TD1996::TD-C40-T16-R6-F2::k0029351,16,40,6
TD1996::TD-C40-T16-R6-F2::k0029352,16,40,6
TD1996::TD-C40-T16-R6-F2::k0029411,16,40,6
TD1996::TD-C40-T16-R6-F2::k0029412,16,40,6
TD1996::TD-C40-T16-R6-F2::k0029421,16,40,6
TD1996::TD-C40-T16-R6-F2::k0029422,16,40,6
TD1996::TD-C40-T16-R6-F2::k0029431,16,40,6
TD1996::TD-C40-T16-R6-F2::k0029432,16,40,6
TD1996::TD-C40-T16-R6-F2::k0029441,16,40,6
TD1996::TD-C40-T16-R6-F2::k0029442,16,40,6
TD1996::TD-C40-T16-R6-F2::k0029451,16,40,6
TD1996::TD-C40-T16-R6-F2::k0029452,16,40,6
TD1996::TD-C40-T16-R6-F2::k0029511,16,40,6
TD1996::TD-C40-T16-R6-F2::k0029512,16,40,6
TD1996::TD-C40-T16-R6-F2::k0029521,16,40,6
TD1996::TD-C40-T16-R6-F2::k0029522,16,40,6
TD1996::TD-C40-T16-R6-F2::k0029531,16,40,6
TD1996::TD-C40-T16-R6-F2::k0029532,16,40,6
TD1996::TD-C40-T16-R6-F2::k0029541,16,40,6
TD1996::TD-C40-T16-R6-F2::k0029542,16,40,6
TD1996::TD-C40-T16-R6-F2::k0029551,16,40,6
TD1996::TD-C40-T16-R6-F2::k0029552,16,40,6
TD1996::TD-C40-T16-R6-F2::K0121111,16,40,6
TD1996::TD-C40-T16-R6-F2::K0121121,16,40,6
TD1996::TD-C40-T16-R6-F2::K0121131,16,40,6
TD1996::TD-C40-T16-R6-F2::K0121141,16,40,6
TD1996::TD-C40-T16-R6-F2::K0121151,16,40,6
TD1996::TD-C40-T16-R6-F2::K0121211,16,40,6
TD1996::TD-C40-T16-R6-F2::K0121221,16,40,6
TD1996::TD-C40-T16-R6-F2::K0121231,16,40,6
TD1996::TD-C40-T16-R6-F2::K0121241,16,40,6
TD1996::TD-C40-T16-R6-F2::K0121251,16,40,6
TD1996::TD-C40-T16-R6-F2::K0121311,16,40,6
TD1996::TD-C40-T16-R6-F2::K0121321,16,40,6
TD1996::TD-C40-T16-R6-F2::K0121331,16,40,6
TD1996::TD-C40-T16-R6-F2::K0121341,16,40,6
TD1996::TD-C40-T16-R6-F2::K0121351,16,40,6
TD1996::TD-C40-T16-R6-F2::K0121411,16,40,6
TD1996::TD-C40-T16-R6-F2::K0121421,16,40,6
TD1996::TD-C40-T16-R6-F2::K0121431,16,40,6
TD1996::TD-C40-T16-R6-F2::K0121441,16,40,6
TD1996::TD-C40-T16-R6-F2::K0121451,16,40,6
TD1996::TD-C40-T16-R6-F2::K0121511,16,40,6
TD1996::TD-C40-T16-R6-F2::K0121521,16,40,6
TD1996::TD-C40-T16-R6-F2::K0121531,16,40,6
TD1996::TD-C40-T16-R6-F2::K0121541,16,40,6
TD1996::TD-C40-T16-R6-F2::K0121551,16,40,6
TD1996::TD-C40-T16-R6-F2::K0125111,16,40,6
TD1996::TD-C40-T16-R6-F2::K0125121,16,40,6
TD1996::TD-C40-T16-R6-F2::K0125131,16,40,6
TD1996::TD-C40-T16-R6-F2::K0125141,16,40,6
TD1996::TD-C40-T16-R6-F2::K0125151,16,40,6
TD1996::TD-C40-T16-R6-F2::K0125211,16,40,6
TD1996::TD-C40-T16-R6-F2::K0125221,16,40,6
TD1996::TD-C40-T16-R6-F2::K0125231,16,40,6
TD1996::TD-C40-T16-R6-F2::K0125241,16,40,6
TD1996::TD-C40-T16-R6-F2::K0125251,16,40,6
TD1996::TD-C40-T16-R6-F2::K0125311,16,40,6
TD1996::TD-C40-T16-R6-F2::K0125321,16,40,6
TD1996::TD-C40-T16-R6-F2::K0125331,16,40,6
TD1996::TD-C40-T16-R6-F2::K0125341,16,40,6
TD1996::TD-C40-T16-R6-F2::K0125351,16,40,6
TD1996::TD-C40-T16-R6-F2::K0125411,16,40,6
TD1996::TD-C40-T16-R6-F2::K0125421,16,40,6
TD1996::TD-C40-T16-R6-F2::K0125431,16,40,6
TD1996::TD-C40-T16-R6-F2::K0125441,16,40,6
TD1996::TD-C40-T16-R6-F2::K0125451,16,40,6
TD1996::TD-C40-T16-R6-F2::K0125511,16,40,6
TD1996::TD-C40-T16-R6-F2::K0125521,16,40,6
TD1996::TD-C40-T16-R6-F2::K0125531,16,40,6
TD1996::TD-C40-T16-R6-F2::K0125541,16,40,6
TD1996::TD-C40-T16-R6-F2::K0125551,16,40,6
TD1996::TD-C40-T16-R6-F2::K0129111,16,40,6
TD1996::TD-C40-T16-R6-F2::K0129121,16,40,6
TD1996::TD-C40-T16-R6-F2::K0129131,16,40,6
TD1996::TD-C40-T16-R6-F2::K0129141,16,40,6
TD1996::TD-C40-T16-R6-F2::K0129151,16,40,6
TD1996::TD-C40-T16-R6-F2::K0129211,16,40,6
TD1996::TD-C40-T16-R6-F2::K0129221,16,40,6
TD1996::TD-C40-T16-R6-F2::K0129231,16,40,6
TD1996::TD-C40-T16-R6-F2::K0129241,16,40,6
TD1996::TD-C40-T16-R6-F2::K0129251,16,40,6
TD1996::TD-C40-T16-R6-F2::K0129311,16,40,6
TD1996::TD-C40-T16-R6-F2::K0129321,16,40,6
TD1996::TD-C40-T16-R6-F2::K0129331,16,40,6
TD1996::TD-C40-T16-R6-F2::K0129341,16,40,6
TD1996::TD-C40-T16-R6-F2::K0129351,16,40,6
TD1996::TD-C40-T16-R6-F2::K0129411,16,40,6
TD1996::TD-C40-T16-R6-F2::K0129421,16,40,6
TD1996::TD-C40-T16-R6-F2::K0129431,16,40,6
TD1996::TD-C40-T16-R6-F2::K0129441,16,40,6
TD1996::TD-C40-T16-R6-F2::K0129451,16,40,6
TD1996::TD-C40-T16-R6-F2::K0129511,16,40,6
TD1996::TD-C40-T16-R6-F2::K0129521,16,40,6
TD1996::TD-C40-T16-R6-F2::K0129531,16,40,6
TD1996::TD-C40-T16-R6-F2::K0129541,16,40,6
TD1996::TD-C40-T16-R6-F2::K0129551,16,40,6
TD1996::TD-C40-T16-R6-F2::K0221111,16,40,6
TD1996::TD-C40-T16-R6-F2::K0221121,16,40,6
TD1996::TD-C40-T16-R6-F2::K0221131,16,40,6
TD1996::TD-C40-T16-R6-F2::K0221141,16,40,6
TD1996::TD-C40-T16-R6-F2::K0221151,16,40,6
TD1996::TD-C40-T16-R6-F2::K0221211,16,40,6
TD1996::TD-C40-T16-R6-F2::K0221221,16,40,6
TD1996::TD-C40-T16-R6-F2::K0221231,16,40,6
TD1996::TD-C40-T16-R6-F2::K0221241,16,40,6
TD1996::TD-C40-T16-R6-F2::K0221251,16,40,6
TD1996::TD-C40-T16-R6-F2::K0221311,16,40,6
TD1996::TD-C40-T16-R6-F2::K0221321,16,40,6
TD1996::TD-C40-T16-R6-F2::K0221331,16,40,6
TD1996::TD-C40-T16-R6-F2::K0221341,16,40,6
TD1996::TD-C40-T16-R6-F2::K0221351,16,40,6
TD1996::TD-C40-T16-R6-F2::K0221411,16,40,6
TD1996::TD-C40-T16-R6-F2::K0221421,16,40,6
TD1996::TD-C40-T16-R6-F2::K0221431,16,40,6
TD1996::TD-C40-T16-R6-F2::K0221441,16,40,6
TD1996::TD-C40-T16-R6-F2::K0221451,16,40,6
TD1996::TD-C40-T16-R6-F2::K0221511,16,40,6
TD1996::TD-C40-T16-R6-F2::K0221521,16,40,6
TD1996::TD-C40-T16-R6-F2::K0221531,16,40,6
TD1996::TD-C40-T16-R6-F2::K0221541,16,40,6
TD1996::TD-C40-T16-R6-F2::K0221551,16,40,6
TD1996::TD-C40-T16-R6-F2::K0225111,16,40,6
TD1996::TD-C40-T16-R6-F2::K0225121,16,40,6
TD1996::TD-C40-T16-R6-F2::K0225131,16,40,6
TD1996::TD-C40-T16-R6-F2::K0225141,16,40,6
TD1996::TD-C40-T16-R6-F2::K0225151,16,40,6
TD1996::TD-C40-T16-R6-F2::K0225211,16,40,6
TD1996::TD-C40-T16-R6-F2::K0225221,16,40,6
TD1996::TD-C40-T16-R6-F2::K0225231,16,40,6
TD1996::TD-C40-T16-R6-F2::K0225241,16,40,6
TD1996::TD-C40-T16-R6-F2::K0225251,16,40,6
TD1996::TD-C40-T16-R6-F2::K0225311,16,40,6
TD1996::TD-C40-T16-R6-F2::K0225321,16,40,6
TD1996::TD-C40-T16-R6-F2::K0225331,16,40,6
TD1996::TD-C40-T16-R6-F2::K0225341,16,40,6
TD1996::TD-C40-T16-R6-F2::K0225351,16,40,6
TD1996::TD-C40-T16-R6-F2::K0225411,16,40,6
TD1996::TD-C40-T16-R6-F2::K0225421,16,40,6
TD1996::TD-C40-T16-R6-F2::K0225431,16,40,6
TD1996::TD-C40-T16-R6-F2::K0225441,16,40,6
TD1996::TD-C40-T16-R6-F2::K0225451,16,40,6
TD1996::TD-C40-T16-R6-F2::K0225511,16,40,6
TD1996::TD-C40-T16-R6-F2::K0225521,16,40,6
TD1996::TD-C40-T16-R6-F2::K0225531,16,40,6
TD1996::TD-C40-T16-R6-F2::K0225541,16,40,6
TD1996::TD-C40-T16-R6-F2::K0225551,16,40,6
TD1996::TD-C40-T16-R6-F2::K0229111,16,40,6
TD1996::TD-C40-T16-R6-F2::K0229121,16,40,6
TD1996::TD-C40-T16-R6-F2::K0229131,16,40,6
TD1996::TD-C40-T16-R6-F2::K0229141,16,40,6
TD1996::TD-C40-T16-R6-F2::K0229151,16,40,6
TD1996::TD-C40-T16-R6-F2::K0229211,16,40,6
TD1996::TD-C40-T16-R6-F2::K0229221,16,40,6
TD1996::TD-C40-T16-R6-F2::K0229231,16,40,6
TD1996::TD-C40-T16-R6-F2::K0229241,16,40,6
TD1996::TD-C40-T16-R6-F2::K0229251,16,40,6
TD1996::TD-C40-T16-R6-F2::K0229311,16,40,6
TD1996::TD-C40-T16-R6-F2::K0229321,16,40,6
TD1996::TD-C40-T16-R6-F2::K0229331,16,40,6
TD1996::TD-C40-T16-R6-F2::K0229341,16,40,6
TD1996::TD-C40-T16-R6-F2::K0229351,16,40,6
TD1996::TD-C40-T16-R6-F2::K0229411,16,40,6
TD1996::TD-C40-T16-R6-F2::K0229421,16,40,6
TD1996::TD-C40-T16-R6-F2::K0229431,16,40,6
TD1996::TD-C40-T16-R6-F2::K0229441,16,40,6
TD1996::TD-C40-T16-R6-F2::K0229451,16,40,6
TD1996::TD-C40-T16-R6-F2::K0229511,16,40,6
TD1996::TD-C40-T16-R6-F2::K0229521,16,40,6
TD1996::TD-C40-T16-R6-F2::K0229531,16,40,6
TD1996::TD-C40-T16-R6-F2::K0229541,16,40,6
TD1996::TD-C40-T16-R6-F2::K0229551,16,40,6
TD1996::TD-C40-T16-R6-F2::k8021111,16,40,6
TD1996::TD-C40-T16-R6-F2::k8021112,16,40,6
TD1996::TD-C40-T16-R6-F2::k8021121,16,40,6
TD1996::TD-C40-T16-R6-F2::k8021122,16,40,6
TD1996::TD-C40-T16-R6-F2::k8021131,16,40,6
TD1996::TD-C40-T16-R6-F2::k8021132,16,40,6
TD1996::TD-C40-T16-R6-F2::k8021141,16,40,6
TD1996::TD-C40-T16-R6-F2::k8021142,16,40,6
TD1996::TD-C40-T16-R6-F2::k8021151,16,40,6
TD1996::TD-C40-T16-R6-F2::k8021152,16,40,6
TD1996::TD-C40-T16-R6-F2::k8021211,16,40,6
TD1996::TD-C40-T16-R6-F2::k8021212,16,40,6
TD1996::TD-C40-T16-R6-F2::k8021221,16,40,6
TD1996::TD-C40-T16-R6-F2::k8021222,16,40,6
TD1996::TD-C40-T16-R6-F2::k8021231,16,40,6
TD1996::TD-C40-T16-R6-F2::k8021232,16,40,6
TD1996::TD-C40-T16-R6-F2::k8021241,16,40,6
TD1996::TD-C40-T16-R6-F2::k8021242,16,40,6
TD1996::TD-C40-T16-R6-F2::k8021251,16,40,6
TD1996::TD-C40-T16-R6-F2::k8021252,16,40,6
TD1996::TD-C40-T16-R6-F2::k8021311,16,40,6
TD1996::TD-C40-T16-R6-F2::k8021312,16,40,6
TD1996::TD-C40-T16-R6-F2::k8021321,16,40,6
TD1996::TD-C40-T16-R6-F2::k8021322,16,40,6
TD1996::TD-C40-T16-R6-F2::k8021331,16,40,6
TD1996::TD-C40-T16-R6-F2::k8021332,16,40,6
TD1996::TD-C40-T16-R6-F2::k8021341,16,40,6
TD1996::TD-C40-T16-R6-F2::k8021342,16,40,6
TD1996::TD-C40-T16-R6-F2::k8021351,16,40,6
TD1996::TD-C40-T16-R6-F2::k8021352,16,40,6
TD1996::TD-C40-T16-R6-F2::k8021411,16,40,6
TD1996::TD-C40-T16-R6-F2::k8021412,16,40,6
TD1996::TD-C40-T16-R6-F2::k8021421,16,40,6
TD1996::TD-C40-T16-R6-F2::k8021422,16,40,6
TD1996::TD-C40-T16-R6-F2::k8021431,16,40,6
TD1996::TD-C40-T16-R6-F2::k8021432,16,40,6
TD1996::TD-C40-T16-R6-F2::k8021441,16,40,6
TD1996::TD-C40-T16-R6-F2::k8021442,16,40,6
TD1996::TD-C40-T16-R6-F2::k8021451,16,40,6
TD1996::TD-C40-T16-R6-F2::k8021452,16,40,6
TD1996::TD-C40-T16-R6-F2::k8021511,16,40,6
TD1996::TD-C40-T16-R6-F2::k8021512,16,40,6
TD1996::TD-C40-T16-R6-F2::k8021521,16,40,6
TD1996::TD-C40-T16-R6-F2::k8021522,16,40,6
TD1996::TD-C40-T16-R6-F2::k8021531,16,40,6
TD1996::TD-C40-T16-R6-F2::k8021532,16,40,6
TD1996::TD-C40-T16-R6-F2::k8021541,16,40,6
TD1996::TD-C40-T16-R6-F2::k8021542,16,40,6
TD1996::TD-C40-T16-R6-F2::k8021551,16,40,6
TD1996::TD-C40-T16-R6-F2::k8021552,16,40,6
TD1996::TD-C40-T16-R6-F2::k8025111,16,40,6
TD1996::TD-C40-T16-R6-F2::k8025112,16,40,6
TD1996::TD-C40-T16-R6-F2::k8025121,16,40,6
TD1996::TD-C40-T16-R6-F2::k8025122,16,40,6
TD1996::TD-C40-T16-R6-F2::k8025131,16,40,6
TD1996::TD-C40-T16-R6-F2::k8025132,16,40,6
TD1996::TD-C40-T16-R6-F2::k8025141,16,40,6
TD1996::TD-C40-T16-R6-F2::k8025142,16,40,6
TD1996::TD-C40-T16-R6-F2::k8025151,16,40,6
TD1996::TD-C40-T16-R6-F2::k8025152,16,40,6
TD1996::TD-C40-T16-R6-F2::k8025211,16,40,6
TD1996::TD-C40-T16-R6-F2::k8025212,16,40,6
TD1996::TD-C40-T16-R6-F2::k8025221,16,40,6
TD1996::TD-C40-T16-R6-F2::k8025222,16,40,6
TD1996::TD-C40-T16-R6-F2::k8025231,16,40,6
TD1996::TD-C40-T16-R6-F2::k8025232,16,40,6
TD1996::TD-C40-T16-R6-F2::k8025241,16,40,6
TD1996::TD-C40-T16-R6-F2::k8025242,16,40,6
TD1996::TD-C40-T16-R6-F2::k8025251,16,40,6
TD1996::TD-C40-T16-R6-F2::k8025252,16,40,6
TD1996::TD-C40-T16-R6-F2::k8025311,16,40,6
TD1996::TD-C40-T16-R6-F2::k8025312,16,40,6
TD1996::TD-C40-T16-R6-F2::k8025321,16,40,6
TD1996::TD-C40-T16-R6-F2::k8025322,16,40,6
TD1996::TD-C40-T16-R6-F2::k8025331,16,40,6
TD1996::TD-C40-T16-R6-F2::k8025332,16,40,6
TD1996::TD-C40-T16-R6-F2::k8025341,16,40,6
TD1996::TD-C40-T16-R6-F2::k8025342,16,40,6
TD1996::TD-C40-T16-R6-F2::k8025351,16,40,6
TD1996::TD-C40-T16-R6-F2::k8025352,16,40,6
TD1996::TD-C40-T16-R6-F2::k8025411,16,40,6
TD1996::TD-C40-T16-R6-F2::k8025412,16,40,6
TD1996::TD-C40-T16-R6-F2::k8025421,16,40,6
TD1996::TD-C40-T16-R6-F2::k8025422,16,40,6
TD1996::TD-C40-T16-R6-F2::k8025431,16,40,6
TD1996::TD-C40-T16-R6-F2::k8025432,16,40,6
TD1996::TD-C40-T16-R6-F2::k8025441,16,40,6
TD1996::TD-C40-T16-R6-F2::k8025442,16,40,6
TD1996::TD-C40-T16-R6-F2::k8025451,16,40,6
TD1996::TD-C40-T16-R6-F2::k8025452,16,40,6
TD1996::TD-C40-T16-R6-F2::k8025511,16,40,6
TD1996::TD-C40-T16-R6-F2::k8025512,16,40,6
TD1996::TD-C40-T16-R6-F2::k8025521,16,40,6
TD1996::TD-C40-T16-R6-F2::k8025522,16,40,6
TD1996::TD-C40-T16-R6-F2::k8025531,16,40,6
TD1996::TD-C40-T16-R6-F2::k8025532,16,40,6
TD1996::TD-C40-T16-R6-F2::k8025541,16,40,6
TD1996::TD-C40-T16-R6-F2::k8025542,16,40,6
TD1996::TD-C40-T16-R6-F2::k8025551,16,40,6
TD1996::TD-C40-T16-R6-F2::k8025552,16,40,6
TD1996::TD-C40-T16-R6-F2::k8029111,16,40,6
TD1996::TD-C40-T16-R6-F2::k8029112,16,40,6
TD1996::TD-C40-T16-R6-F2::k8029121,16,40,6
TD1996::TD-C40-T16-R6-F2::k8029122,16,40,6
TD1996::TD-C40-T16-R6-F2::k8029131,16,40,6
TD1996::TD-C40-T16-R6-F2::k8029132,16,40,6
TD1996::TD-C40-T16-R6-F2::k8029141,16,40,6
TD1996::TD-C40-T16-R6-F2::k8029142,16,40,6
TD1996::TD-C40-T16-R6-F2::k8029151,16,40,6
TD1996::TD-C40-T16-R6-F2::k8029152,16,40,6
TD1996::TD-C40-T16-R6-F2::k8029211,16,40,6
TD1996::TD-C40-T16-R6-F2::k8029212,16,40,6
TD1996::TD-C40-T16-R6-F2::k8029221,16,40,6
TD1996::TD-C40-T16-R6-F2::k8029222,16,40,6
TD1996::TD-C40-T16-R6-F2::k8029231,16,40,6
TD1996::TD-C40-T16-R6-F2::k8029232,16,40,6
TD1996::TD-C40-T16-R6-F2::k8029241,16,40,6
TD1996::TD-C40-T16-R6-F2::k8029242,16,40,6
TD1996::TD-C40-T16-R6-F2::k8029251,16,40,6
TD1996::TD-C40-T16-R6-F2::k8029252,16,40,6
TD1996::TD-C40-T16-R6-F2::k8029311,16,40,6
TD1996::TD-C40-T16-R6-F2::k8029312,16,40,6
TD1996::TD-C40-T16-R6-F2::k8029321,16,40,6
TD1996::TD-C40-T16-R6-F2::k8029322,16,40,6
TD1996::TD-C40-T16-R6-F2::k8029331,16,40,6
TD1996::TD-C40-T16-R6-F2::k8029332,16,40,6
TD1996::TD-C40-T16-R6-F2::k8029341,16,40,6
TD1996::TD-C40-T16-R6-F2::k8029342,16,40,6
TD1996::TD-C40-T16-R6-F2::k8029351,16,40,6
TD1996::TD-C40-T16-R6-F2::k8029352,16,40,6
TD1996::TD-C40-T16-R6-F2::k8029411,16,40,6
TD1996::TD-C40-T16-R6-F2::k8029412,16,40,6
TD1996::TD-C40-T16-R6-F2::k8029421,16,40,6
TD1996::TD-C40-T16-R6-F2::k8029422,16,40,6
TD1996::TD-C40-T16-R6-F2::k8029431,16,40,6
TD1996::TD-C40-T16-R6-F2::k8029432,16,40,6
TD1996::TD-C40-T16-R6-F2::k8029441,16,40,6
TD1996::TD-C40-T16-R6-F2::k8029442,16,40,6
TD1996::TD-C40-T16-R6-F2::k8029451,16,40,6
TD1996::TD-C40-T16-R6-F2::k8029452,16,40,6
TD1996::TD-C40-T16-R6-F2::k8029511,16,40,6
TD1996::TD-C40-T16-R6-F2::k8029512,16,40,6
TD1996::TD-C40-T16-R6-F2::k8029521,16,40,6
TD1996::TD-C40-T16-R6-F2::k8029522,16,40,6
TD1996::TD-C40-T16-R6-F2::k8029531,16,40,6
TD1996::TD-C40-T16-R6-F2::k8029532,16,40,6
TD1996::TD-C40-T16-R6-F2::k8029541,16,40,6
TD1996::TD-C40-T16-R6-F2::k8029542,16,40,6
TD1996::TD-C40-T16-R6-F2::k8029551,16,40,6
TD1996::TD-C40-T16-R6-F2::k8029552,16,40,6
TD1996::TD-C40-T16-R6-F2::K8121111,16,40,6
TD1996::TD-C40-T16-R6-F2::K8121121,16,40,6
TD1996::TD-C40-T16-R6-F2::K8121131,16,40,6
TD1996::TD-C40-T16-R6-F2::K8121141,16,40,6
TD1996::TD-C40-T16-R6-F2::K8121151,16,40,6
TD1996::TD-C40-T16-R6-F2::K8121211,16,40,6
TD1996::TD-C40-T16-R6-F2::K8121221,16,40,6
TD1996::TD-C40-T16-R6-F2::K8121231,16,40,6
TD1996::TD-C40-T16-R6-F2::K8121241,16,40,6
TD1996::TD-C40-T16-R6-F2::K8121251,16,40,6
TD1996::TD-C40-T16-R6-F2::K8121311,16,40,6
TD1996::TD-C40-T16-R6-F2::K8121321,16,40,6
TD1996::TD-C40-T16-R6-F2::K8121331,16,40,6
TD1996::TD-C40-T16-R6-F2::K8121341,16,40,6
TD1996::TD-C40-T16-R6-F2::K8121351,16,40,6
TD1996::TD-C40-T16-R6-F2::K8121411,16,40,6
TD1996::TD-C40-T16-R6-F2::K8121421,16,40,6
TD1996::TD-C40-T16-R6-F2::K8121431,16,40,6
TD1996::TD-C40-T16-R6-F2::K8121441,16,40,6
TD1996::TD-C40-T16-R6-F2::K8121451,16,40,6
TD1996::TD-C40-T16-R6-F2::K8121511,16,40,6
TD1996::TD-C40-T16-R6-F2::K8121521,16,40,6
TD1996::TD-C40-T16-R6-F2::K8121531,16,40,6
TD1996::TD-C40-T16-R6-F2::K8121541,16,40,6
TD1996::TD-C40-T16-R6-F2::K8121551,16,40,6
TD1996::TD-C40-T16-R6-F2::K8125111,16,40,6
TD1996::TD-C40-T16-R6-F2::K8125121,16,40,6
TD1996::TD-C40-T16-R6-F2::K8125131,16,40,6
TD1996::TD-C40-T16-R6-F2::K8125141,16,40,6
TD1996::TD-C40-T16-R6-F2::K8125151,16,40,6
TD1996::TD-C40-T16-R6-F2::K8125211,16,40,6
TD1996::TD-C40-T16-R6-F2::K8125221,16,40,6
TD1996::TD-C40-T16-R6-F2::K8125231,16,40,6
TD1996::TD-C40-T16-R6-F2::K8125241,16,40,6
TD1996::TD-C40-T16-R6-F2::K8125251,16,40,6
TD1996::TD-C40-T16-R6-F2::K8125311,16,40,6
TD1996::TD-C40-T16-R6-F2::K8125321,16,40,6
TD1996::TD-C40-T16-R6-F2::K8125331,16,40,6
TD1996::TD-C40-T16-R6-F2::K8125341,16,40,6
TD1996::TD-C40-T16-R6-F2::K8125351,16,40,6
TD1996::TD-C40-T16-R6-F2::K8125411,16,40,6
TD1996::TD-C40-T16-R6-F2::K8125421,16,40,6
TD1996::TD-C40-T16-R6-F2::K8125431,16,40,6
TD1996::TD-C40-T16-R6-F2::K8125441,16,40,6
TD1996::TD-C40-T16-R6-F2::K8125451,16,40,6
TD1996::TD-C40-T16-R6-F2::K8125511,16,40,6
TD1996::TD-C40-T16-R6-F2::K8125521,16,40,6
TD1996::TD-C40-T16-R6-F2::K8125531,16,40,6
TD1996::TD-C40-T16-R6-F2::K8125541,16,40,6
TD1996::TD-C40-T16-R6-F2::K8125551,16,40,6
TD1996::TD-C40-T16-R6-F2::K8129111,16,40,6
TD1996::TD-C40-T16-R6-F2::K8129121,16,40,6
TD1996::TD-C40-T16-R6-F2::K8129131,16,40,6
TD1996::TD-C40-T16-R6-F2::K8129141,16,40,6
TD1996::TD-C40-T16-R6-F2::K8129151,16,40,6
TD1996::TD-C40-T16-R6-F2::K8129211,16,40,6
TD1996::TD-C40-T16-R6-F2::K8129221,16,40,6
TD1996::TD-C40-T16-R6-F2::K8129231,16,40,6
TD1996::TD-C40-T16-R6-F2::K8129241,16,40,6
TD1996::TD-C40-T16-R6-F2::K8129251,16,40,6
TD1996::TD-C40-T16-R6-F2::K8129311,16,40,6
TD1996::TD-C40-T16-R6-F2::K8129321,16,40,6
TD1996::TD-C40-T16-R6-F2::K8129331,16,40,6
TD1996::TD-C40-T16-R6-F2::K8129341,16,40,6
TD1996::TD-C40-T16-R6-F2::K8129351,16,40,6
TD1996::TD-C40-T16-R6-F2::K8129411,16,40,6
TD1996::TD-C40-T16-R6-F2::K8129421,16,40,6
TD1996::TD-C40-T16-R6-F2::K8129431,16,40,6
TD1996::TD-C40-T16-R6-F2::K8129441,16,40,6
TD1996::TD-C40-T16-R6-F2::K8129451,16,40,6
TD1996::TD-C40-T16-R6-F2::K8129511,16,40,6
TD1996::TD-C40-T16-R6-F2::K8129521,16,40,6
TD1996::TD-C40-T16-R6-F2::K8129531,16,40,6
TD1996::TD-C40-T16-R6-F2::K8129541,16,40,6
TD1996::TD-C40-T16-R6-F2::K8129551,16,40,6
TD1996::TD-C40-T16-R6-F2::K8221111,16,40,6
TD1996::TD-C40-T16-R6-F2::K8221121,16,40,6
TD1996::TD-C40-T16-R6-F2::K8221131,16,40,6
TD1996::TD-C40-T16-R6-F2::K8221141,16,40,6
TD1996::TD-C40-T16-R6-F2::K8221151,16,40,6
TD1996::TD-C40-T16-R6-F2::K8221211,16,40,6
TD1996::TD-C40-T16-R6-F2::K8221221,16,40,6
TD1996::TD-C40-T16-R6-F2::K8221231,16,40,6
TD1996::TD-C40-T16-R6-F2::K8221241,16,40,6
TD1996::TD-C40-T16-R6-F2::K8221251,16,40,6
TD1996::TD-C40-T16-R6-F2::K8221311,16,40,6
TD1996::TD-C40-T16-R6-F2::K8221321,16,40,6
TD1996::TD-C40-T16-R6-F2::K8221331,16,40,6
TD1996::TD-C40-T16-R6-F2::K8221341,16,40,6
TD1996::TD-C40-T16-R6-F2::K8221351,16,40,6
TD1996::TD-C40-T16-R6-F2::K8221411,16,40,6
TD1996::TD-C40-T16-R6-F2::K8221421,16,40,6
TD1996::TD-C40-T16-R6-F2::K8221431,16,40,6
TD1996::TD-C40-T16-R6-F2::K8221441,16,40,6
TD1996::TD-C40-T16-R6-F2::K8221451,16,40,6
TD1996::TD-C40-T16-R6-F2::K8221511,16,40,6
TD1996::TD-C40-T16-R6-F2::K8221521,16,40,6
TD1996::TD-C40-T16-R6-F2::K8221531,16,40,6
TD1996::TD-C40-T16-R6-F2::K8221541,16,40,6
TD1996::TD-C40-T16-R6-F2::K8221551,16,40,6
TD1996::TD-C40-T16-R6-F2::K8225111,16,40,6
TD1996::TD-C40-T16-R6-F2::K8225121,16,40,6
TD1996::TD-C40-T16-R6-F2::K8225131,16,40,6
TD1996::TD-C40-T16-R6-F2::K8225141,16,40,6
TD1996::TD-C40-T16-R6-F2::K8225151,16,40,6
TD1996::TD-C40-T16-R6-F2::K8225211,16,40,6
TD1996::TD-C40-T16-R6-F2::K8225221,16,40,6
TD1996::TD-C40-T16-R6-F2::K8225231,16,40,6
TD1996::TD-C40-T16-R6-F2::K8225241,16,40,6
TD1996::TD-C40-T16-R6-F2::K8225251,16,40,6
TD1996::TD-C40-T16-R6-F2::K8225311,16,40,6
TD1996::TD-C40-T16-R6-F2::K8225321,16,40,6
TD1996::TD-C40-T16-R6-F2::K8225331,16,40,6
TD1996::TD-C40-T16-R6-F2::K8225341,16,40,6
TD1996::TD-C40-T16-R6-F2::K8225351,16,40,6
TD1996::TD-C40-T16-R6-F2::K8225411,16,40,6
TD1996::TD-C40-T16-R6-F2::K8225421,16,40,6
TD1996::TD-C40-T16-R6-F2::K8225431,16,40,6
TD1996::TD-C40-T16-R6-F2::K8225441,16,40,6
TD1996::TD-C40-T16-R6-F2::K8225451,16,40,6
TD1996::TD-C40-T16-R6-F2::K8225511,16,40,6
TD1996::TD-C40-T16-R6-F2::K8225521,16,40,6
TD1996::TD-C40-T16-R6-F2::K8225531,16,40,6
TD1996::TD-C40-T16-R6-F2::K8225541,16,40,6
TD1996::TD-C40-T16-R6-F2::K8225551,16,40,6
TD1996::TD-C40-T16-R6-F2::K8229111,16,40,6
TD1996::TD-C40-T16-R6-F2::K8229121,16,40,6
TD1996::TD-C40-T16-R6-F2::K8229131,16,40,6
TD1996::TD-C40-T16-R6-F2::K8229141,16,40,6
TD1996::TD-C40-T16-R6-F2::K8229151,16,40,6
TD1996::TD-C40-T16-R6-F2::K8229211,16,40,6
TD1996::TD-C40-T16-R6-F2::K8229221,16,40,6
TD1996::TD-C40-T16-R6-F2::K8229231,16,40,6
TD1996::TD-C40-T16-R6-F2::K8229241,16,40,6
TD1996::TD-C40-T16-R6-F2::K8229251,16,40,6
TD1996::TD-C40-T16-R6-F2::K8229311,16,40,6
TD1996::TD-C40-T16-R6-F2::K8229321,16,40,6
TD1996::TD-C40-T16-R6-F2::K8229331,16,40,6
TD1996::TD-C40-T16-R6-F2::K8229341,16,40,6
TD1996::TD-C40-T16-R6-F2::K8229351,16,40,6
TD1996::TD-C40-T16-R6-F2::K8229411,16,40,6
TD1996::TD-C40-T16-R6-F2::K8229421,16,40,6
TD1996::TD-C40-T16-R6-F2::K8229431,16,40,6
TD1996::TD-C40-T16-R6-F2::K8229441,16,40,6
TD1996::TD-C40-T16-R6-F2::K8229451,16,40,6
TD1996::TD-C40-T16-R6-F2::K8229511,16,40,6
TD1996::TD-C40-T16-R6-F2::K8229521,16,40,6
TD1996::TD-C40-T16-R6-F2::K8229531,16,40,6
TD1996::TD-C40-T16-R6-F2::K8229541,16,40,6
TD1996::TD-C40-T16-R6-F2::K8229551,16,40,6
TD1996::TD-C40-T16-R6-F6::g0061111,16,40,6
TD1996::TD-C40-T16-R6-F6::g0061112,16,40,6
TD1996::TD-C40-T16-R6-F6::g0061121,16,40,6
TD1996::TD-C40-T16-R6-F6::g0061122,16,40,6
TD1996::TD-C40-T16-R6-F6::g0061131,16,40,6
TD1996::TD-C40-T16-R6-F6::g0061132,16,40,6
TD1996::TD-C40-T16-R6-F6::g0061141,16,40,6
TD1996::TD-C40-T16-R6-F6::g0061142,16,40,6
TD1996::TD-C40-T16-R6-F6::g0061151,16,40,6
TD1996::TD-C40-T16-R6-F6::g0061152,16,40,6
TD1996::TD-C40-T16-R6-F6::g0061211,16,40,6
TD1996::TD-C40-T16-R6-F6::g0061212,16,40,6
TD1996::TD-C40-T16-R6-F6::g0061221,16,40,6
TD1996::TD-C40-T16-R6-F6::g0061222,16,40,6
TD1996::TD-C40-T16-R6-F6::g0061231,16,40,6
TD1996::TD-C40-T16-R6-F6::g0061232,16,40,6
TD1996::TD-C40-T16-R6-F6::g0061241,16,40,6
TD1996::TD-C40-T16-R6-F6::g0061242,16,40,6
TD1996::TD-C40-T16-R6-F6::g0061251,16,40,6
TD1996::TD-C40-T16-R6-F6::g0061252,16,40,6
TD1996::TD-C40-T16-R6-F6::g0061311,16,40,6
TD1996::TD-C40-T16-R6-F6::g0061312,16,40,6
TD1996::TD-C40-T16-R6-F6::g0061321,16,40,6
TD1996::TD-C40-T16-R6-F6::g0061322,16,40,6
TD1996::TD-C40-T16-R6-F6::g0061331,16,40,6
TD1996::TD-C40-T16-R6-F6::g0061332,16,40,6
TD1996::TD-C40-T16-R6-F6::g0061341,16,40,6
TD1996::TD-C40-T16-R6-F6::g0061342,16,40,6
TD1996::TD-C40-T16-R6-F6::g0061351,16,40,6
TD1996::TD-C40-T16-R6-F6::g0061352,16,40,6
TD1996::TD-C40-T16-R6-F6::g0061411,16,40,6
TD1996::TD-C40-T16-R6-F6::g0061412,16,40,6
TD1996::TD-C40-T16-R6-F6::g0061421,16,40,6
TD1996::TD-C40-T16-R6-F6::g0061422,16,40,6
TD1996::TD-C40-T16-R6-F6::g0061431,16,40,6
TD1996::TD-C40-T16-R6-F6::g0061432,16,40,6
TD1996::TD-C40-T16-R6-F6::g0061441,16,40,6
TD1996::TD-C40-T16-R6-F6::g0061442,16,40,6
TD1996::TD-C40-T16-R6-F6::g0061451,16,40,6
TD1996::TD-C40-T16-R6-F6::g0061452,16,40,6
TD1996::TD-C40-T16-R6-F6::g0061511,16,40,6
TD1996::TD-C40-T16-R6-F6::g0061512,16,40,6
TD1996::TD-C40-T16-R6-F6::g0061521,16,40,6
TD1996::TD-C40-T16-R6-F6::g0061522,16,40,6
TD1996::TD-C40-T16-R6-F6::g0061531,16,40,6
TD1996::TD-C40-T16-R6-F6::g0061532,16,40,6
TD1996::TD-C40-T16-R6-F6::g0061541,16,40,6
TD1996::TD-C40-T16-R6-F6::g0061542,16,40,6
TD1996::TD-C40-T16-R6-F6::g0061551,16,40,6
TD1996::TD-C40-T16-R6-F6::g0061552,16,40,6
TD1996::TD-C40-T16-R6-F6::g0065111,16,40,6
TD1996::TD-C40-T16-R6-F6::g0065112,16,40,6
TD1996::TD-C40-T16-R6-F6::g0065121,16,40,6
TD1996::TD-C40-T16-R6-F6::g0065122,16,40,6
TD1996::TD-C40-T16-R6-F6::g0065131,16,40,6
TD1996::TD-C40-T16-R6-F6::g0065132,16,40,6
TD1996::TD-C40-T16-R6-F6::g0065141,16,40,6
TD1996::TD-C40-T16-R6-F6::g0065142,16,40,6
TD1996::TD-C40-T16-R6-F6::g0065151,16,40,6
TD1996::TD-C40-T16-R6-F6::g0065152,16,40,6
TD1996::TD-C40-T16-R6-F6::g0065211,16,40,6
TD1996::TD-C40-T16-R6-F6::g0065212,16,40,6
TD1996::TD-C40-T16-R6-F6::g0065221,16,40,6
TD1996::TD-C40-T16-R6-F6::g0065222,16,40,6
TD1996::TD-C40-T16-R6-F6::g0065231,16,40,6
TD1996::TD-C40-T16-R6-F6::g0065232,16,40,6
TD1996::TD-C40-T16-R6-F6::g0065241,16,40,6
TD1996::TD-C40-T16-R6-F6::g0065242,16,40,6
TD1996::TD-C40-T16-R6-F6::g0065251,16,40,6
TD1996::TD-C40-T16-R6-F6::g0065252,16,40,6
TD1996::TD-C40-T16-R6-F6::g0065311,16,40,6
TD1996::TD-C40-T16-R6-F6::g0065312,16,40,6
TD1996::TD-C40-T16-R6-F6::g0065321,16,40,6
TD1996::TD-C40-T16-R6-F6::g0065322,16,40,6
TD1996::TD-C40-T16-R6-F6::g0065331,16,40,6
TD1996::TD-C40-T16-R6-F6::g0065332,16,40,6
TD1996::TD-C40-T16-R6-F6::g0065341,16,40,6
TD1996::TD-C40-T16-R6-F6::g0065342,16,40,6
TD1996::TD-C40-T16-R6-F6::g0065351,16,40,6
TD1996::TD-C40-T16-R6-F6::g0065352,16,40,6
TD1996::TD-C40-T16-R6-F6::g0065411,16,40,6
TD1996::TD-C40-T16-R6-F6::g0065412,16,40,6
TD1996::TD-C40-T16-R6-F6::g0065421,16,40,6
TD1996::TD-C40-T16-R6-F6::g0065422,16,40,6
TD1996::TD-C40-T16-R6-F6::g0065431,16,40,6
TD1996::TD-C40-T16-R6-F6::g0065432,16,40,6
TD1996::TD-C40-T16-R6-F6::g0065441,16,40,6
TD1996::TD-C40-T16-R6-F6::g0065442,16,40,6
TD1996::TD-C40-T16-R6-F6::g0065451,16,40,6
TD1996::TD-C40-T16-R6-F6::g0065452,16,40,6
TD1996::TD-C40-T16-R6-F6::g0065511,16,40,6
TD1996::TD-C40-T16-R6-F6::g0065512,16,40,6
TD1996::TD-C40-T16-R6-F6::g0065521,16,40,6
TD1996::TD-C40-T16-R6-F6::g0065522,16,40,6
TD1996::TD-C40-T16-R6-F6::g0065531,16,40,6
TD1996::TD-C40-T16-R6-F6::g0065532,16,40,6
TD1996::TD-C40-T16-R6-F6::g0065541,16,40,6
TD1996::TD-C40-T16-R6-F6::g0065542,16,40,6
TD1996::TD-C40-T16-R6-F6::g0065551,16,40,6
TD1996::TD-C40-T16-R6-F6::g0065552,16,40,6
TD1996::TD-C40-T16-R6-F6::g0069111,16,40,6
TD1996::TD-C40-T16-R6-F6::g0069112,16,40,6
TD1996::TD-C40-T16-R6-F6::g0069121,16,40,6
TD1996::TD-C40-T16-R6-F6::g0069122,16,40,6
TD1996::TD-C40-T16-R6-F6::g0069131,16,40,6
TD1996::TD-C40-T16-R6-F6::g0069132,16,40,6
TD1996::TD-C40-T16-R6-F6::g0069141,16,40,6
TD1996::TD-C40-T16-R6-F6::g0069142,16,40,6
TD1996::TD-C40-T16-R6-F6::g0069151,16,40,6
TD1996::TD-C40-T16-R6-F6::g0069152,16,40,6
TD1996::TD-C40-T16-R6-F6::g0069211,16,40,6
TD1996::TD-C40-T16-R6-F6::g0069212,16,40,6
TD1996::TD-C40-T16-R6-F6::g0069221,16,40,6
TD1996::TD-C40-T16-R6-F6::g0069222,16,40,6
TD1996::TD-C40-T16-R6-F6::g0069231,16,40,6
TD1996::TD-C40-T16-R6-F6::g0069232,16,40,6
TD1996::TD-C40-T16-R6-F6::g0069241,16,40,6
TD1996::TD-C40-T16-R6-F6::g0069242,16,40,6
TD1996::TD-C40-T16-R6-F6::g0069251,16,40,6
TD1996::TD-C40-T16-R6-F6::g0069252,16,40,6
TD1996::TD-C40-T16-R6-F6::g0069311,16,40,6
TD1996::TD-C40-T16-R6-F6::g0069312,16,40,6
TD1996::TD-C40-T16-R6-F6::g0069321,16,40,6
TD1996::TD-C40-T16-R6-F6::g0069322,16,40,6
TD1996::TD-C40-T16-R6-F6::g0069331,16,40,6
TD1996::TD-C40-T16-R6-F6::g0069332,16,40,6
TD1996::TD-C40-T16-R6-F6::g0069341,16,40,6
TD1996::TD-C40-T16-R6-F6::g0069342,16,40,6
TD1996::TD-C40-T16-R6-F6::g0069351,16,40,6
TD1996::TD-C40-T16-R6-F6::g0069352,16,40,6
TD1996::TD-C40-T16-R6-F6::g0069411,16,40,6
TD1996::TD-C40-T16-R6-F6::g0069412,16,40,6
TD1996::TD-C40-T16-R6-F6::g0069421,16,40,6
TD1996::TD-C40-T16-R6-F6::g0069422,16,40,6
TD1996::TD-C40-T16-R6-F6::g0069431,16,40,6
TD1996::TD-C40-T16-R6-F6::g0069432,16,40,6
TD1996::TD-C40-T16-R6-F6::g0069441,16,40,6
TD1996::TD-C40-T16-R6-F6::g0069442,16,40,6
TD1996::TD-C40-T16-R6-F6::g0069451,16,40,6
TD1996::TD-C40-T16-R6-F6::g0069452,16,40,6
TD1996::TD-C40-T16-R6-F6::g0069511,16,40,6
TD1996::TD-C40-T16-R6-F6::g0069512,16,40,6
TD1996::TD-C40-T16-R6-F6::g0069521,16,40,6
TD1996::TD-C40-T16-R6-F6::g0069522,16,40,6
TD1996::TD-C40-T16-R6-F6::g0069531,16,40,6
TD1996::TD-C40-T16-R6-F6::g0069532,16,40,6
TD1996::TD-C40-T16-R6-F6::g0069541,16,40,6
TD1996::TD-C40-T16-R6-F6::g0069542,16,40,6
TD1996::TD-C40-T16-R6-F6::g0069551,16,40,6
TD1996::TD-C40-T16-R6-F6::g0069552,16,40,6
TD1996::TD-C40-T16-R6-F6::G0161111,16,40,6
TD1996::TD-C40-T16-R6-F6::G0161121,16,40,6
TD1996::TD-C40-T16-R6-F6::G0161131,16,40,6
TD1996::TD-C40-T16-R6-F6::G0161141,16,40,6
TD1996::TD-C40-T16-R6-F6::G0161151,16,40,6
TD1996::TD-C40-T16-R6-F6::G0161211,16,40,6
TD1996::TD-C40-T16-R6-F6::G0161221,16,40,6
TD1996::TD-C40-T16-R6-F6::G0161231,16,40,6
TD1996::TD-C40-T16-R6-F6::G0161241,16,40,6
TD1996::TD-C40-T16-R6-F6::G0161251,16,40,6
TD1996::TD-C40-T16-R6-F6::G0161311,16,40,6
TD1996::TD-C40-T16-R6-F6::G0161321,16,40,6
TD1996::TD-C40-T16-R6-F6::G0161331,16,40,6
TD1996::TD-C40-T16-R6-F6::G0161341,16,40,6
TD1996::TD-C40-T16-R6-F6::G0161351,16,40,6
TD1996::TD-C40-T16-R6-F6::G0161411,16,40,6
TD1996::TD-C40-T16-R6-F6::G0161421,16,40,6
TD1996::TD-C40-T16-R6-F6::G0161431,16,40,6
TD1996::TD-C40-T16-R6-F6::G0161441,16,40,6
TD1996::TD-C40-T16-R6-F6::G0161451,16,40,6
TD1996::TD-C40-T16-R6-F6::G0161511,16,40,6
TD1996::TD-C40-T16-R6-F6::G0161521,16,40,6
TD1996::TD-C40-T16-R6-F6::G0161531,16,40,6
TD1996::TD-C40-T16-R6-F6::G0161541,16,40,6
TD1996::TD-C40-T16-R6-F6::G0161551,16,40,6
TD1996::TD-C40-T16-R6-F6::G0165111,16,40,6
TD1996::TD-C40-T16-R6-F6::G0165121,16,40,6
TD1996::TD-C40-T16-R6-F6::G0165131,16,40,6
TD1996::TD-C40-T16-R6-F6::G0165141,16,40,6
TD1996::TD-C40-T16-R6-F6::G0165151,16,40,6
TD1996::TD-C40-T16-R6-F6::G0165211,16,40,6
TD1996::TD-C40-T16-R6-F6::G0165221,16,40,6
TD1996::TD-C40-T16-R6-F6::G0165231,16,40,6
TD1996::TD-C40-T16-R6-F6::G0165241,16,40,6
TD1996::TD-C40-T16-R6-F6::G0165251,16,40,6
TD1996::TD-C40-T16-R6-F6::G0165311,16,40,6
TD1996::TD-C40-T16-R6-F6::G0165321,16,40,6
TD1996::TD-C40-T16-R6-F6::G0165331,16,40,6
TD1996::TD-C40-T16-R6-F6::G0165341,16,40,6
TD1996::TD-C40-T16-R6-F6::G0165351,16,40,6
TD1996::TD-C40-T16-R6-F6::G0165411,16,40,6
TD1996::TD-C40-T16-R6-F6::G0165421,16,40,6
TD1996::TD-C40-T16-R6-F6::G0165431,16,40,6
TD1996::TD-C40-T16-R6-F6::G0165441,16,40,6
TD1996::TD-C40-T16-R6-F6::G0165451,16,40,6
TD1996::TD-C40-T16-R6-F6::G0165511,16,40,6
TD1996::TD-C40-T16-R6-F6::G0165521,16,40,6
TD1996::TD-C40-T16-R6-F6::G0165531,16,40,6
TD1996::TD-C40-T16-R6-F6::G0165541,16,40,6
TD1996::TD-C40-T16-R6-F6::G0165551,16,40,6
TD1996::TD-C40-T16-R6-F6::G0169111,16,40,6
TD1996::TD-C40-T16-R6-F6::G0169121,16,40,6
TD1996::TD-C40-T16-R6-F6::G0169131,16,40,6
TD1996::TD-C40-T16-R6-F6::G0169141,16,40,6
TD1996::TD-C40-T16-R6-F6::G0169151,16,40,6
TD1996::TD-C40-T16-R6-F6::G0169211,16,40,6
TD1996::TD-C40-T16-R6-F6::G0169221,16,40,6
TD1996::TD-C40-T16-R6-F6::G0169231,16,40,6
TD1996::TD-C40-T16-R6-F6::G0169241,16,40,6
TD1996::TD-C40-T16-R6-F6::G0169251,16,40,6
TD1996::TD-C40-T16-R6-F6::G0169311,16,40,6
TD1996::TD-C40-T16-R6-F6::G0169321,16,40,6
TD1996::TD-C40-T16-R6-F6::G0169331,16,40,6
TD1996::TD-C40-T16-R6-F6::G0169341,16,40,6
TD1996::TD-C40-T16-R6-F6::G0169351,16,40,6
TD1996::TD-C40-T16-R6-F6::G0169411,16,40,6
TD1996::TD-C40-T16-R6-F6::G0169421,16,40,6
TD1996::TD-C40-T16-R6-F6::G0169431,16,40,6
TD1996::TD-C40-T16-R6-F6::G0169441,16,40,6
TD1996::TD-C40-T16-R6-F6::G0169451,16,40,6
TD1996::TD-C40-T16-R6-F6::G0169511,16,40,6
TD1996::TD-C40-T16-R6-F6::G0169521,16,40,6
TD1996::TD-C40-T16-R6-F6::G0169531,16,40,6
TD1996::TD-C40-T16-R6-F6::G0169541,16,40,6
TD1996::TD-C40-T16-R6-F6::G0169551,16,40,6
TD1996::TD-C40-T16-R6-F6::G0261111,16,40,6
TD1996::TD-C40-T16-R6-F6::G0261121,16,40,6
TD1996::TD-C40-T16-R6-F6::G0261131,16,40,6
TD1996::TD-C40-T16-R6-F6::G0261141,16,40,6
TD1996::TD-C40-T16-R6-F6::G0261151,16,40,6
TD1996::TD-C40-T16-R6-F6::G0261211,16,40,6
TD1996::TD-C40-T16-R6-F6::G0261221,16,40,6
TD1996::TD-C40-T16-R6-F6::G0261231,16,40,6
TD1996::TD-C40-T16-R6-F6::G0261241,16,40,6
TD1996::TD-C40-T16-R6-F6::G0261251,16,40,6
TD1996::TD-C40-T16-R6-F6::G0261311,16,40,6
TD1996::TD-C40-T16-R6-F6::G0261321,16,40,6
TD1996::TD-C40-T16-R6-F6::G0261331,16,40,6
TD1996::TD-C40-T16-R6-F6::G0261341,16,40,6
TD1996::TD-C40-T16-R6-F6::G0261351,16,40,6
TD1996::TD-C40-T16-R6-F6::G0261411,16,40,6
TD1996::TD-C40-T16-R6-F6::G0261421,16,40,6
TD1996::TD-C40-T16-R6-F6::G0261431,16,40,6
TD1996::TD-C40-T16-R6-F6::G0261441,16,40,6
TD1996::TD-C40-T16-R6-F6::G0261451,16,40,6
TD1996::TD-C40-T16-R6-F6::G0261511,16,40,6
TD1996::TD-C40-T16-R6-F6::G0261521,16,40,6
TD1996::TD-C40-T16-R6-F6::G0261531,16,40,6
TD1996::TD-C40-T16-R6-F6::G0261541,16,40,6
TD1996::TD-C40-T16-R6-F6::G0261551,16,40,6
TD1996::TD-C40-T16-R6-F6::G0265111,16,40,6
TD1996::TD-C40-T16-R6-F6::G0265121,16,40,6
TD1996::TD-C40-T16-R6-F6::G0265131,16,40,6
TD1996::TD-C40-T16-R6-F6::G0265141,16,40,6
TD1996::TD-C40-T16-R6-F6::G0265151,16,40,6
TD1996::TD-C40-T16-R6-F6::G0265211,16,40,6
TD1996::TD-C40-T16-R6-F6::G0265221,16,40,6
TD1996::TD-C40-T16-R6-F6::G0265231,16,40,6
TD1996::TD-C40-T16-R6-F6::G0265241,16,40,6
TD1996::TD-C40-T16-R6-F6::G0265251,16,40,6
TD1996::TD-C40-T16-R6-F6::G0265311,16,40,6
TD1996::TD-C40-T16-R6-F6::G0265321,16,40,6
TD1996::TD-C40-T16-R6-F6::G0265331,16,40,6
TD1996::TD-C40-T16-R6-F6::G0265341,16,40,6
TD1996::TD-C40-T16-R6-F6::G0265351,16,40,6
TD1996::TD-C40-T16-R6-F6::G0265411,16,40,6
TD1996::TD-C40-T16-R6-F6::G0265421,16,40,6
TD1996::TD-C40-T16-R6-F6::G0265431,16,40,6
TD1996::TD-C40-T16-R6-F6::G0265441,16,40,6
TD1996::TD-C40-T16-R6-F6::G0265451,16,40,6
TD1996::TD-C40-T16-R6-F6::G0265511,16,40,6
TD1996::TD-C40-T16-R6-F6::G0265521,16,40,6
TD1996::TD-C40-T16-R6-F6::G0265531,16,40,6
TD1996::TD-C40-T16-R6-F6::G0265541,16,40,6
TD1996::TD-C40-T16-R6-F6::G0265551,16,40,6
TD1996::TD-C40-T16-R6-F6::G0269111,16,40,6
TD1996::TD-C40-T16-R6-F6::G0269121,16,40,6
TD1996::TD-C40-T16-R6-F6::G0269131,16,40,6
TD1996::TD-C40-T16-R6-F6::G0269141,16,40,6
TD1996::TD-C40-T16-R6-F6::G0269151,16,40,6
TD1996::TD-C40-T16-R6-F6::G0269211,16,40,6
TD1996::TD-C40-T16-R6-F6::G0269221,16,40,6
TD1996::TD-C40-T16-R6-F6::G0269231,16,40,6
TD1996::TD-C40-T16-R6-F6::G0269241,16,40,6
TD1996::TD-C40-T16-R6-F6::G0269251,16,40,6
TD1996::TD-C40-T16-R6-F6::G0269311,16,40,6
TD1996::TD-C40-T16-R6-F6::G0269321,16,40,6
TD1996::TD-C40-T16-R6-F6::G0269331,16,40,6
TD1996::TD-C40-T16-R6-F6::G0269341,16,40,6
TD1996::TD-C40-T16-R6-F6::G0269351,16,40,6
TD1996::TD-C40-T16-R6-F6::G0269411,16,40,6
TD1996::TD-C40-T16-R6-F6::G0269421,16,40,6
TD1996::TD-C40-T16-R6-F6::G0269431,16,40,6
TD1996::TD-C40-T16-R6-F6::G0269441,16,40,6
TD1996::TD-C40-T16-R6-F6::G0269451,16,40,6
TD1996::TD-C40-T16-R6-F6::G0269511,16,40,6
TD1996::TD-C40-T16-R6-F6::G0269521,16,40,6
TD1996::TD-C40-T16-R6-F6::G0269531,16,40,6
TD1996::TD-C40-T16-R6-F6::G0269541,16,40,6
TD1996::TD-C40-T16-R6-F6::G0269551,16,40,6
TD1996::TD-C40-T16-R6-F6::g8061111,16,40,6
TD1996::TD-C40-T16-R6-F6::g8061112,16,40,6
TD1996::TD-C40-T16-R6-F6::g8061121,16,40,6
TD1996::TD-C40-T16-R6-F6::g8061122,16,40,6
TD1996::TD-C40-T16-R6-F6::g8061131,16,40,6
TD1996::TD-C40-T16-R6-F6::g8061132,16,40,6
TD1996::TD-C40-T16-R6-F6::g8061141,16,40,6
TD1996::TD-C40-T16-R6-F6::g8061142,16,40,6
TD1996::TD-C40-T16-R6-F6::g8061151,16,40,6
TD1996::TD-C40-T16-R6-F6::g8061152,16,40,6
TD1996::TD-C40-T16-R6-F6::g8061211,16,40,6
TD1996::TD-C40-T16-R6-F6::g8061212,16,40,6
TD1996::TD-C40-T16-R6-F6::g8061221,16,40,6
TD1996::TD-C40-T16-R6-F6::g8061222,16,40,6
TD1996::TD-C40-T16-R6-F6::g8061231,16,40,6
TD1996::TD-C40-T16-R6-F6::g8061232,16,40,6
TD1996::TD-C40-T16-R6-F6::g8061241,16,40,6
TD1996::TD-C40-T16-R6-F6::g8061242,16,40,6
TD1996::TD-C40-T16-R6-F6::g8061251,16,40,6
TD1996::TD-C40-T16-R6-F6::g8061252,16,40,6
TD1996::TD-C40-T16-R6-F6::g8061311,16,40,6
TD1996::TD-C40-T16-R6-F6::g8061312,16,40,6
TD1996::TD-C40-T16-R6-F6::g8061321,16,40,6
TD1996::TD-C40-T16-R6-F6::g8061322,16,40,6
TD1996::TD-C40-T16-R6-F6::g8061331,16,40,6
TD1996::TD-C40-T16-R6-F6::g8061332,16,40,6
TD1996::TD-C40-T16-R6-F6::g8061341,16,40,6
TD1996::TD-C40-T16-R6-F6::g8061342,16,40,6
TD1996::TD-C40-T16-R6-F6::g8061351,16,40,6
TD1996::TD-C40-T16-R6-F6::g8061352,16,40,6
TD1996::TD-C40-T16-R6-F6::g8061411,16,40,6
TD1996::TD-C40-T16-R6-F6::g8061412,16,40,6
TD1996::TD-C40-T16-R6-F6::g8061421,16,40,6
TD1996::TD-C40-T16-R6-F6::g8061422,16,40,6
TD1996::TD-C40-T16-R6-F6::g8061431,16,40,6
TD1996::TD-C40-T16-R6-F6::g8061432,16,40,6
TD1996::TD-C40-T16-R6-F6::g8061441,16,40,6
TD1996::TD-C40-T16-R6-F6::g8061442,16,40,6
TD1996::TD-C40-T16-R6-F6::g8061451,16,40,6
TD1996::TD-C40-T16-R6-F6::g8061452,16,40,6
TD1996::TD-C40-T16-R6-F6::g8061511,16,40,6
TD1996::TD-C40-T16-R6-F6::g8061512,16,40,6
TD1996::TD-C40-T16-R6-F6::g8061521,16,40,6
TD1996::TD-C40-T16-R6-F6::g8061522,16,40,6
TD1996::TD-C40-T16-R6-F6::g8061531,16,40,6
TD1996::TD-C40-T16-R6-F6::g8061532,16,40,6
TD1996::TD-C40-T16-R6-F6::g8061541,16,40,6
TD1996::TD-C40-T16-R6-F6::g8061542,16,40,6
TD1996::TD-C40-T16-R6-F6::g8061551,16,40,6
TD1996::TD-C40-T16-R6-F6::g8061552,16,40,6
TD1996::TD-C40-T16-R6-F6::g8065111,16,40,6
TD1996::TD-C40-T16-R6-F6::g8065112,16,40,6
TD1996::TD-C40-T16-R6-F6::g8065121,16,40,6
TD1996::TD-C40-T16-R6-F6::g8065122,16,40,6
TD1996::TD-C40-T16-R6-F6::g8065131,16,40,6
TD1996::TD-C40-T16-R6-F6::g8065132,16,40,6
TD1996::TD-C40-T16-R6-F6::g8065141,16,40,6
TD1996::TD-C40-T16-R6-F6::g8065142,16,40,6
TD1996::TD-C40-T16-R6-F6::g8065151,16,40,6
TD1996::TD-C40-T16-R6-F6::g8065152,16,40,6
TD1996::TD-C40-T16-R6-F6::g8065211,16,40,6
TD1996::TD-C40-T16-R6-F6::g8065212,16,40,6
TD1996::TD-C40-T16-R6-F6::g8065221,16,40,6
TD1996::TD-C40-T16-R6-F6::g8065222,16,40,6
TD1996::TD-C40-T16-R6-F6::g8065231,16,40,6
TD1996::TD-C40-T16-R6-F6::g8065232,16,40,6
TD1996::TD-C40-T16-R6-F6::g8065241,16,40,6
TD1996::TD-C40-T16-R6-F6::g8065242,16,40,6
TD1996::TD-C40-T16-R6-F6::g8065251,16,40,6
TD1996::TD-C40-T16-R6-F6::g8065252,16,40,6
TD1996::TD-C40-T16-R6-F6::g8065311,16,40,6
TD1996::TD-C40-T16-R6-F6::g8065312,16,40,6
TD1996::TD-C40-T16-R6-F6::g8065321,16,40,6
TD1996::TD-C40-T16-R6-F6::g8065322,16,40,6
TD1996::TD-C40-T16-R6-F6::g8065331,16,40,6
TD1996::TD-C40-T16-R6-F6::g8065332,16,40,6
TD1996::TD-C40-T16-R6-F6::g8065341,16,40,6
TD1996::TD-C40-T16-R6-F6::g8065342,16,40,6
TD1996::TD-C40-T16-R6-F6::g8065351,16,40,6
TD1996::TD-C40-T16-R6-F6::g8065352,16,40,6
TD1996::TD-C40-T16-R6-F6::g8065411,16,40,6
TD1996::TD-C40-T16-R6-F6::g8065412,16,40,6
TD1996::TD-C40-T16-R6-F6::g8065421,16,40,6
TD1996::TD-C40-T16-R6-F6::g8065422,16,40,6
TD1996::TD-C40-T16-R6-F6::g8065431,16,40,6
TD1996::TD-C40-T16-R6-F6::g8065432,16,40,6
TD1996::TD-C40-T16-R6-F6::g8065441,16,40,6
TD1996::TD-C40-T16-R6-F6::g8065442,16,40,6
TD1996::TD-C40-T16-R6-F6::g8065451,16,40,6
TD1996::TD-C40-T16-R6-F6::g8065452,16,40,6
TD1996::TD-C40-T16-R6-F6::g8065511,16,40,6
TD1996::TD-C40-T16-R6-F6::g8065512,16,40,6
TD1996::TD-C40-T16-R6-F6::g8065521,16,40,6
TD1996::TD-C40-T16-R6-F6::g8065522,16,40,6
TD1996::TD-C40-T16-R6-F6::g8065531,16,40,6
TD1996::TD-C40-T16-R6-F6::g8065532,16,40,6
TD1996::TD-C40-T16-R6-F6::g8065541,16,40,6
TD1996::TD-C40-T16-R6-F6::g8065542,16,40,6
TD1996::TD-C40-T16-R6-F6::g8065551,16,40,6
TD1996::TD-C40-T16-R6-F6::g8065552,16,40,6
TD1996::TD-C40-T16-R6-F6::g8069111,16,40,6
TD1996::TD-C40-T16-R6-F6::g8069112,16,40,6
TD1996::TD-C40-T16-R6-F6::g8069121,16,40,6
TD1996::TD-C40-T16-R6-F6::g8069122,16,40,6
TD1996::TD-C40-T16-R6-F6::g8069131,16,40,6
TD1996::TD-C40-T16-R6-F6::g8069132,16,40,6
TD1996::TD-C40-T16-R6-F6::g8069141,16,40,6
TD1996::TD-C40-T16-R6-F6::g8069142,16,40,6
TD1996::TD-C40-T16-R6-F6::g8069151,16,40,6
TD1996::TD-C40-T16-R6-F6::g8069152,16,40,6
TD1996::TD-C40-T16-R6-F6::g8069211,16,40,6
TD1996::TD-C40-T16-R6-F6::g8069212,16,40,6
TD1996::TD-C40-T16-R6-F6::g8069221,16,40,6
TD1996::TD-C40-T16-R6-F6::g8069222,16,40,6
TD1996::TD-C40-T16-R6-F6::g8069231,16,40,6
TD1996::TD-C40-T16-R6-F6::g8069232,16,40,6
TD1996::TD-C40-T16-R6-F6::g8069241,16,40,6
TD1996::TD-C40-T16-R6-F6::g8069242,16,40,6
TD1996::TD-C40-T16-R6-F6::g8069251,16,40,6
TD1996::TD-C40-T16-R6-F6::g8069252,16,40,6
TD1996::TD-C40-T16-R6-F6::g8069311,16,40,6
TD1996::TD-C40-T16-R6-F6::g8069312,16,40,6
TD1996::TD-C40-T16-R6-F6::g8069321,16,40,6
TD1996::TD-C40-T16-R6-F6::g8069322,16,40,6
TD1996::TD-C40-T16-R6-F6::g8069331,16,40,6
TD1996::TD-C40-T16-R6-F6::g8069332,16,40,6
TD1996::TD-C40-T16-R6-F6::g8069341,16,40,6
TD1996::TD-C40-T16-R6-F6::g8069342,16,40,6
TD1996::TD-C40-T16-R6-F6::g8069351,16,40,6
TD1996::TD-C40-T16-R6-F6::g8069352,16,40,6
TD1996::TD-C40-T16-R6-F6::g8069411,16,40,6
TD1996::TD-C40-T16-R6-F6::g8069412,16,40,6
TD1996::TD-C40-T16-R6-F6::g8069421,16,40,6
TD1996::TD-C40-T16-R6-F6::g8069422,16,40,6
TD1996::TD-C40-T16-R6-F6::g8069431,16,40,6
TD1996::TD-C40-T16-R6-F6::g8069432,16,40,6
TD1996::TD-C40-T16-R6-F6::g8069441,16,40,6
TD1996::TD-C40-T16-R6-F6::g8069442,16,40,6
TD1996::TD-C40-T16-R6-F6::g8069451,16,40,6
TD1996::TD-C40-T16-R6-F6::g8069452,16,40,6
TD1996::TD-C40-T16-R6-F6::g8069511,16,40,6
TD1996::TD-C40-T16-R6-F6::g8069512,16,40,6
TD1996::TD-C40-T16-R6-F6::g8069521,16,40,6
TD1996::TD-C40-T16-R6-F6::g8069522,16,40,6
TD1996::TD-C40-T16-R6-F6::g8069531,16,40,6
TD1996::TD-C40-T16-R6-F6::g8069532,16,40,6
TD1996::TD-C40-T16-R6-F6::g8069541,16,40,6
TD1996::TD-C40-T16-R6-F6::g8069542,16,40,6
TD1996::TD-C40-T16-R6-F6::g8069551,16,40,6
TD1996::TD-C40-T16-R6-F6::g8069552,16,40,6
TD1996::TD-C40-T16-R6-F6::G8161111,16,40,6
TD1996::TD-C40-T16-R6-F6::G8161121,16,40,6
TD1996::TD-C40-T16-R6-F6::G8161131,16,40,6
TD1996::TD-C40-T16-R6-F6::G8161141,16,40,6
TD1996::TD-C40-T16-R6-F6::G8161151,16,40,6
TD1996::TD-C40-T16-R6-F6::G8161211,16,40,6
TD1996::TD-C40-T16-R6-F6::G8161221,16,40,6
TD1996::TD-C40-T16-R6-F6::G8161231,16,40,6
TD1996::TD-C40-T16-R6-F6::G8161241,16,40,6
TD1996::TD-C40-T16-R6-F6::G8161251,16,40,6
TD1996::TD-C40-T16-R6-F6::G8161311,16,40,6
TD1996::TD-C40-T16-R6-F6::G8161321,16,40,6
TD1996::TD-C40-T16-R6-F6::G8161331,16,40,6
TD1996::TD-C40-T16-R6-F6::G8161341,16,40,6
TD1996::TD-C40-T16-R6-F6::G8161351,16,40,6
TD1996::TD-C40-T16-R6-F6::G8161411,16,40,6
TD1996::TD-C40-T16-R6-F6::G8161421,16,40,6
TD1996::TD-C40-T16-R6-F6::G8161431,16,40,6
TD1996::TD-C40-T16-R6-F6::G8161441,16,40,6
TD1996::TD-C40-T16-R6-F6::G8161451,16,40,6
TD1996::TD-C40-T16-R6-F6::G8161511,16,40,6
TD1996::TD-C40-T16-R6-F6::G8161521,16,40,6
TD1996::TD-C40-T16-R6-F6::G8161531,16,40,6
TD1996::TD-C40-T16-R6-F6::G8161541,16,40,6
TD1996::TD-C40-T16-R6-F6::G8161551,16,40,6
TD1996::TD-C40-T16-R6-F6::G8165111,16,40,6
TD1996::TD-C40-T16-R6-F6::G8165121,16,40,6
TD1996::TD-C40-T16-R6-F6::G8165131,16,40,6
TD1996::TD-C40-T16-R6-F6::G8165141,16,40,6
TD1996::TD-C40-T16-R6-F6::G8165151,16,40,6
TD1996::TD-C40-T16-R6-F6::G8165211,16,40,6
TD1996::TD-C40-T16-R6-F6::G8165221,16,40,6
TD1996::TD-C40-T16-R6-F6::G8165231,16,40,6
TD1996::TD-C40-T16-R6-F6::G8165241,16,40,6
TD1996::TD-C40-T16-R6-F6::G8165251,16,40,6
TD1996::TD-C40-T16-R6-F6::G8165311,16,40,6
TD1996::TD-C40-T16-R6-F6::G8165321,16,40,6
TD1996::TD-C40-T16-R6-F6::G8165331,16,40,6
TD1996::TD-C40-T16-R6-F6::G8165341,16,40,6
TD1996::TD-C40-T16-R6-F6::G8165351,16,40,6
TD1996::TD-C40-T16-R6-F6::G8165411,16,40,6
TD1996::TD-C40-T16-R6-F6::G8165421,16,40,6
TD1996::TD-C40-T16-R6-F6::G8165431,16,40,6
TD1996::TD-C40-T16-R6-F6::G8165441,16,40,6
TD1996::TD-C40-T16-R6-F6::G8165451,16,40,6
TD1996::TD-C40-T16-R6-F6::G8165511,16,40,6
TD1996::TD-C40-T16-R6-F6::G8165521,16,40,6
TD1996::TD-C40-T16-R6-F6::G8165531,16,40,6
TD1996::TD-C40-T16-R6-F6::G8165541,16,40,6
TD1996::TD-C40-T16-R6-F6::G8165551,16,40,6
TD1996::TD-C40-T16-R6-F6::G8169111,16,40,6
TD1996::TD-C40-T16-R6-F6::G8169121,16,40,6
TD1996::TD-C40-T16-R6-F6::G8169131,16,40,6
TD1996::TD-C40-T16-R6-F6::G8169141,16,40,6
TD1996::TD-C40-T16-R6-F6::G8169151,16,40,6
TD1996::TD-C40-T16-R6-F6::G8169211,16,40,6
TD1996::TD-C40-T16-R6-F6::G8169221,16,40,6
TD1996::TD-C40-T16-R6-F6::G8169231,16,40,6
TD1996::TD-C40-T16-R6-F6::G8169241,16,40,6
TD1996::TD-C40-T16-R6-F6::G8169251,16,40,6
TD1996::TD-C40-T16-R6-F6::G8169311,16,40,6
TD1996::TD-C40-T16-R6-F6::G8169321,16,40,6
TD1996::TD-C40-T16-R6-F6::G8169331,16,40,6
TD1996::TD-C40-T16-R6-F6::G8169341,16,40,6
TD1996::TD-C40-T16-R6-F6::G8169351,16,40,6
TD1996::TD-C40-T16-R6-F6::G8169411,16,40,6
TD1996::TD-C40-T16-R6-F6::G8169421,16,40,6
TD1996::TD-C40-T16-R6-F6::G8169431,16,40,6
TD1996::TD-C40-T16-R6-F6::G8169441,16,40,6
TD1996::TD-C40-T16-R6-F6::G8169451,16,40,6
TD1996::TD-C40-T16-R6-F6::G8169511,16,40,6
TD1996::TD-C40-T16-R6-F6::G8169521,16,40,6
TD1996::TD-C40-T16-R6-F6::G8169531,16,40,6
TD1996::TD-C40-T16-R6-F6::G8169541,16,40,6
TD1996::TD-C40-T16-R6-F6::G8169551,16,40,6
TD1996::TD-C40-T16-R6-F6::G8261111,16,40,6
TD1996::TD-C40-T16-R6-F6::G8261121,16,40,6
TD1996::TD-C40-T16-R6-F6::G8261131,16,40,6
TD1996::TD-C40-T16-R6-F6::G8261141,16,40,6
TD1996::TD-C40-T16-R6-F6::G8261151,16,40,6
TD1996::TD-C40-T16-R6-F6::G8261211,16,40,6
TD1996::TD-C40-T16-R6-F6::G8261221,16,40,6
TD1996::TD-C40-T16-R6-F6::G8261231,16,40,6
TD1996::TD-C40-T16-R6-F6::G8261241,16,40,6
TD1996::TD-C40-T16-R6-F6::G8261251,16,40,6
TD1996::TD-C40-T16-R6-F6::G8261311,16,40,6
TD1996::TD-C40-T16-R6-F6::G8261321,16,40,6
TD1996::TD-C40-T16-R6-F6::G8261331,16,40,6
TD1996::TD-C40-T16-R6-F6::G8261341,16,40,6
TD1996::TD-C40-T16-R6-F6::G8261351,16,40,6
TD1996::TD-C40-T16-R6-F6::G8261411,16,40,6
TD1996::TD-C40-T16-R6-F6::G8261421,16,40,6
TD1996::TD-C40-T16-R6-F6::G8261431,16,40,6
TD1996::TD-C40-T16-R6-F6::G8261441,16,40,6
TD1996::TD-C40-T16-R6-F6::G8261451,16,40,6
TD1996::TD-C40-T16-R6-F6::G8261511,16,40,6
TD1996::TD-C40-T16-R6-F6::G8261521,16,40,6
TD1996::TD-C40-T16-R6-F6::G8261531,16,40,6
TD1996::TD-C40-T16-R6-F6::G8261541,16,40,6
TD1996::TD-C40-T16-R6-F6::G8261551,16,40,6
TD1996::TD-C40-T16-R6-F6::G8265111,16,40,6
TD1996::TD-C40-T16-R6-F6::G8265121,16,40,6
TD1996::TD-C40-T16-R6-F6::G8265131,16,40,6
TD1996::TD-C40-T16-R6-F6::G8265141,16,40,6
TD1996::TD-C40-T16-R6-F6::G8265151,16,40,6
TD1996::TD-C40-T16-R6-F6::G8265211,16,40,6
TD1996::TD-C40-T16-R6-F6::G8265221,16,40,6
TD1996::TD-C40-T16-R6-F6::G8265231,16,40,6
TD1996::TD-C40-T16-R6-F6::G8265241,16,40,6
TD1996::TD-C40-T16-R6-F6::G8265251,16,40,6
TD1996::TD-C40-T16-R6-F6::G8265311,16,40,6
TD1996::TD-C40-T16-R6-F6::G8265321,16,40,6
TD1996::TD-C40-T16-R6-F6::G8265331,16,40,6
TD1996::TD-C40-T16-R6-F6::G8265341,16,40,6
TD1996::TD-C40-T16-R6-F6::G8265351,16,40,6
TD1996::TD-C40-T16-R6-F6::G8265411,16,40,6
TD1996::TD-C40-T16-R6-F6::G8265421,16,40,6
TD1996::TD-C40-T16-R6-F6::G8265431,16,40,6
TD1996::TD-C40-T16-R6-F6::G8265441,16,40,6
TD1996::TD-C40-T16-R6-F6::G8265451,16,40,6
TD1996::TD-C40-T16-R6-F6::G8265511,16,40,6
TD1996::TD-C40-T16-R6-F6::G8265521,16,40,6
TD1996::TD-C40-T16-R6-F6::G8265531,16,40,6
TD1996::TD-C40-T16-R6-F6::G8265541,16,40,6
TD1996::TD-C40-T16-R6-F6::G8265551,16,40,6
TD1996::TD-C40-T16-R6-F6::G8269111,16,40,6
TD1996::TD-C40-T16-R6-F6::G8269121,16,40,6
TD1996::TD-C40-T16-R6-F6::G8269131,16,40,6
TD1996::TD-C40-T16-R6-F6::G8269141,16,40,6
TD1996::TD-C40-T16-R6-F6::G8269151,16,40,6
TD1996::TD-C40-T16-R6-F6::G8269211,16,40,6
TD1996::TD-C40-T16-R6-F6::G8269221,16,40,6
TD1996::TD-C40-T16-R6-F6::G8269231,16,40,6
TD1996::TD-C40-T16-R6-F6::G8269241,16,40,6
TD1996::TD-C40-T16-R6-F6::G8269251,16,40,6
TD1996::TD-C40-T16-R6-F6::G8269311,16,40,6
TD1996::TD-C40-T16-R6-F6::G8269321,16,40,6
TD1996::TD-C40-T16-R6-F6::G8269331,16,40,6
TD1996::TD-C40-T16-R6-F6::G8269341,16,40,6
TD1996::TD-C40-T16-R6-F6::G8269351,16,40,6
TD1996::TD-C40-T16-R6-F6::G8269411,16,40,6
TD1996::TD-C40-T16-R6-F6::G8269421,16,40,6
TD1996::TD-C40-T16-R6-F6::G8269431,16,40,6
TD1996::TD-C40-T16-R6-F6::G8269441,16,40,6
TD1996::TD-C40-T16-R6-F6::G8269451,16,40,6
TD1996::TD-C40-T16-R6-F6::G8269511,16,40,6
TD1996::TD-C40-T16-R6-F6::G8269521,16,40,6
TD1996::TD-C40-T16-R6-F6::G8269531,16,40,6
TD1996::TD-C40-T16-R6-F6::G8269541,16,40,6
TD1996::TD-C40-T16-R6-F6::G8269551,16,40,6
TRIGEIRO1989::E::E1,15,6,1
TRIGEIRO1989::E::E10,15,6,1
TRIGEIRO1989::E::E11,15,6,1
TRIGEIRO1989::E::E12,15,6,1
TRIGEIRO1989::E::E13,15,6,1
TRIGEIRO1989::E::E14,15,6,1
TRIGEIRO1989::E::E15,15,6,1
TRIGEIRO1989::E::E16,15,6,1
TRIGEIRO1989::E::E17,15,6,1
TRIGEIRO1989::E::E18,15,6,1
TRIGEIRO1989::E::E19,15,6,1
TRIGEIRO1989::E::E2,15,6,1
TRIGEIRO1989::E::E20,15,6,1
TRIGEIRO1989::E::E21,15,6,1
TRIGEIRO1989::E::E22,15,6,1
TRIGEIRO1989::E::E23,15,6,1
TRIGEIRO1989::E::E24,15,6,1
TRIGEIRO1989::E::E25,15,6,1
TRIGEIRO1989::E::E26,15,6,1
TRIGEIRO1989::E::E27,15,6,1
TRIGEIRO1989::E::E28,15,6,1
TRIGEIRO1989::E::E29,15,6,1
TRIGEIRO1989::E::E3,15,6,1
TRIGEIRO1989::E::E30,15,6,1
TRIGEIRO1989::E::E31,15,6,1
TRIGEIRO1989::E::E32,15,6,1
TRIGEIRO1989::E::E33,15,6,1
TRIGEIRO1989::E::E34,15,6,1
TRIGEIRO1989::E::E35,15,6,1
TRIGEIRO1989::E::E36,15,6,1
TRIGEIRO1989::E::E37,15,6,1
TRIGEIRO1989::E::E38,15,6,1
TRIGEIRO1989::E::E39,15,6,1
TRIGEIRO1989::E::E4,15,6,1
TRIGEIRO1989::E::E40,15,6,1
TRIGEIRO1989::E::E41,15,6,1
TRIGEIRO1989::E::E42,15,6,1
TRIGEIRO1989::E::E43,15,6,1
TRIGEIRO1989::E::E44,15,6,1
TRIGEIRO1989::E::E45,15,6,1
TRIGEIRO1989::E::E46,15,6,1
TRIGEIRO1989::E::E47,15,6,1
TRIGEIRO1989::E::E48,15,6,1
TRIGEIRO1989::E::E49,15,6,1
TRIGEIRO1989::E::E5,15,6,1
TRIGEIRO1989::E::E50,15,6,1
TRIGEIRO1989::E::E51,15,6,1
TRIGEIRO1989::E::E53,15,6,1
TRIGEIRO1989::E::E54,15,6,1
TRIGEIRO1989::E::E55,15,6,1
TRIGEIRO1989::E::E56,15,6,1
TRIGEIRO1989::E::E57,15,6,1
TRIGEIRO1989::E::E59,15,6,1
TRIGEIRO1989::E::E6,15,6,1
TRIGEIRO1989::E::E60,15,6,1
TRIGEIRO1989::E::E7,15,6,1
TRIGEIRO1989::E::E8,15,6,1
TRIGEIRO1989::E::E9,15,6,1
TRIGEIRO1989::F::F1,15,6,1
TRIGEIRO1989::F::F10,15,6,1
TRIGEIRO1989::F::F11,15,6,1
TRIGEIRO1989::F::F12,15,6,1
TRIGEIRO1989::F::F13,15,6,1
TRIGEIRO1989::F::F14,15,6,1
TRIGEIRO1989::F::F15,15,6,1
TRIGEIRO1989::F::F16,15,6,1
TRIGEIRO1989::F::F17,15,6,1
TRIGEIRO1989::F::F18,15,6,1
TRIGEIRO1989::F::F19,15,6,1
TRIGEIRO1989::F::F2,15,6,1
TRIGEIRO1989::F::F20,15,6,1
TRIGEIRO1989::F::F21,15,6,1
TRIGEIRO1989::F::F22,15,6,1
TRIGEIRO1989::F::F23,15,6,1
TRIGEIRO1989::F::F24,15,6,1
TRIGEIRO1989::F::F25,15,6,1
TRIGEIRO1989::F::F26,15,6,1
TRIGEIRO1989::F::F27,15,6,1
TRIGEIRO1989::F::F28,15,6,1
TRIGEIRO1989::F::F29,15,6,1
TRIGEIRO1989::F::F3,15,6,1
TRIGEIRO1989::F::F30,15,6,1
TRIGEIRO1989::F::F31,15,6,1
TRIGEIRO1989::F::F32,15,6,1
TRIGEIRO1989::F::F33,15,6,1
TRIGEIRO1989::F::F34,15,6,1
TRIGEIRO1989::F::F35,15,6,1
TRIGEIRO1989::F::F36,15,6,1
TRIGEIRO1989::F::F37,15,6,1
TRIGEIRO1989::F::F38,15,6,1
TRIGEIRO1989::F::F39,15,6,1
TRIGEIRO1989::F::F4,15,6,1
TRIGEIRO1989::F::F40,15,6,1
TRIGEIRO1989::F::F41,15,6,1
TRIGEIRO1989::F::F42,15,6,1
TRIGEIRO1989::F::F43,15,6,1
TRIGEIRO1989::F::F44,15,6,1
TRIGEIRO1989::F::F45,15,6,1
TRIGEIRO1989::F::F46,15,6,1
TRIGEIRO1989::F::F47,15,6,1
TRIGEIRO1989::F::F48,15,6,1
TRIGEIRO1989::F::F49,15,6,1
TRIGEIRO1989::F::F5,15,6,1
TRIGEIRO1989::F::F50,15,6,1
TRIGEIRO1989::F::F51,15,6,1
TRIGEIRO1989::F::F52,15,6,1
TRIGEIRO1989::F::F53,15,6,1
TRIGEIRO1989::F::F54,15,6,1
TRIGEIRO1989::F::F55,15,6,1
TRIGEIRO1989::F::F56,15,6,1
TRIGEIRO1989::F::F57,15,6,1
TRIGEIRO1989::F::F58,15,6,1
TRIGEIRO1989::F::F59,15,6,1
TRIGEIRO1989::F::F6,15,6,1
TRIGEIRO1989::F::F60,15,6,1
TRIGEIRO1989::F::F61,15,6,1
TRIGEIRO1989::F::F62,15,6,1
TRIGEIRO1989::F::F63,15,6,1
TRIGEIRO1989::F::F64,15,6,1
TRIGEIRO1989::F::F65,15,6,1
TRIGEIRO1989::F::F66,15,6,1
TRIGEIRO1989::F::F67,15,6,1
TRIGEIRO1989::F::F68,15,6,1
TRIGEIRO1989::F::F69,15,6,1
TRIGEIRO1989::F::F7,15,6,1
TRIGEIRO1989::F::F70,15,6,1
TRIGEIRO1989::F::F8,15,6,1
TRIGEIRO1989::F::F9,15,6,1
TRIGEIRO1989::G::G1,15,6,1
TRIGEIRO1989::G::G10,15,6,1
TRIGEIRO1989::G::G11,15,6,1
TRIGEIRO1989::G::G13,15,6,1
TRIGEIRO1989::G::G14,15,6,1
TRIGEIRO1989::G::G16,15,6,1
TRIGEIRO1989::G::G17,15,6,1
TRIGEIRO1989::G::G18,15,6,1
TRIGEIRO1989::G::G19,15,6,1
TRIGEIRO1989::G::G2,15,6,1
TRIGEIRO1989::G::G20,15,6,1
TRIGEIRO1989::G::G21,15,6,1
TRIGEIRO1989::G::G22,15,6,1
TRIGEIRO1989::G::G23,15,6,1
TRIGEIRO1989::G::G24,15,6,1
TRIGEIRO1989::G::G25,15,6,1
TRIGEIRO1989::G::G26,15,6,1
TRIGEIRO1989::G::G27,15,6,1
TRIGEIRO1989::G::G28,15,6,1
TRIGEIRO1989::G::G29,15,6,1
TRIGEIRO1989::G::G3,15,6,1
TRIGEIRO1989::G::G30,15,6,1
TRIGEIRO1989::G::G31,15,6,1
TRIGEIRO1989::G::G32,15,6,1
TRIGEIRO1989::G::G33,15,6,1
TRIGEIRO1989::G::G34,15,6,1
TRIGEIRO1989::G::G35,15,6,1
TRIGEIRO1989::G::G36,15,6,1
TRIGEIRO1989::G::G37,15,6,1
TRIGEIRO1989::G::G38,15,6,1
TRIGEIRO1989::G::G39,15,6,1
TRIGEIRO1989::G::G4,15,6,1
TRIGEIRO1989::G::G40,15,6,1
TRIGEIRO1989::G::G42,15,6,1
TRIGEIRO1989::G::G44,15,6,1
TRIGEIRO1989::G::G45,15,6,1
TRIGEIRO1989::G::G46,15,6,1
TRIGEIRO1989::G::G47,15,6,1
TRIGEIRO1989::G::G48,15,6,1
TRIGEIRO1989::G::G49,15,6,1
TRIGEIRO1989::G::G5,15,6,1
TRIGEIRO1989::G::G50,15,6,1
TRIGEIRO1989::G::G51,15,12,1
TRIGEIRO1989::G::G52,15,12,1
TRIGEIRO1989::G::G53,15,12,1
TRIGEIRO1989::G::G54,15,12,1
TRIGEIRO1989::G::G55,15,12,1
TRIGEIRO1989::G::G56,15,24,1
TRIGEIRO1989::G::G57,15,24,1
TRIGEIRO1989::G::G58,15,24,1
TRIGEIRO1989::G::G59,15,24,1
TRIGEIRO1989::G::G6,15,6,1
TRIGEIRO1989::G::G60,15,24,1
TRIGEIRO1989::G::G61,30,6,1
TRIGEIRO1989::G::G62,30,6,1
TRIGEIRO1989::G::G63,30,6,1
TRIGEIRO1989::G::G64,30,6,1
TRIGEIRO1989::G::G65,30,6,1
TRIGEIRO1989::G::G66,30,12,1
TRIGEIRO1989::G::G67,30,12,1
TRIGEIRO1989::G::G68,30,12,1
TRIGEIRO1989::G::G69,30,12,1
TRIGEIRO1989::G::G7,15,6,1
TRIGEIRO1989::G::G70,30,12,1
TRIGEIRO1989::G::G71,30,24,1
TRIGEIRO1989::G::G72,30,24,1
TRIGEIRO1989::G::G73,30,24,1
TRIGEIRO1989::G::G74,30,24,1
TRIGEIRO1989::G::G75,30,24,1
TRIGEIRO1989::G::G8,15,6,1
TRIGEIRO1989::G::G9,15,6,1
TRIGEIRO1989::W::W13,15,4,1
TRIGEIRO1989::W::W14,15,4,1
TRIGEIRO1989::W::W15,15,4,1
TRIGEIRO1989::W::W16,15,4,1
TRIGEIRO1989::W::W17,15,4,1
TRIGEIRO1989::W::W18,15,4,1
TRIGEIRO1989::W::W19,15,8,1
TRIGEIRO1989::W::W20,15,8,1
TRIGEIRO1989::W::W21,15,8,1
TRIGEIRO1989::W::W22,15,8,1
TRIGEIRO1989::W::W23,15,8,1
TRIGEIRO1989::W::W24,15,8,1
TRIGEIRO1989::X::X11117A,20,10,1
TRIGEIRO1989::X::X11117B,20,10,1
TRIGEIRO1989::X::X11117C,20,10,1
TRIGEIRO1989::X::X11117D,20,10,1
TRIGEIRO1989::X::X11117E,20,10,1
TRIGEIRO1989::X::X11118A,20,10,1
TRIGEIRO1989::X::X11118B,20,10,1
TRIGEIRO1989::X::X11118C,20,10,1
TRIGEIRO1989::X::X11118D,20,10,1
TRIGEIRO1989::X::X11118E,20,10,1
TRIGEIRO1989::X::X11119A,20,10,1
TRIGEIRO1989::X::X11119B,20,10,1
TRIGEIRO1989::X::X11119C,20,10,1
TRIGEIRO1989::X::X11119D,20,10,1
TRIGEIRO1989::X::X11119E,20,10,1
TRIGEIRO1989::X::X11127,20,10,1
TRIGEIRO1989::X::X11127B,20,10,1
TRIGEIRO1989::X::X11127C,20,10,1
TRIGEIRO1989::X::X11127D,20,10,1
TRIGEIRO1989::X::X11127E,20,10,1
TRIGEIRO1989::X::X11128A,20,10,1
TRIGEIRO1989::X::X11128B,20,10,1
TRIGEIRO1989::X::X11128C,20,10,1
TRIGEIRO1989::X::X11128D,20,10,1
TRIGEIRO1989::X::X11128E,20,10,1
TRIGEIRO1989::X::X11129A,20,10,1
TRIGEIRO1989::X::X11129B,20,10,1
TRIGEIRO1989::X::X11129C,20,10,1
TRIGEIRO1989::X::X11129D,20,10,1
TRIGEIRO1989::X::X11129E,20,10,1
TRIGEIRO1989::X::X11217A,20,10,1
TRIGEIRO1989::X::X11217B,20,10,1
TRIGEIRO1989::X::X11217C,20,10,1
TRIGEIRO1989::X::X11217D,20,10,1
TRIGEIRO1989::X::X11217E,20,10,1
TRIGEIRO1989::X::X11218A,20,10,1
TRIGEIRO1989::X::X11218B,20,10,1
TRIGEIRO1989::X::X11218C,20,10,1
TRIGEIRO1989::X::X11218D,20,10,1
TRIGEIRO1989::X::X11218E,20,10,1
TRIGEIRO1989::X::X11219A,20,10,1
TRIGEIRO1989::X::X11219B,20,10,1
TRIGEIRO1989::X::X11219C,20,10,1
TRIGEIRO1989::X::X11219D,20,10,1
TRIGEIRO1989::X::X11219E,20,10,1
TRIGEIRO1989::X::X11227A,20,10,1
TRIGEIRO1989::X::X11227B,20,10,1
TRIGEIRO1989::X::X11227C,20,10,1
TRIGEIRO1989::X::X11227D,20,10,1
TRIGEIRO1989::X::X11227E,20,10,1
TRIGEIRO1989::X::X11228A,20,10,1
TRIGEIRO1989::X::X11228B,20,10,1
TRIGEIRO1989::X::X11228C,20,10,1
TRIGEIRO1989::X::X11228D,20,10,1
TRIGEIRO1989::X::X11228E,20,10,1
TRIGEIRO1989::X::X11229A,20,10,1
TRIGEIRO1989::X::X11229B,20,10,1
TRIGEIRO1989::X::X11229C,20,10,1
TRIGEIRO1989::X::X11229D,20,10,1
TRIGEIRO1989::X::X11229E,20,10,1
TRIGEIRO1989::X::X11417A,20,10,1
TRIGEIRO1989::X::X11417B,20,10,1
TRIGEIRO1989::X::X11417C,20,10,1
TRIGEIRO1989::X::X11417D,20,10,1
TRIGEIRO1989::X::X11417E,20,10,1
TRIGEIRO1989::X::X11418A,20,10,1
TRIGEIRO1989::X::X11418B,20,10,1
TRIGEIRO1989::X::X11418C,20,10,1
TRIGEIRO1989::X::X11418D,20,10,1
TRIGEIRO1989::X::X11418E,20,10,1
TRIGEIRO1989::X::X11419A,20,10,1
TRIGEIRO1989::X::X11419B,20,10,1
TRIGEIRO1989::X::X11419C,20,10,1
TRIGEIRO1989::X::X11419D,20,10,1
TRIGEIRO1989::X::X11419E,20,10,1
TRIGEIRO1989::X::X11427A,20,10,1
TRIGEIRO1989::X::X11427B,20,10,1
TRIGEIRO1989::X::X11427C,20,10,1
TRIGEIRO1989::X::X11427D,20,10,1
TRIGEIRO1989::X::X11427E,20,10,1
TRIGEIRO1989::X::X11428A,20,10,1
TRIGEIRO1989::X::X11428B,20,10,1
TRIGEIRO1989::X::X11428C,20,10,1
TRIGEIRO1989::X::X11428D,20,10,1
TRIGEIRO1989::X::X11428E,20,10,1
TRIGEIRO1989::X::X11429A,20,10,1
TRIGEIRO1989::X::X11429B,20,10,1
TRIGEIRO1989::X::X11429C,20,10,1
TRIGEIRO1989::X::X11429D,20,10,1
TRIGEIRO1989::X::X11429E,20,10,1
TRIGEIRO1989::X::X12117A,20,10,1
TRIGEIRO1989::X::X12117B,20,10,1
TRIGEIRO1989::X::X12117C,20,10,1
TRIGEIRO1989::X::X12117D,20,10,1
TRIGEIRO1989::X::X12117E,20,10,1
TRIGEIRO1989::X::X12118A,20,10,1
TRIGEIRO1989::X::X12118B,20,10,1
TRIGEIRO1989::X::X12118C,20,10,1
TRIGEIRO1989::X::X12118D,20,10,1
TRIGEIRO1989::X::X12118E,20,10,1
TRIGEIRO1989::X::X12119A,20,10,1
TRIGEIRO1989::X::X12119B,20,10,1
TRIGEIRO1989::X::X12119C,20,10,1
TRIGEIRO1989::X::X12119D,20,10,1
TRIGEIRO1989::X::X12119E,20,10,1
TRIGEIRO1989::X::X12127A,20,10,1
TRIGEIRO1989::X::X12127B,20,10,1
TRIGEIRO1989::X::X12127C,20,10,1
TRIGEIRO1989::X::X12127D,20,10,1
TRIGEIRO1989::X::X12127E,20,10,1
TRIGEIRO1989::X::X12128A,20,10,1
TRIGEIRO1989::X::X12128B,20,10,1
TRIGEIRO1989::X::X12128C,20,10,1
TRIGEIRO1989::X::X12128D,20,10,1
TRIGEIRO1989::X::X12128E,20,10,1
TRIGEIRO1989::X::X12129A,20,10,1
TRIGEIRO1989::X::X12129B,20,10,1
TRIGEIRO1989::X::X12129C,20,10,1
TRIGEIRO1989::X::X12129D,20,10,1
TRIGEIRO1989::X::X12129E,20,10,1
TRIGEIRO1989::X::X12217A,20,10,1
TRIGEIRO1989::X::X12217B,20,10,1
TRIGEIRO1989::X::X12217C,20,10,1
TRIGEIRO1989::X::X12217D,20,10,1
TRIGEIRO1989::X::X12217E,20,10,1
TRIGEIRO1989::X::X12218A,20,10,1
TRIGEIRO1989::X::X12218B,20,10,1
TRIGEIRO1989::X::X12218C,20,10,1
TRIGEIRO1989::X::X12218D,20,10,1
TRIGEIRO1989::X::X12218E,20,10,1
TRIGEIRO1989::X::X12219A,20,10,1
TRIGEIRO1989::X::X12219B,20,10,1
TRIGEIRO1989::X::X12219C,20,10,1
TRIGEIRO1989::X::X12219D,20,10,1
TRIGEIRO1989::X::X12219E,20,10,1
TRIGEIRO1989::X::X12227A,20,10,1
TRIGEIRO1989::X::X12227B,20,10,1
TRIGEIRO1989::X::X12227C,20,10,1
TRIGEIRO1989::X::X12227D,20,10,1
TRIGEIRO1989::X::X12227E,20,10,1
TRIGEIRO1989::X::X12228A,20,10,1
TRIGEIRO1989::X::X12228B,20,10,1
TRIGEIRO1989::X::X12228C,20,10,1
TRIGEIRO1989::X::X12228D,20,10,1
TRIGEIRO1989::X::X12228E,20,10,1
TRIGEIRO1989::X::X12229A,20,10,1
TRIGEIRO1989::X::X12229B,20,10,1
TRIGEIRO1989::X::X12229C,20,10,1
TRIGEIRO1989::X::X12229D,20,10,1
TRIGEIRO1989::X::X12229E,20,10,1
TRIGEIRO1989::X::X12417A,20,10,1
TRIGEIRO1989::X::X12417B,20,10,1
TRIGEIRO1989::X::X12417C,20,10,1
TRIGEIRO1989::X::X12417D,20,10,1
TRIGEIRO1989::X::X12417E,20,10,1
TRIGEIRO1989::X::X12418A,20,10,1
TRIGEIRO1989::X::X12418B,20,10,1
TRIGEIRO1989::X::X12418C,20,10,1
TRIGEIRO1989::X::X12418D,20,10,1
TRIGEIRO1989::X::X12418E,20,10,1
TRIGEIRO1989::X::X12419A,20,10,1
TRIGEIRO1989::X::X12419B,20,10,1
TRIGEIRO1989::X::X12419C,20,10,1
TRIGEIRO1989::X::X12419D,20,10,1
TRIGEIRO1989::X::X12419E,20,10,1
TRIGEIRO1989::X::X12427A,20,10,1
TRIGEIRO1989::X::X12427B,20,10,1
TRIGEIRO1989::X::X12427C,20,10,1
TRIGEIRO1989::X::X12427D,20,10,1
TRIGEIRO1989::X::X12427E,20,10,1
TRIGEIRO1989::X::X12428A,20,10,1
TRIGEIRO1989::X::X12428B,20,10,1
TRIGEIRO1989::X::X12428C,20,10,1
TRIGEIRO1989::X::X12428D,20,10,1
TRIGEIRO1989::X::X12428E,20,10,1
TRIGEIRO1989::X::X12429A,20,10,1
TRIGEIRO1989::X::X12429B,20,10,1
TRIGEIRO1989::X::X12429C,20,10,1
TRIGEIRO1989::X::X12429D,20,10,1
TRIGEIRO1989::X::X12429E,20,10,1
TRIGEIRO1989::X::X21117A,20,20,1
TRIGEIRO1989::X::X21117B,20,20,1
TRIGEIRO1989::X::X21117C,20,20,1
TRIGEIRO1989::X::X21117D,20,20,1
TRIGEIRO1989::X::X21117E,20,20,1
TRIGEIRO1989::X::X21118A,20,20,1
TRIGEIRO1989::X::X21118B,20,20,1
TRIGEIRO1989::X::X21118C,20,20,1
TRIGEIRO1989::X::X21118D,20,20,1
TRIGEIRO1989::X::X21118E,20,20,1
TRIGEIRO1989::X::X21119A,20,20,1
TRIGEIRO1989::X::X21119B,20,20,1
TRIGEIRO1989::X::X21119C,20,20,1
TRIGEIRO1989::X::X21119D,20,20,1
TRIGEIRO1989::X::X21119E,20,20,1
TRIGEIRO1989::X::X21127A,20,20,1
TRIGEIRO1989::X::X21127B,20,20,1
TRIGEIRO1989::X::X21127C,20,20,1
TRIGEIRO1989::X::X21127D,20,20,1
TRIGEIRO1989::X::X21127E,20,20,1
TRIGEIRO1989::X::X21128A,20,20,1
TRIGEIRO1989::X::X21128B,20,20,1
TRIGEIRO1989::X::X21128C,20,20,1
TRIGEIRO1989::X::X21128D,20,20,1
TRIGEIRO1989::X::X21128E,20,20,1
TRIGEIRO1989::X::X21129A,20,20,1
TRIGEIRO1989::X::X21129B,20,20,1
TRIGEIRO1989::X::X21129C,20,20,1
TRIGEIRO1989::X::X21129D,20,20,1
TRIGEIRO1989::X::X21129E,20,20,1
TRIGEIRO1989::X::X21217A,20,20,1
TRIGEIRO1989::X::X21217B,20,20,1
TRIGEIRO1989::X::X21217C,20,20,1
TRIGEIRO1989::X::X21217D,20,20,1
TRIGEIRO1989::X::X21217E,20,20,1
TRIGEIRO1989::X::X21218A,20,20,1
TRIGEIRO1989::X::X21218B,20,20,1
TRIGEIRO1989::X::X21218C,20,20,1
TRIGEIRO1989::X::X21218D,20,20,1
TRIGEIRO1989::X::X21218E,20,20,1
TRIGEIRO1989::X::X21219A,20,20,1
TRIGEIRO1989::X::X21219B,20,20,1
TRIGEIRO1989::X::X21219C,20,20,1
TRIGEIRO1989::X::X21219D,20,20,1
TRIGEIRO1989::X::X21219E,20,20,1
TRIGEIRO1989::X::X21227A,20,20,1
TRIGEIRO1989::X::X21227B,20,20,1
TRIGEIRO1989::X::X21227C,20,20,1
TRIGEIRO1989::X::X21227D,20,20,1
TRIGEIRO1989::X::X21227E,20,20,1
TRIGEIRO1989::X::X21228A,20,20,1
TRIGEIRO1989::X::X21228B,20,20,1
TRIGEIRO1989::X::X21228C,20,20,1
TRIGEIRO1989::X::X21228D,20,20,1
TRIGEIRO1989::X::X21228E,20,20,1
TRIGEIRO1989::X::X21229A,20,20,1
TRIGEIRO1989::X::X21229B,20,20,1
TRIGEIRO1989::X::X21229C,20,20,1
TRIGEIRO1989::X::X21229D,20,20,1
TRIGEIRO1989::X::X21229E,20,20,1
TRIGEIRO1989::X::X21417A,20,20,1
TRIGEIRO1989::X::X21417B,20,20,1
TRIGEIRO1989::X::X21417C,20,20,1
TRIGEIRO1989::X::X21417D,20,20,1
TRIGEIRO1989::X::X21417E,20,20,1
TRIGEIRO1989::X::X21418A,20,20,1
TRIGEIRO1989::X::X21418B,20,20,1
TRIGEIRO1989::X::X21418C,20,20,1
TRIGEIRO1989::X::X21418D,20,20,1
TRIGEIRO1989::X::X21418E,20,20,1
TRIGEIRO1989::X::X21419A,20,20,1
TRIGEIRO1989::X::X21419B,20,20,1
TRIGEIRO1989::X::X21419C,20,20,1
TRIGEIRO1989::X::X21419D,20,20,1
TRIGEIRO1989::X::X21419E,20,20,1
TRIGEIRO1989::X::X21427A,20,20,1
TRIGEIRO1989::X::X21427B,20,20,1
TRIGEIRO1989::X::X21427C,20,20,1
TRIGEIRO1989::X::X21427D,20,20,1
TRIGEIRO1989::X::X21427E,20,20,1
TRIGEIRO1989::X::X21428A,20,20,1
TRIGEIRO1989::X::X21428B,20,20,1
TRIGEIRO1989::X::X21428C,20,20,1
TRIGEIRO1989::X::X21428D,20,20,1
TRIGEIRO1989::X::X21428E,20,20,1
TRIGEIRO1989::X::X21429A,20,20,1
TRIGEIRO1989::X::X21429B,20,20,1
TRIGEIRO1989::X::X21429C,20,20,1
TRIGEIRO1989::X::X21429D,20,20,1
TRIGEIRO1989::X::X21429E,20,20,1
TRIGEIRO1989::X::X22117A,20,20,1
TRIGEIRO1989::X::X22117B,20,20,1
TRIGEIRO1989::X::X22117C,20,20,1
TRIGEIRO1989::X::X22117D,20,20,1
TRIGEIRO1989::X::X22117E,20,20,1
TRIGEIRO1989::X::X22118A,20,20,1
TRIGEIRO1989::X::X22118B,20,20,1
TRIGEIRO1989::X::X22118C,20,20,1
TRIGEIRO1989::X::X22118D,20,20,1
TRIGEIRO1989::X::X22118E,20,20,1
TRIGEIRO1989::X::X22119A,20,20,1
TRIGEIRO1989::X::X22119B,20,20,1
TRIGEIRO1989::X::X22119C,20,20,1
TRIGEIRO1989::X::X22119D,20,20,1
TRIGEIRO1989::X::X22119E,20,20,1
TRIGEIRO1989::X::X22127A,20,20,1
TRIGEIRO1989::X::X22127B,20,20,1
TRIGEIRO1989::X::X22127C,20,20,1
TRIGEIRO1989::X::X22127D,20,20,1
TRIGEIRO1989::X::X22127E,20,20,1
TRIGEIRO1989::X::X22128A,20,20,1
TRIGEIRO1989::X::X22128B,20,20,1
TRIGEIRO1989::X::X22128C,20,20,1
TRIGEIRO1989::X::X22128D,20,20,1
TRIGEIRO1989::X::X22128E,20,20,1
TRIGEIRO1989::X::X22129A,20,20,1
TRIGEIRO1989::X::X22129B,20,20,1
TRIGEIRO1989::X::X22129C,20,20,1
TRIGEIRO1989::X::X22129D,20,20,1
TRIGEIRO1989::X::X22129E,20,20,1
TRIGEIRO1989::X::X22217A,20,20,1
TRIGEIRO1989::X::X22217B,20,20,1
TRIGEIRO1989::X::X22217C,20,20,1
TRIGEIRO1989::X::X22217D,20,20,1
TRIGEIRO1989::X::X22217E,20,20,1
TRIGEIRO1989::X::X22218A,20,20,1
TRIGEIRO1989::X::X22218B,20,20,1
TRIGEIRO1989::X::X22218C,20,20,1
TRIGEIRO1989::X::X22218D,20,20,1
TRIGEIRO1989::X::X22218E,20,20,1
TRIGEIRO1989::X::X22219A,20,20,1
TRIGEIRO1989::X::X22219B,20,20,1
TRIGEIRO1989::X::X22219C,20,20,1
TRIGEIRO1989::X::X22219D,20,20,1
TRIGEIRO1989::X::X22219E,20,20,1
TRIGEIRO1989::X::X22227A,20,20,1
TRIGEIRO1989::X::X22227B,20,20,1
TRIGEIRO1989::X::X22227C,20,20,1
TRIGEIRO1989::X::X22227D,20,20,1
TRIGEIRO1989::X::X22227E,20,20,1
TRIGEIRO1989::X::X22228A,20,20,1
TRIGEIRO1989::X::X22228B,20,20,1
TRIGEIRO1989::X::X22228C,20,20,1
TRIGEIRO1989::X::X22228D,20,20,1
TRIGEIRO1989::X::X22228E,20,20,1
TRIGEIRO1989::X::X22229A,20,20,1
TRIGEIRO1989::X::X22229B,20,20,1
TRIGEIRO1989::X::X22229C,20,20,1
TRIGEIRO1989::X::X22229D,20,20,1
TRIGEIRO1989::X::X22229E,20,20,1
TRIGEIRO1989::X::X22417A,20,20,1
TRIGEIRO1989::X::X22417B,20,20,1
TRIGEIRO1989::X::X22417C,20,20,1
TRIGEIRO1989::X::X22417D,20,20,1
TRIGEIRO1989::X::X22417E,20,20,1
TRIGEIRO1989::X::X22418A,20,20,1
TRIGEIRO1989::X::X22418B,20,20,1
TRIGEIRO1989::X::X22418C,20,20,1
TRIGEIRO1989::X::X22418D,20,20,1
TRIGEIRO1989::X::X22418E,20,20,1
TRIGEIRO1989::X::X22419A,20,20,1
TRIGEIRO1989::X::X22419B,20,20,1
TRIGEIRO1989::X::X22419C,20,20,1
TRIGEIRO1989::X::X22419D,20,20,1
TRIGEIRO1989::X::X22419E,20,20,1
TRIGEIRO1989::X::X22427A,20,20,1
TRIGEIRO1989::X::X22427B,20,20,1
TRIGEIRO1989::X::X22427C,20,20,1
TRIGEIRO1989::X::X22427D,20,20,1
TRIGEIRO1989::X::X22427E,20,20,1
TRIGEIRO1989::X::X22428A,20,20,1
TRIGEIRO1989::X::X22428B,20,20,1
TRIGEIRO1989::X::X22428C,20,20,1
TRIGEIRO1989::X::X22428D,20,20,1
TRIGEIRO1989::X::X22428E,20,20,1
TRIGEIRO1989::X::X22429A,20,20,1
TRIGEIRO1989::X::X22429B,20,20,1
TRIGEIRO1989::X::X22429C,20,20,1
TRIGEIRO1989::X::X22429D,20,20,1
TRIGEIRO1989::X::X22429E,20,20,1
TRIGEIRO1989::X::X31117A,20,30,1
TRIGEIRO1989::X::X31117B,20,30,1
TRIGEIRO1989::X::X31117C,20,30,1
TRIGEIRO1989::X::X31117D,20,30,1
TRIGEIRO1989::X::X31117E,20,30,1
TRIGEIRO1989::X::X31118A,20,30,1
TRIGEIRO1989::X::X31118B,20,30,1
TRIGEIRO1989::X::X31118C,20,30,1
TRIGEIRO1989::X::X31118D,20,30,1
TRIGEIRO1989::X::X31118E,20,30,1
TRIGEIRO1989::X::X31119A,20,30,1
TRIGEIRO1989::X::X31119B,20,30,1
TRIGEIRO1989::X::X31119C,20,30,1
TRIGEIRO1989::X::X31119D,20,30,1
TRIGEIRO1989::X::X31119E,20,30,1
TRIGEIRO1989::X::X31127A,20,30,1
TRIGEIRO1989::X::X31127B,20,30,1
TRIGEIRO1989::X::X31127C,20,30,1
TRIGEIRO1989::X::X31127D,20,30,1
TRIGEIRO1989::X::X31127E,20,30,1
TRIGEIRO1989::X::X31128A,20,30,1
TRIGEIRO1989::X::X31128B,20,30,1
TRIGEIRO1989::X::X31128C,20,30,1
TRIGEIRO1989::X::X31128D,20,30,1
TRIGEIRO1989::X::X31128E,20,30,1
TRIGEIRO1989::X::X31129A,20,30,1
TRIGEIRO1989::X::X31129B,20,30,1
TRIGEIRO1989::X::X31129C,20,30,1
TRIGEIRO1989::X::X31129D,20,30,1
TRIGEIRO1989::X::X31129E,20,30,1
TRIGEIRO1989::X::X31217A,20,30,1
TRIGEIRO1989::X::X31217B,20,30,1
TRIGEIRO1989::X::X31217C,20,30,1
TRIGEIRO1989::X::X31217D,20,30,1
TRIGEIRO1989::X::X31217E,20,30,1
TRIGEIRO1989::X::X31218A,20,30,1
TRIGEIRO1989::X::X31218B,20,30,1
TRIGEIRO1989::X::X31218C,20,30,1
TRIGEIRO1989::X::X31218D,20,30,1
TRIGEIRO1989::X::X31218E,20,30,1
TRIGEIRO1989::X::X31219A,20,30,1
TRIGEIRO1989::X::X31219B,20,30,1
TRIGEIRO1989::X::X31219C,20,30,1
TRIGEIRO1989::X::X31219D,20,30,1
TRIGEIRO1989::X::X31219E,20,30,1
TRIGEIRO1989::X::X31227A,20,30,1
TRIGEIRO1989::X::X31227B,20,30,1
TRIGEIRO1989::X::X31227C,20,30,1
TRIGEIRO1989::X::X31227D,20,30,1
TRIGEIRO1989::X::X31227E,20,30,1
TRIGEIRO1989::X::X31228A,20,30,1
TRIGEIRO1989::X::X31228B,20,30,1
TRIGEIRO1989::X::X31228C,20,30,1
TRIGEIRO1989::X::X31228D,20,30,1
TRIGEIRO1989::X::X31228E,20,30,1
TRIGEIRO1989::X::X31229A,20,30,1
TRIGEIRO1989::X::X31229B,20,30,1
TRIGEIRO1989::X::X31229C,20,30,1
TRIGEIRO1989::X::X31229D,20,30,1
TRIGEIRO1989::X::X31229E,20,30,1
TRIGEIRO1989::X::X31417A,20,30,1
TRIGEIRO1989::X::X31417B,20,30,1
TRIGEIRO1989::X::X31417C,20,30,1
TRIGEIRO1989::X::X31417D,20,30,1
TRIGEIRO1989::X::X31417E,20,30,1
TRIGEIRO1989::X::X31418A,20,30,1
TRIGEIRO1989::X::X31418B,20,30,1
TRIGEIRO1989::X::X31418C,20,30,1
TRIGEIRO1989::X::X31418D,20,30,1
TRIGEIRO1989::X::X31418E,20,30,1
TRIGEIRO1989::X::X31419A,20,30,1
TRIGEIRO1989::X::X31419B,20,30,1
TRIGEIRO1989::X::X31419C,20,30,1
TRIGEIRO1989::X::X31419D,20,30,1
TRIGEIRO1989::X::X31419E,20,30,1
TRIGEIRO1989::X::X31427A,20,30,1
TRIGEIRO1989::X::X31427B,20,30,1
TRIGEIRO1989::X::X31427C,20,30,1
TRIGEIRO1989::X::X31427D,20,30,1
TRIGEIRO1989::X::X31427E,20,30,1
TRIGEIRO1989::X::X31428A,20,30,1
TRIGEIRO1989::X::X31428B,20,30,1
TRIGEIRO1989::X::X31428C,20,30,1
TRIGEIRO1989::X::X31428D,20,30,1
TRIGEIRO1989::X::X31428E,20,30,1
TRIGEIRO1989::X::X31429A,20,30,1
TRIGEIRO1989::X::X31429B,20,30,1
TRIGEIRO1989::X::X31429C,20,30,1
TRIGEIRO1989::X::X31429D,20,30,1
TRIGEIRO1989::X::X31429E,20,30,1
TRIGEIRO1989::X::X32117A,20,30,1
TRIGEIRO1989::X::X32117B,20,30,1
TRIGEIRO1989::X::X32117C,20,30,1
TRIGEIRO1989::X::X32117D,20,30,1
TRIGEIRO1989::X::X32117E,20,30,1
TRIGEIRO1989::X::X32118A,20,30,1
TRIGEIRO1989::X::X32118B,20,30,1
TRIGEIRO1989::X::X32118C,20,30,1
TRIGEIRO1989::X::X32118D,20,30,1
TRIGEIRO1989::X::X32118E,20,30,1
TRIGEIRO1989::X::X32119A,20,30,1
TRIGEIRO1989::X::X32119B,20,30,1
TRIGEIRO1989::X::X32119C,20,30,1
TRIGEIRO1989::X::X32119D,20,30,1
TRIGEIRO1989::X::X32119E,20,30,1
TRIGEIRO1989::X::X32127A,20,30,1
TRIGEIRO1989::X::X32127B,20,30,1
TRIGEIRO1989::X::X32127C,20,30,1
TRIGEIRO1989::X::X32127D,20,30,1
TRIGEIRO1989::X::X32127E,20,30,1
TRIGEIRO1989::X::X32128A,20,30,1
TRIGEIRO1989::X::X32128B,20,30,1
TRIGEIRO1989::X::X32128C,20,30,1
TRIGEIRO1989::X::X32128D,20,30,1
TRIGEIRO1989::X::X32128E,20,30,1
TRIGEIRO1989::X::X32129A,20,30,1
TRIGEIRO1989::X::X32129B,20,30,1
TRIGEIRO1989::X::X32129C,20,30,1
TRIGEIRO1989::X::X32129D,20,30,1
TRIGEIRO1989::X::X32129E,20,30,1
TRIGEIRO1989::X::X32217A,20,30,1
TRIGEIRO1989::X::X32217B,20,30,1
TRIGEIRO1989::X::X32217C,20,30,1
TRIGEIRO1989::X::X32217D,20,30,1
TRIGEIRO1989::X::X32217E,20,30,1
TRIGEIRO1989::X::X32218A,20,30,1
TRIGEIRO1989::X::X32218B,20,30,1
TRIGEIRO1989::X::X32218C,20,30,1
TRIGEIRO1989::X::X32218D,20,30,1
TRIGEIRO1989::X::X32218E,20,30,1
TRIGEIRO1989::X::X32219A,20,30,1
TRIGEIRO1989::X::X32219B,20,30,1
TRIGEIRO1989::X::X32219C,20,30,1
TRIGEIRO1989::X::X32219D,20,30,1
TRIGEIRO1989::X::X32219E,20,30,1
TRIGEIRO1989::X::X32227A,20,30,1
TRIGEIRO1989::X::X32227B,20,30,1
TRIGEIRO1989::X::X32227C,20,30,1
TRIGEIRO1989::X::X32227D,20,30,1
TRIGEIRO1989::X::X32227E,20,30,1
TRIGEIRO1989::X::X32228A,20,30,1
TRIGEIRO1989::X::X32228B,20,30,1
TRIGEIRO1989::X::X32228C,20,30,1
TRIGEIRO1989::X::X32228D,20,30,1
TRIGEIRO1989::X::X32228E,20,30,1
TRIGEIRO1989::X::X32229A,20,30,1
TRIGEIRO1989::X::X32229B,20,30,1
TRIGEIRO1989::X::X32229C,20,30,1
TRIGEIRO1989::X::X32229D,20,30,1
TRIGEIRO1989::X::X32229E,20,30,1
TRIGEIRO1989::X::X32417A,20,30,1
TRIGEIRO1989::X::X32417B,20,30,1
TRIGEIRO1989::X::X32417C,20,30,1
TRIGEIRO1989::X::X32417D,20,30,1
TRIGEIRO1989::X::X32417E,20,30,1
TRIGEIRO1989::X::X32418A,20,30,1
TRIGEIRO1989::X::X32418B,20,30,1
TRIGEIRO1989::X::X32418C,20,30,1
TRIGEIRO1989::X::X32418D,20,30,1
TRIGEIRO1989::X::X32418E,20,30,1
TRIGEIRO1989::X::X32419A,20,30,1
TRIGEIRO1989::X::X32419B,20,30,1
TRIGEIRO1989::X::X32419C,20,30,1
TRIGEIRO1989::X::X32419D,20,30,1
TRIGEIRO1989::X::X32419E,20,30,1
TRIGEIRO1989::X::X32427A,20,30,1
TRIGEIRO1989::X::X32427B,20,30,1
TRIGEIRO1989::X::X32427C,20,30,1
TRIGEIRO1989::X::X32427D,20,30,1
TRIGEIRO1989::X::X32427E,20,30,1
TRIGEIRO1989::X::X32428A,20,30,1
TRIGEIRO1989::X::X32428B,20,30,1
TRIGEIRO1989::X::X32428C,20,30,1
TRIGEIRO1989::X::X32428D,20,30,1
TRIGEIRO1989::X::X32428E,20,30,1
TRIGEIRO1989::X::X32429A,20,30,1
TRIGEIRO1989::X::X32429B,20,30,1
TRIGEIRO1989::X::X32429C,20,30,1
TRIGEIRO1989::X::X32429D,20,30,1
TRIGEIRO1989::X::X32429E,20,30,1
EM1987::EM-100x10::MARTIN10,10,100,1
EM1987::EM-100x10::MARTIN11,10,100,1
EM1987::EM-100x10::MARTIN12,10,100,1
EM1987::EM-100x10::MARTIN13,10,100,1
EM1987::EM-100x10::MARTIN14,10,100,1
EM1987::EM-100x10::MARTIN15,10,100,1
EM1987::EM-100x10::MARTIN16,10,100,1
EM1987::EM-100x8::MARTIN6,8,100,1
EM1987::EM-150x8::MARTIN7,8,150,1
EM1987::EM-200x10::MARTIN17,10,200,1
EM1987::EM-200x8::MARTIN8,8,200,1
EM1987::EM-20x13::MARTIN9,13,20,1
EM1987::EM-50x8::MARTIN5,8,50,1
EM1987::EM-8x8::MARTIN1,8,8,1
EM1987::EM-8x8::MARTIN2,8,8,1
EM1987::EM-8x8::MARTIN3,8,8,1
EM1987::EM-8x8::MARTIN4,8,8,1
